Bank,Account Number,Loan Type,Investor Code,Borrower,Property Address,Property Type,Product Line,State,Occup Code,Stop Code,Account Officer,Loan Closing Date,Maturity Date,Next Payment Due Date,Payment Due Amount,Delinquency Type,# Days Past Due,Total Bank Balance,Charge off Amount,Orig Appraisal Amount,Orig Appraisal Date,Appraisal Value,Appraisal Date,FICO,Total LTV,Last Payment Received Date,Last Payment Received Amount,Suspense Balance,DDA/Sav Acct#,DDA/Sav Account Balance,Latest Contact Date,Latest Attempt Date,Resp 5/9
East West Bank,EWB-1000001,Conventional,PRIV,Borrower 1,"824 Main St, Unit 40",Residential Property (1-4 Units),HE1,MA,1,LEG,Lisa Williams,2023-11-28,2053-11-20,2026-04-21,3496,Current,0,278043,0,423538,2023-10-29,437535,2024-10-24,714,63.55,2026-02-07,2852,168,SAV-30474,43841,2026-03-19,2026-03-21,NA
East West Bank,EWB-1000002,Equity,FHLMC,Borrower 2,"218 Main St, Unit 41",Residential Property (1-4 Units),CR1,NY,4,SII,Richard Davis,2023-06-16,2053-06-08,2026-04-21,3887,Current,0,317932,0,623254,2023-05-17,779386,2025-05-23,668,40.79,2026-01-27,3250,409,SAV-59264,16743,2026-03-20,2026-03-17,Y
East West Bank,EWB-1000003,Foreign National,FNMA,Borrower 3,"2001 Main St, Unit 27",Residential Property (1-4 Units),HE1,WA,2,SII,Sarah Jenkins,2023-11-23,2053-11-15,2026-04-21,3515,90-Day Delinquent,120,1107014,3816,1403617,2023-10-24,1678593,2025-03-12,632,65.95,2026-02-25,2200,338,SAV-76892,37048,2026-03-21,2026-03-21,NA
East West Bank,EWB-1000004,Equity,GNMA,Borrower 4,"5282 Main St, Unit 42",Residential Property (1-4 Units),CR1,NJ,1,LOSS,Christopher Thomas,2023-12-28,2053-12-20,2026-04-21,3903,Current,0,1278991,0,1450571,2023-11-28,1771772,2025-02-19,843,72.19,2026-02-11,2352,380,SAV-15052,7146,2026-03-15,2026-03-20,N
East West Bank,EWB-1000005,ARM,EWB-INT,Borrower 5,"6544 Main St, Unit 22",Residential Property (1-4 Units),CE1,FL,4,LEG,James Miller,2022-09-19,2052-09-11,2026-04-21,4775,Current,0,476229,0,754365,2022-08-20,854624,2025-12-02,629,55.72,2026-02-28,3886,41,SAV-42199,24714,2026-03-17,2026-03-18,NA
East West Bank,EWB-1000006,ARM,GNMA,Borrower 6,"4106 Main St, Unit 50",Residential Property (1-4 Units),HE1,TX,3,BK,Barbara Taylor,2022-10-15,2052-10-07,2026-04-21,1216,30-Day Delinquent,30,818096,0,955889,2022-09-15,954196,2025-01-27,633,85.74,2026-03-14,3609,403,SAV-81741,21872,2026-03-18,2026-03-17,NA
East West Bank,EWB-1000007,Equity,FHLMC,Borrower 7,"1147 Main St, Unit 10",Commercial & Multi-Family (5+ Units),HE1,NY,3,FC,John Smith,2023-12-21,2053-12-13,2026-04-21,3826,Current,0,763543,0,1370405,2023-11-21,1662938,2024-11-01,770,45.92,2026-02-11,3080,264,SAV-54256,41322,2026-03-08,2026-03-17,NA
East West Bank,EWB-1000008,Equity,EWB-INT,Borrower 8,"8899 Main St, Unit 3",Residential Property (1-4 Units),CR1,NY,3,M,Patricia Hernandez,2023-08-18,2053-08-10,2026-04-21,1708,60-Day Delinquent,60,249822,0,352283,2023-07-19,422560,2025-09-12,781,59.12,2026-02-22,3851,240,SAV-87712,44170,2026-03-19,2026-03-17,Y
East West Bank,EWB-1000009,Construction,EWB-INT,Borrower 9,"8907 Main St, Unit 6",Commercial & Multi-Family (5+ Units),CE1,TX,1,BK,Joseph White,2023-12-21,2053-12-13,2026-04-21,1123,90-Day Delinquent,90,912334,2386,1196797,2023-11-21,1480401,2025-05-26,794,61.63,2026-03-12,3503,58,SAV-66942,9837,2026-03-20,2026-03-18,N
East West Bank,EWB-1000010,Construction,GNMA,Borrower 10,"1159 Main St, Unit 4",Commercial & Multi-Family (5+ Units),SP1,FL,1,PIF,David Rodriguez,2022-05-14,2052-05-06,2026-04-21,2761,Current,0,653485,0,1157293,2022-04-14,1460303,2025-05-01,792,44.75,2026-02-06,3149,456,SAV-57145,32557,2026-03-18,2026-03-21,NA
East West Bank,EWB-1000011,ARM,PRIV,Borrower 11,"9321 Main St, Unit 50",Residential Property (1-4 Units),CR1,NY,2,PIF,Sarah Jenkins,2022-09-17,2052-09-09,2026-04-21,4058,Current,0,462611,0,757086,2022-08-18,858494,2025-12-30,796,53.89,2026-02-26,3895,297,SAV-18573,6023,2026-03-09,2026-03-20,Y
East West Bank,EWB-1000012,ARM,FHLMC,Borrower 12,"4540 Main St, Unit 21",Commercial & Multi-Family (5+ Units),SP1,NY,1,DIS,James Miller,2023-02-05,2053-01-28,2026-04-21,2187,Current,0,694988,0,1076075,2023-01-06,1350067,2024-10-16,620,51.48,2026-03-20,3008,386,SAV-10039,17991,2026-03-08,2026-03-17,Y
East West Bank,EWB-1000013,Foreign National,EWB-INT,Borrower 13,"6575 Main St, Unit 36",Commercial & Multi-Family (5+ Units),HE1,CA,4,TRNS,Thomas Thompson,2023-11-04,2053-10-27,2026-04-21,2929,Current,0,799540,0,1128732,2023-10-05,1323988,2025-12-18,588,60.39,2026-03-13,1134,153,SAV-70394,9382,2026-03-08,2026-03-17,N
East West Bank,EWB-1000014,ARM,FHLMC,Borrower 14,"2536 Main St, Unit 12",Commercial & Multi-Family (5+ Units),LC1,MA,4,LOSS,Christopher Thomas,2022-07-13,2052-07-05,2026-04-21,4883,60-Day Delinquent,60,168666,0,283767,2022-06-13,365984,2024-11-06,642,46.09,2026-03-03,2631,195,SAV-27919,15612,2026-03-10,2026-03-20,NA
East West Bank,EWB-1000015,Foreign National,GNMA,Borrower 15,"8897 Main St, Unit 33",Commercial & Multi-Family (5+ Units),SP1,TX,3,LOSS,Matthew Moore,2023-11-12,2053-11-04,2026-04-21,2316,60-Day Delinquent,60,144824,0,163986,2023-10-13,159441,2024-12-29,840,90.83,2026-02-16,3827,158,SAV-37221,38223,2026-03-12,2026-03-20,Y
East West Bank,EWB-1000016,Construction,GNMA,Borrower 16,"9200 Main St, Unit 34",Residential Property (1-4 Units),LC1,VA,2,LOSS,David Rodriguez,2022-09-29,2052-09-21,2026-04-21,4781,90-Day Delinquent,90,780739,3933,1000937,2022-08-30,1136261,2026-01-11,607,68.71,2026-02-12,2771,215,SAV-91140,8071,2026-03-07,2026-03-19,NA
East West Bank,EWB-1000017,Construction,PRIV,Borrower 17,"4450 Main St, Unit 38",Residential Property (1-4 Units),HE1,GA,2,TRNS,David Rodriguez,2022-01-13,2052-01-06,2026-04-21,3479,90-Day Delinquent,90,1138263,4926,1229111,2021-12-14,1342646,2026-01-19,627,84.78,2026-02-10,3208,125,SAV-50846,45799,2026-03-07,2026-03-22,NA
East West Bank,EWB-1000018,Construction,FHLMC,Borrower 18,"4311 Main St, Unit 42",Residential Property (1-4 Units),SP1,NY,2,FC,Robert Brown,2022-07-18,2052-07-10,2026-04-21,2916,Current,0,598727,0,639570,2022-06-18,695498,2024-04-08,793,86.09,2026-02-20,3254,222,SAV-92957,43388,2026-03-16,2026-03-21,NA
East West Bank,EWB-1000019,Equity,EWB-INT,Borrower 19,"9780 Main St, Unit 42",Residential Property (1-4 Units),CS1,NY,2,TRNS,Matthew Moore,2023-05-31,2053-05-23,2026-04-21,1576,90-Day Delinquent,90,295390,2607,351664,2023-05-01,442035,2024-06-18,710,66.83,2026-02-23,2223,141,SAV-32661,44198,2026-03-22,2026-03-17,NA
East West Bank,EWB-1000020,Equity,GNMA,Borrower 20,"7432 Main St, Unit 30",Commercial & Multi-Family (5+ Units),SP1,NY,4,DIS,Barbara Taylor,2022-07-05,2052-06-27,2026-04-21,4295,60-Day Delinquent,60,734693,0,1189577,2022-06-05,1294119,2024-10-06,834,56.77,2026-02-13,3719,384,SAV-34136,29008,2026-03-08,2026-03-19,NA
East West Bank,EWB-1000021,Construction,GNMA,Borrower 21,"2267 Main St, Unit 12",Commercial & Multi-Family (5+ Units),SP1,NJ,1,DIS,Linda Garcia,2022-01-20,2052-01-13,2026-04-21,3934,Current,0,774428,0,1317752,2021-12-21,1332725,2025-07-29,594,58.11,2026-03-12,2405,318,SAV-78620,20518,2026-03-09,2026-03-21,Y
East West Bank,EWB-1000022,Conventional,EWB-INT,Borrower 22,"8204 Main St, Unit 33",Residential Property (1-4 Units),LC1,GA,3,REO,Susan Martinez,2022-08-04,2052-07-27,2026-04-21,2753,Current,0,319653,0,403618,2022-07-05,513620,2024-07-26,810,62.24,2026-02-08,3364,230,SAV-48828,40128,2026-03-09,2026-03-18,N
East West Bank,EWB-1000023,ARM,FNMA,Borrower 23,"1246 Main St, Unit 22",Residential Property (1-4 Units),CS1,MA,2,M,David Rodriguez,2023-11-17,2053-11-09,2026-04-21,4856,Current,0,1260998,0,1383916,2023-10-18,1391239,2025-11-17,801,90.64,2026-02-11,1957,414,SAV-49242,17799,2026-03-22,2026-03-21,NA
East West Bank,EWB-1000024,Construction,EWB-INT,Borrower 24,"4714 Main St, Unit 28",Commercial & Multi-Family (5+ Units),SP1,FL,2,SII,Lisa Williams,2022-05-18,2052-05-10,2026-04-21,4286,Current,0,871752,0,1123548,2022-04-18,1439308,2024-05-07,750,60.57,2026-03-21,1180,399,SAV-93835,32834,2026-03-14,2026-03-17,Y
East West Bank,EWB-1000025,Conventional,GNMA,Borrower 25,"5239 Main St, Unit 44",Commercial & Multi-Family (5+ Units),CS1,GA,4,LEG,Margaret Harris,2023-12-18,2053-12-10,2026-04-21,1484,Current,0,852240,0,1149238,2023-11-18,1429672,2024-03-24,822,59.61,2026-02-04,1660,182,SAV-42650,44244,2026-03-19,2026-03-22,NA
East West Bank,EWB-1000026,ARM,PRIV,Borrower 26,"4613 Main St, Unit 13",Residential Property (1-4 Units),LC1,NJ,4,LEG,Christopher Thomas,2022-03-13,2052-03-05,2026-04-21,3681,Current,0,109270,0,193585,2022-02-11,237393,2024-04-10,624,46.03,2026-02-05,2048,15,SAV-37491,45962,2026-03-15,2026-03-17,NA
East West Bank,EWB-1000027,Construction,FNMA,Borrower 27,"2241 Main St, Unit 11",Residential Property (1-4 Units),LC1,GA,3,DIS,Daniel Martin,2023-05-26,2053-05-18,2026-04-21,3323,Current,0,242935,0,259556,2023-04-26,263565,2024-05-16,607,92.17,2026-03-08,1033,88,SAV-19194,5600,2026-03-20,2026-03-21,NA
East West Bank,EWB-1000028,Foreign National,FHLMC,Borrower 28,"3166 Main St, Unit 13",Residential Property (1-4 Units),LC1,TX,3,FC,Michael Chen,2022-04-30,2052-04-22,2026-04-21,3660,Current,0,147169,0,175939,2022-03-31,210081,2025-03-27,707,70.05,2026-02-05,2610,51,SAV-79601,42617,2026-03-11,2026-03-20,NA
East West Bank,EWB-1000029,Foreign National,EWB-INT,Borrower 29,"9361 Main St, Unit 4",Residential Property (1-4 Units),HE1,TX,1,REO,Karen Anderson,2023-08-25,2053-08-17,2026-04-21,4151,60-Day Delinquent,60,474537,0,558923,2023-07-26,595467,2024-11-05,810,79.69,2026-02-04,2971,377,SAV-22812,31534,2026-03-11,2026-03-22,N
East West Bank,EWB-1000030,Conventional,PRIV,Borrower 30,"3102 Main St, Unit 41",Residential Property (1-4 Units),HE1,IL,2,TRNS,Karen Anderson,2023-09-03,2053-08-26,2026-04-21,2582,90-Day Delinquent,90,532409,2415,835440,2023-08-04,1021525,2025-02-09,700,52.12,2026-02-10,2276,392,SAV-25132,49383,2026-03-17,2026-03-20,Y
East West Bank,EWB-1000031,ARM,EWB-INT,Borrower 31,"8691 Main St, Unit 9",Residential Property (1-4 Units),HE1,VA,1,BK,Patricia Hernandez,2023-02-08,2053-01-31,2026-04-21,2341,60-Day Delinquent,60,322772,0,552690,2023-01-09,687583,2025-02-27,777,46.94,2026-01-21,3845,217,SAV-32882,9602,2026-03-10,2026-03-19,Y
East West Bank,EWB-1000032,Specialty,EWB-INT,Borrower 32,"514 Main St, Unit 26",Commercial & Multi-Family (5+ Units),SP1,VA,1,DIS,Richard Davis,2023-09-14,2053-09-06,2026-04-21,3770,Current,0,239711,0,378576,2023-08-15,400900,2025-07-02,751,59.79,2026-03-11,3907,255,SAV-62702,32104,2026-03-17,2026-03-20,Y
East West Bank,EWB-1000033,Equity,FNMA,Borrower 33,"6618 Main St, Unit 32",Commercial & Multi-Family (5+ Units),CR1,NJ,2,LOSS,Christopher Thomas,2022-11-15,2052-11-07,2026-04-21,3129,Current,0,115113,0,211087,2022-10-16,225780,2024-06-23,812,50.98,2026-01-27,2716,420,SAV-78083,6819,2026-03-09,2026-03-19,NA
East West Bank,EWB-1000034,Foreign National,FNMA,Borrower 34,"6050 Main St, Unit 16",Residential Property (1-4 Units),CS1,GA,4,SII,Michael Chen,2022-10-14,2052-10-06,2026-04-21,4576,Current,0,481542,0,589792,2022-09-14,562218,2024-12-06,631,85.65,2026-02-26,2885,155,SAV-90494,19275,2026-03-08,2026-03-20,NA
East West Bank,EWB-1000035,Construction,FNMA,Borrower 35,"8108 Main St, Unit 6",Commercial & Multi-Family (5+ Units),CE1,WA,4,LOSS,Thomas Thompson,2022-09-04,2052-08-27,2026-04-21,1801,Current,0,113751,0,215318,2022-08-05,222975,2025-01-31,692,51.02,2026-02-25,1333,209,SAV-86186,25371,2026-03-22,2026-03-19,NA
East West Bank,EWB-1000036,Conventional,EWB-INT,Borrower 36,"1984 Main St, Unit 43",Residential Property (1-4 Units),SP1,CA,3,LEG,Patricia Hernandez,2022-04-29,2052-04-21,2026-04-21,2278,Current,0,869188,0,931239,2022-03-30,895112,2025-12-02,766,97.1,2026-02-16,1740,188,SAV-98660,31248,2026-03-20,2026-03-17,N
East West Bank,EWB-1000037,Conventional,FHLMC,Borrower 37,"7181 Main St, Unit 14",Commercial & Multi-Family (5+ Units),CE1,NJ,4,FC,Karen Anderson,2022-03-15,2052-03-07,2026-04-21,3821,30-Day Delinquent,30,623382,0,1170545,2022-02-13,1215607,2025-07-16,633,51.28,2026-03-01,3309,140,SAV-53063,21414,2026-03-22,2026-03-22,Y
East West Bank,EWB-1000038,Conventional,FHLMC,Borrower 38,"654 Main St, Unit 28",Residential Property (1-4 Units),LC1,TX,3,SII,John Smith,2023-09-08,2053-08-31,2026-04-21,2556,Current,0,332370,0,419536,2023-08-09,401108,2025-02-01,705,82.86,2026-02-27,3582,289,SAV-22352,7658,2026-03-11,2026-03-19,N
East West Bank,EWB-1000039,Foreign National,PRIV,Borrower 39,"1278 Main St, Unit 48",Commercial & Multi-Family (5+ Units),LC1,TX,3,LOSS,Barbara Taylor,2023-06-11,2053-06-03,2026-04-21,2884,Current,0,668756,0,987291,2023-05-12,1037291,2024-04-20,777,64.47,2026-03-15,1262,47,SAV-98854,8246,2026-03-18,2026-03-19,N
East West Bank,EWB-1000040,Construction,FNMA,Borrower 40,"6590 Main St, Unit 25",Commercial & Multi-Family (5+ Units),LC1,VA,4,FC,Nancy Jackson,2022-11-21,2052-11-13,2026-04-21,2083,Current,0,1205396,0,1269043,2022-10-22,1160201,2024-12-09,782,103.9,2026-03-15,1921,182,SAV-81697,4665,2026-03-21,2026-03-18,Y
East West Bank,EWB-1000041,Construction,FHLMC,Borrower 41,"4830 Main St, Unit 11",Residential Property (1-4 Units),LC1,NJ,2,M,Sandra Garcia,2023-07-18,2053-07-10,2026-04-21,2331,Current,0,732358,0,961774,2023-06-18,979631,2025-05-03,677,74.76,2026-03-21,1319,91,SAV-68266,10097,2026-03-19,2026-03-17,N
East West Bank,EWB-1000042,Lot Loan,GNMA,Borrower 42,"3646 Main St, Unit 14",Commercial & Multi-Family (5+ Units),CR1,MA,2,LOSS,Linda Garcia,2023-10-31,2053-10-23,2026-04-21,4407,30-Day Delinquent,30,442074,0,708986,2023-10-01,888396,2024-09-28,819,49.76,2026-02-22,2425,100,SAV-58385,35333,2026-03-11,2026-03-19,NA
East West Bank,EWB-1000043,Specialty,EWB-INT,Borrower 43,"1409 Main St, Unit 2",Commercial & Multi-Family (5+ Units),HE1,GA,4,LEG,Michael Chen,2023-12-16,2053-12-08,2026-04-21,1803,60-Day Delinquent,60,187588,0,201663,2023-11-16,211360,2025-03-09,838,88.75,2026-03-08,3970,178,SAV-44137,11661,2026-03-19,2026-03-19,NA
East West Bank,EWB-1000044,ARM,GNMA,Borrower 44,"1857 Main St, Unit 29",Commercial & Multi-Family (5+ Units),HE1,NJ,4,FC,James Miller,2022-08-14,2052-08-06,2026-04-21,4511,Current,0,216467,0,262547,2022-07-15,323045,2025-01-14,726,67.01,2026-01-30,3934,100,SAV-77423,22079,2026-03-08,2026-03-21,NA
East West Bank,EWB-1000045,Conventional,EWB-INT,Borrower 45,"2600 Main St, Unit 23",Commercial & Multi-Family (5+ Units),LC1,FL,3,LOSS,James Miller,2022-08-03,2052-07-26,2026-04-21,3197,Current,0,299340,0,364835,2022-07-04,383372,2024-10-20,707,78.08,2026-03-06,1748,54,SAV-34659,21058,2026-03-11,2026-03-20,Y
East West Bank,EWB-1000046,Specialty,GNMA,Borrower 46,"6931 Main St, Unit 12",Commercial & Multi-Family (5+ Units),LC1,IL,1,FC,Thomas Thompson,2023-07-05,2053-06-27,2026-04-21,2709,Current,0,1306209,0,1471831,2023-06-05,1832710,2024-05-21,846,71.27,2026-02-28,3004,262,SAV-39748,44980,2026-03-12,2026-03-17,Y
East West Bank,EWB-1000047,Conventional,FHLMC,Borrower 47,"1994 Main St, Unit 10",Commercial & Multi-Family (5+ Units),CR1,CA,1,DIS,Donald Martinez,2022-02-19,2052-02-12,2026-04-21,4134,Current,0,613535,0,975816,2022-01-20,1100055,2025-09-23,678,55.77,2026-03-12,2780,24,SAV-24423,7349,2026-03-18,2026-03-18,NA
East West Bank,EWB-1000048,Specialty,FHLMC,Borrower 48,"551 Main St, Unit 3",Commercial & Multi-Family (5+ Units),HE1,NY,3,BK,Barbara Taylor,2022-09-02,2052-08-25,2026-04-21,1286,Current,0,603833,0,795263,2022-08-03,761061,2025-03-12,691,79.34,2026-03-16,3404,300,SAV-29829,26146,2026-03-19,2026-03-17,NA
East West Bank,EWB-1000049,Foreign National,FHLMC,Borrower 49,"7297 Main St, Unit 36",Residential Property (1-4 Units),LC1,GA,4,BK,Richard Davis,2022-07-15,2052-07-07,2026-04-21,2671,Current,0,348374,0,523616,2022-06-15,574667,2026-02-19,833,60.62,2026-03-20,1695,11,SAV-45243,26280,2026-03-12,2026-03-21,NA
East West Bank,EWB-1000050,Specialty,GNMA,Borrower 50,"4370 Main St, Unit 45",Commercial & Multi-Family (5+ Units),LC1,TX,4,SII,James Miller,2023-06-19,2053-06-11,2026-04-21,2291,90-Day Delinquent,90,229673,1358,267796,2023-05-20,264980,2025-09-14,588,86.68,2026-01-23,2478,219,SAV-78173,39062,2026-03-21,2026-03-17,Y
East West Bank,EWB-1000051,Construction,FHLMC,Borrower 51,"9167 Main St, Unit 31",Commercial & Multi-Family (5+ Units),SP1,TX,4,FC,Margaret Harris,2022-09-22,2052-09-14,2026-04-21,4909,Current,0,481117,0,848002,2022-08-23,1030092,2025-07-28,710,46.71,2026-02-06,3101,11,SAV-60101,8007,2026-03-20,2026-03-18,NA
East West Bank,EWB-1000052,Construction,FHLMC,Borrower 52,"825 Main St, Unit 25",Commercial & Multi-Family (5+ Units),CE1,NY,4,LEG,James Miller,2022-07-17,2052-07-09,2026-04-21,4958,90-Day Delinquent,90,891292,928,1057317,2022-06-17,1361583,2025-10-24,740,65.46,2026-01-25,2030,434,SAV-26349,30348,2026-03-20,2026-03-17,Y
East West Bank,EWB-1000053,Specialty,EWB-INT,Borrower 53,"4934 Main St, Unit 36",Commercial & Multi-Family (5+ Units),LC1,TX,4,BK,Matthew Moore,2022-02-07,2052-01-31,2026-04-21,1820,30-Day Delinquent,30,735964,0,818234,2022-01-08,828495,2024-06-06,683,88.83,2026-02-27,3996,72,SAV-26360,6703,2026-03-20,2026-03-21,NA
East West Bank,EWB-1000054,Equity,EWB-INT,Borrower 54,"4707 Main St, Unit 1",Residential Property (1-4 Units),CS1,IL,2,FC,Charles Wilson,2023-06-28,2053-06-20,2026-04-21,3712,30-Day Delinquent,30,573067,0,1062495,2023-05-29,1064124,2024-09-29,678,53.85,2026-02-02,2232,230,SAV-91041,42812,2026-03-22,2026-03-19,Y
East West Bank,EWB-1000055,Lot Loan,EWB-INT,Borrower 55,"8906 Main St, Unit 22",Commercial & Multi-Family (5+ Units),CE1,NJ,2,SII,Charles Wilson,2023-10-19,2053-10-11,2026-04-21,1840,90-Day Delinquent,120,1021783,926,1136001,2023-09-19,1140089,2025-03-20,773,89.62,2026-03-08,2173,487,SAV-85726,36713,2026-03-09,2026-03-17,Y
East West Bank,EWB-1000056,Construction,FNMA,Borrower 56,"4807 Main St, Unit 3",Residential Property (1-4 Units),SP1,NJ,1,TRNS,Charles Wilson,2022-03-18,2052-03-10,2026-04-21,4620,30-Day Delinquent,30,532231,0,604351,2022-02-16,772185,2024-04-11,740,68.93,2026-03-08,3025,294,SAV-63453,22805,2026-03-20,2026-03-17,N
East West Bank,EWB-1000057,Specialty,EWB-INT,Borrower 57,"7234 Main St, Unit 23",Residential Property (1-4 Units),LC1,IL,2,BK,Sandra Garcia,2023-01-13,2053-01-05,2026-04-21,3422,Current,0,771731,0,1186685,2022-12-14,1186482,2025-05-20,714,65.04,2026-03-16,1295,346,SAV-23245,10751,2026-03-08,2026-03-19,N
East West Bank,EWB-1000058,Construction,PRIV,Borrower 58,"3093 Main St, Unit 32",Commercial & Multi-Family (5+ Units),HE1,NY,1,M,David Rodriguez,2022-10-03,2052-09-25,2026-04-21,1798,30-Day Delinquent,30,355970,0,406687,2022-09-03,386020,2024-11-18,601,92.22,2026-02-26,2069,182,SAV-32986,40787,2026-03-20,2026-03-17,Y
East West Bank,EWB-1000059,Equity,FHLMC,Borrower 59,"6568 Main St, Unit 27",Commercial & Multi-Family (5+ Units),LC1,MA,1,PIF,Joseph White,2022-11-20,2052-11-12,2026-04-21,1455,Current,0,146093,0,284508,2022-10-21,273222,2024-08-07,843,53.47,2026-02-01,2946,99,SAV-43758,4912,2026-03-15,2026-03-17,N
East West Bank,EWB-1000060,ARM,FHLMC,Borrower 60,"7093 Main St, Unit 25",Residential Property (1-4 Units),LC1,GA,4,FC,Lisa Williams,2022-12-27,2052-12-19,2026-04-21,2732,30-Day Delinquent,30,817650,0,990477,2022-11-27,957234,2024-06-22,726,85.42,2026-02-02,3656,310,SAV-53726,47150,2026-03-18,2026-03-21,NA
East West Bank,EWB-1000061,Equity,GNMA,Borrower 61,"220 Main St, Unit 4",Residential Property (1-4 Units),CR1,TX,2,TRNS,Michael Chen,2022-12-28,2052-12-20,2026-04-21,3272,Current,0,678568,0,780271,2022-11-28,861726,2026-02-04,751,78.75,2026-01-31,1260,213,SAV-64444,29008,2026-03-16,2026-03-21,NA
East West Bank,EWB-1000062,Construction,EWB-INT,Borrower 62,"281 Main St, Unit 36",Residential Property (1-4 Units),CS1,MA,2,FC,John Smith,2022-05-13,2052-05-05,2026-04-21,1737,90-Day Delinquent,120,968397,4744,1281565,2022-04-13,1182257,2025-02-13,585,81.91,2026-02-07,3503,435,SAV-29888,34396,2026-03-17,2026-03-20,N
East West Bank,EWB-1000063,Lot Loan,EWB-INT,Borrower 63,"1424 Main St, Unit 26",Residential Property (1-4 Units),CS1,NJ,4,PIF,Richard Davis,2022-12-01,2052-11-23,2026-04-21,1327,Current,0,318343,0,561927,2022-11-01,514320,2025-03-09,760,61.9,2026-03-04,1383,323,SAV-90071,5102,2026-03-12,2026-03-19,N
East West Bank,EWB-1000064,Equity,PRIV,Borrower 64,"8965 Main St, Unit 16",Residential Property (1-4 Units),LC1,GA,1,TRNS,Sarah Jenkins,2023-02-04,2053-01-27,2026-04-21,3609,Current,0,444675,0,798307,2023-01-05,944079,2025-08-14,832,47.1,2026-01-24,2393,151,SAV-43752,45930,2026-03-16,2026-03-22,Y
East West Bank,EWB-1000065,Lot Loan,FHLMC,Borrower 65,"3519 Main St, Unit 45",Residential Property (1-4 Units),CR1,NY,3,FC,Sarah Jenkins,2022-04-24,2052-04-16,2026-04-21,1169,Current,0,394952,0,418246,2022-03-25,391967,2025-09-13,835,100.76,2026-03-01,1728,333,SAV-42451,5056,2026-03-16,2026-03-22,N
East West Bank,EWB-1000066,Lot Loan,FHLMC,Borrower 66,"9967 Main St, Unit 8",Residential Property (1-4 Units),HE1,VA,1,REO,Patricia Hernandez,2023-02-27,2053-02-19,2026-04-21,4635,Current,0,587866,0,700929,2023-01-28,635049,2024-08-04,637,92.57,2026-01-29,1238,424,SAV-89021,1752,2026-03-15,2026-03-17,NA
East West Bank,EWB-1000067,Construction,EWB-INT,Borrower 67,"8683 Main St, Unit 7",Commercial & Multi-Family (5+ Units),HE1,FL,2,TRNS,Robert Brown,2022-05-18,2052-05-10,2026-04-21,4077,90-Day Delinquent,120,410343,1120,595101,2022-04-18,667268,2024-06-05,730,61.5,2026-03-13,2811,69,SAV-23556,48985,2026-03-09,2026-03-21,NA
East West Bank,EWB-1000068,Equity,FNMA,Borrower 68,"7368 Main St, Unit 8",Commercial & Multi-Family (5+ Units),HE1,IL,1,LOSS,Matthew Moore,2022-06-02,2052-05-25,2026-04-21,2226,Current,0,1043462,0,1280650,2022-05-03,1634713,2024-10-19,683,63.83,2026-01-29,2478,329,SAV-28153,43165,2026-03-21,2026-03-20,Y
East West Bank,EWB-1000069,Specialty,EWB-INT,Borrower 69,"759 Main St, Unit 43",Commercial & Multi-Family (5+ Units),CS1,IL,1,TRNS,Emily Watson,2023-10-02,2053-09-24,2026-04-21,2988,30-Day Delinquent,30,420890,0,648863,2023-09-02,677461,2026-01-13,749,62.13,2026-01-26,1755,2,SAV-30351,29319,2026-03-15,2026-03-18,N
East West Bank,EWB-1000070,Construction,FHLMC,Borrower 70,"867 Main St, Unit 7",Commercial & Multi-Family (5+ Units),SP1,NY,4,M,Barbara Taylor,2022-04-25,2052-04-17,2026-04-21,2656,60-Day Delinquent,60,198391,0,385362,2022-03-26,408076,2025-01-09,592,48.62,2026-02-14,3450,49,SAV-50689,3195,2026-03-20,2026-03-18,Y
East West Bank,EWB-1000071,Specialty,FNMA,Borrower 71,"1877 Main St, Unit 21",Commercial & Multi-Family (5+ Units),HE1,WA,2,BK,Patricia Hernandez,2022-12-03,2052-11-25,2026-04-21,3457,Current,0,1244114,0,1447286,2022-11-03,1411985,2026-01-16,752,88.11,2026-02-14,1484,155,SAV-99795,8895,2026-03-13,2026-03-21,N
East West Bank,EWB-1000072,Construction,PRIV,Borrower 72,"7818 Main St, Unit 14",Residential Property (1-4 Units),HE1,MA,4,SII,David Rodriguez,2023-12-05,2053-11-27,2026-04-21,3144,Current,0,476503,0,751863,2023-11-05,797139,2024-09-27,721,59.78,2026-02-17,2708,324,SAV-37078,45999,2026-03-22,2026-03-17,N
East West Bank,EWB-1000073,Equity,FHLMC,Borrower 73,"208 Main St, Unit 14",Commercial & Multi-Family (5+ Units),LC1,FL,1,TRNS,Sandra Garcia,2023-11-19,2053-11-11,2026-04-21,1708,90-Day Delinquent,90,300699,2062,598982,2023-10-20,765361,2025-10-01,671,39.29,2026-02-11,3884,327,SAV-34824,39778,2026-03-16,2026-03-17,NA
East West Bank,EWB-1000074,Foreign National,FNMA,Borrower 74,"8563 Main St, Unit 6",Commercial & Multi-Family (5+ Units),SP1,NJ,2,PIF,Lisa Williams,2022-12-16,2052-12-08,2026-04-21,2166,Current,0,527340,0,816326,2022-11-16,866244,2026-01-01,732,60.88,2026-01-25,3403,420,SAV-52564,48568,2026-03-16,2026-03-20,N
East West Bank,EWB-1000075,Specialty,FHLMC,Borrower 75,"5821 Main St, Unit 34",Residential Property (1-4 Units),CR1,FL,3,BK,James Miller,2023-09-07,2053-08-30,2026-04-21,1715,Current,0,219407,0,434821,2023-08-08,500940,2025-04-13,637,43.8,2026-02-21,3540,493,SAV-96158,48849,2026-03-20,2026-03-18,Y
East West Bank,EWB-1000076,Construction,PRIV,Borrower 76,"869 Main St, Unit 21",Residential Property (1-4 Units),CS1,TX,1,SII,Karen Anderson,2022-06-25,2052-06-17,2026-04-21,3368,Current,0,1100162,0,1175715,2022-05-26,1246658,2024-04-10,633,88.25,2026-03-02,1917,119,SAV-17327,49808,2026-03-17,2026-03-17,NA
East West Bank,EWB-1000077,ARM,PRIV,Borrower 77,"4340 Main St, Unit 3",Commercial & Multi-Family (5+ Units),CE1,CA,2,SII,Richard Davis,2023-11-17,2053-11-09,2026-04-21,1844,Current,0,1088590,0,1312208,2023-10-18,1329053,2025-06-02,632,81.91,2026-01-24,1160,246,SAV-24271,2942,2026-03-10,2026-03-21,Y
East West Bank,EWB-1000078,ARM,GNMA,Borrower 78,"4743 Main St, Unit 45",Residential Property (1-4 Units),CR1,IL,4,SII,Karen Anderson,2022-01-23,2052-01-16,2026-04-21,4377,Current,0,924611,0,1154646,2021-12-24,1467821,2025-08-09,841,62.99,2026-02-27,2925,405,SAV-45270,12402,2026-03-10,2026-03-22,N
East West Bank,EWB-1000079,Equity,GNMA,Borrower 79,"4625 Main St, Unit 49",Residential Property (1-4 Units),SP1,IL,4,LOSS,Lisa Williams,2023-08-03,2053-07-26,2026-04-21,1496,Current,0,416861,0,599395,2023-07-04,683638,2025-03-08,626,60.98,2026-02-28,1072,191,SAV-86226,48318,2026-03-14,2026-03-20,Y
East West Bank,EWB-1000080,Construction,GNMA,Borrower 80,"440 Main St, Unit 30",Residential Property (1-4 Units),SP1,NY,2,LEG,Susan Martinez,2023-05-04,2053-04-26,2026-04-21,3594,30-Day Delinquent,30,712084,0,877975,2023-04-04,825579,2024-05-06,848,86.25,2026-02-03,3561,424,SAV-17012,35749,2026-03-10,2026-03-17,N
East West Bank,EWB-1000081,ARM,GNMA,Borrower 81,"7001 Main St, Unit 33",Commercial & Multi-Family (5+ Units),LC1,NJ,1,PIF,Susan Martinez,2023-05-22,2053-05-14,2026-04-21,2943,90-Day Delinquent,120,594737,2826,1179225,2023-04-22,1164366,2024-04-22,726,51.08,2026-03-01,1256,456,SAV-60522,45705,2026-03-22,2026-03-20,N
East West Bank,EWB-1000082,ARM,FHLMC,Borrower 82,"9849 Main St, Unit 28",Commercial & Multi-Family (5+ Units),LC1,NY,3,SII,Patricia Hernandez,2023-06-27,2053-06-19,2026-04-21,3688,60-Day Delinquent,60,154859,0,178251,2023-05-28,163464,2025-12-25,808,94.74,2026-02-02,2522,63,SAV-39381,39413,2026-03-10,2026-03-19,NA
East West Bank,EWB-1000083,Specialty,EWB-INT,Borrower 83,"7523 Main St, Unit 42",Commercial & Multi-Family (5+ Units),HE1,FL,4,TRNS,Joseph White,2022-08-29,2052-08-21,2026-04-21,2439,Current,0,815431,0,1466669,2022-07-30,1643443,2025-10-17,708,49.62,2026-02-25,1693,109,SAV-72376,16015,2026-03-12,2026-03-18,N
East West Bank,EWB-1000084,Equity,GNMA,Borrower 84,"7819 Main St, Unit 37",Commercial & Multi-Family (5+ Units),CS1,GA,2,FC,James Miller,2022-07-07,2052-06-29,2026-04-21,4023,Current,0,563748,0,953328,2022-06-07,933163,2025-11-17,705,60.41,2026-01-23,3956,295,SAV-40369,2654,2026-03-11,2026-03-20,Y
East West Bank,EWB-1000085,Specialty,GNMA,Borrower 85,"9023 Main St, Unit 44",Residential Property (1-4 Units),CR1,IL,4,LEG,Matthew Moore,2023-01-25,2053-01-17,2026-04-21,1478,Current,0,623650,0,1218632,2022-12-26,1462574,2024-10-21,816,42.64,2026-03-02,3607,422,SAV-83126,46291,2026-03-13,2026-03-22,N
East West Bank,EWB-1000086,Foreign National,FHLMC,Borrower 86,"2207 Main St, Unit 11",Residential Property (1-4 Units),CE1,CA,2,PIF,Sarah Jenkins,2022-12-29,2052-12-21,2026-04-21,3774,Current,0,823740,0,1332991,2022-11-29,1264648,2025-08-16,771,65.14,2026-02-27,3774,413,SAV-39746,28835,2026-03-07,2026-03-18,N
East West Bank,EWB-1000087,Specialty,FNMA,Borrower 87,"9045 Main St, Unit 2",Commercial & Multi-Family (5+ Units),LC1,VA,3,TRNS,Daniel Martin,2023-02-25,2053-02-17,2026-04-21,3594,Current,0,323268,0,402764,2023-01-26,467522,2025-06-19,655,69.14,2026-03-21,2253,438,SAV-12268,17832,2026-03-21,2026-03-22,N
East West Bank,EWB-1000088,Conventional,FNMA,Borrower 88,"7229 Main St, Unit 31",Residential Property (1-4 Units),HE1,NY,3,SII,Michael Chen,2022-08-10,2052-08-02,2026-04-21,3744,Current,0,191610,0,294356,2022-07-11,317319,2025-11-27,764,60.38,2026-01-26,3546,492,SAV-48175,15909,2026-03-19,2026-03-22,N
East West Bank,EWB-1000089,Specialty,EWB-INT,Borrower 89,"8536 Main St, Unit 2",Commercial & Multi-Family (5+ Units),CR1,NY,4,DIS,Christopher Thomas,2023-12-16,2053-12-08,2026-04-21,2358,Current,0,120170,0,159435,2023-11-16,156157,2025-12-14,626,76.95,2026-02-01,2355,415,SAV-27721,8114,2026-03-07,2026-03-21,N
East West Bank,EWB-1000090,Foreign National,EWB-INT,Borrower 90,"5421 Main St, Unit 23",Commercial & Multi-Family (5+ Units),CE1,WA,1,REO,Matthew Moore,2022-08-25,2052-08-17,2026-04-21,4413,Current,0,189996,0,228781,2022-07-26,240582,2024-11-25,783,78.97,2026-03-02,2856,198,SAV-60821,21269,2026-03-13,2026-03-17,NA
East West Bank,EWB-1000091,Conventional,PRIV,Borrower 91,"8950 Main St, Unit 46",Residential Property (1-4 Units),LC1,NY,2,LOSS,Sarah Jenkins,2023-07-24,2053-07-16,2026-04-21,1049,Current,0,771458,0,926665,2023-06-24,930484,2024-12-16,618,82.91,2026-02-14,3057,396,SAV-63385,9565,2026-03-18,2026-03-17,Y
East West Bank,EWB-1000092,Conventional,FHLMC,Borrower 92,"8808 Main St, Unit 41",Commercial & Multi-Family (5+ Units),CS1,FL,1,PIF,Patricia Hernandez,2023-08-17,2053-08-09,2026-04-21,1649,Current,0,891054,0,1257677,2023-07-18,1358325,2025-03-01,602,65.6,2026-01-30,3334,481,SAV-84479,3790,2026-03-14,2026-03-19,Y
East West Bank,EWB-1000093,Lot Loan,PRIV,Borrower 93,"162 Main St, Unit 25",Commercial & Multi-Family (5+ Units),HE1,NY,4,M,Margaret Harris,2022-05-09,2052-05-01,2026-04-21,2576,Current,0,491031,0,800419,2022-04-09,802327,2025-07-13,829,61.2,2026-01-24,2176,128,SAV-77725,47736,2026-03-11,2026-03-17,N
East West Bank,EWB-1000094,ARM,FNMA,Borrower 94,"8469 Main St, Unit 48",Residential Property (1-4 Units),CR1,VA,4,REO,Christopher Thomas,2023-08-04,2053-07-27,2026-04-21,3502,90-Day Delinquent,120,225496,113,421967,2023-07-05,512472,2025-04-02,583,44.0,2026-01-22,3678,240,SAV-82529,35015,2026-03-22,2026-03-18,N
East West Bank,EWB-1000095,Lot Loan,FHLMC,Borrower 95,"3979 Main St, Unit 21",Residential Property (1-4 Units),CE1,TX,1,TRNS,John Smith,2022-01-06,2051-12-30,2026-04-21,2780,30-Day Delinquent,30,252950,0,338751,2021-12-07,317638,2025-06-08,739,79.63,2026-03-01,3416,488,SAV-70935,43784,2026-03-08,2026-03-20,NA
East West Bank,EWB-1000096,Lot Loan,PRIV,Borrower 96,"3748 Main St, Unit 32",Commercial & Multi-Family (5+ Units),CE1,VA,1,LEG,Nancy Jackson,2023-07-03,2053-06-25,2026-04-21,3637,90-Day Delinquent,120,1034903,4982,1347719,2023-06-03,1305540,2024-04-02,742,79.27,2026-01-31,3145,13,SAV-64710,29345,2026-03-07,2026-03-21,N
East West Bank,EWB-1000097,Specialty,PRIV,Borrower 97,"5379 Main St, Unit 10",Residential Property (1-4 Units),CS1,FL,1,PIF,Thomas Thompson,2022-02-27,2052-02-20,2026-04-21,2745,30-Day Delinquent,30,1069277,0,1202576,2022-01-28,1540930,2024-04-01,680,69.39,2026-01-23,3175,388,SAV-88087,46020,2026-03-22,2026-03-17,N
East West Bank,EWB-1000098,Construction,FHLMC,Borrower 98,"878 Main St, Unit 33",Residential Property (1-4 Units),CS1,GA,1,REO,Charles Wilson,2023-05-07,2053-04-29,2026-04-21,2529,30-Day Delinquent,30,392563,0,641072,2023-04-07,780463,2024-12-31,747,50.3,2026-03-19,3749,52,SAV-39384,2229,2026-03-19,2026-03-17,N
East West Bank,EWB-1000099,Conventional,PRIV,Borrower 99,"8615 Main St, Unit 15",Residential Property (1-4 Units),CS1,WA,3,FC,Charles Wilson,2022-10-05,2052-09-27,2026-04-21,3006,90-Day Delinquent,90,260535,332,301836,2022-09-05,289076,2025-01-20,591,90.13,2026-02-15,1254,83,SAV-35745,38508,2026-03-20,2026-03-21,N
East West Bank,EWB-1000100,Conventional,GNMA,Borrower 100,"4590 Main St, Unit 3",Residential Property (1-4 Units),CR1,VA,4,DIS,John Smith,2022-08-08,2052-07-31,2026-04-21,2186,Current,0,741707,0,817521,2022-07-09,863757,2025-06-13,821,85.87,2026-01-26,3851,330,SAV-97554,32100,2026-03-15,2026-03-17,NA
East West Bank,EWB-1000101,Lot Loan,GNMA,Borrower 101,"6891 Main St, Unit 30",Residential Property (1-4 Units),LC1,CA,2,FC,Lisa Williams,2023-04-25,2053-04-17,2026-04-21,3136,30-Day Delinquent,30,578402,0,699639,2023-03-26,665176,2024-06-26,669,86.95,2026-02-28,2316,212,SAV-51976,19024,2026-03-20,2026-03-17,N
East West Bank,EWB-1000102,Specialty,EWB-INT,Borrower 102,"7077 Main St, Unit 16",Residential Property (1-4 Units),HE1,FL,3,LEG,Linda Garcia,2024-01-02,2053-12-25,2026-04-21,3184,Current,0,607318,0,650328,2023-12-03,686111,2025-08-09,693,88.52,2026-02-11,2250,6,SAV-72412,719,2026-03-08,2026-03-22,N
East West Bank,EWB-1000103,Conventional,FNMA,Borrower 103,"1208 Main St, Unit 9",Residential Property (1-4 Units),HE1,MA,4,LOSS,Daniel Martin,2023-10-12,2053-10-04,2026-04-21,3134,30-Day Delinquent,30,165592,0,281484,2023-09-12,336836,2025-02-10,796,49.16,2026-03-02,2942,185,SAV-55350,24092,2026-03-17,2026-03-20,NA
East West Bank,EWB-1000104,Conventional,FNMA,Borrower 104,"2230 Main St, Unit 5",Residential Property (1-4 Units),SP1,VA,4,LEG,Richard Davis,2023-06-14,2053-06-06,2026-04-21,4329,60-Day Delinquent,60,1103501,0,1422568,2023-05-15,1383014,2024-04-16,771,79.79,2026-01-30,1544,355,SAV-60788,24348,2026-03-20,2026-03-19,N
East West Bank,EWB-1000105,Conventional,FNMA,Borrower 105,"3675 Main St, Unit 24",Residential Property (1-4 Units),CS1,WA,3,DIS,Daniel Martin,2023-03-26,2053-03-18,2026-04-21,1183,Current,0,620097,0,1019474,2023-02-24,985591,2024-08-22,675,62.92,2026-03-15,1439,219,SAV-96813,22329,2026-03-21,2026-03-19,NA
East West Bank,EWB-1000106,Equity,FNMA,Borrower 106,"9857 Main St, Unit 43",Commercial & Multi-Family (5+ Units),CE1,TX,4,TRNS,John Smith,2022-12-18,2052-12-10,2026-04-21,1057,Current,0,378129,0,550573,2022-11-18,580300,2026-01-15,847,65.16,2026-01-24,1920,216,SAV-13136,49700,2026-03-20,2026-03-21,NA
East West Bank,EWB-1000107,Specialty,PRIV,Borrower 107,"2565 Main St, Unit 37",Commercial & Multi-Family (5+ Units),CS1,MA,1,PIF,Sandra Garcia,2023-04-11,2053-04-03,2026-04-21,2043,Current,0,763633,0,848646,2023-03-12,826560,2025-07-19,641,92.39,2026-02-13,2257,451,SAV-70050,34598,2026-03-17,2026-03-22,N
East West Bank,EWB-1000108,Specialty,GNMA,Borrower 108,"6427 Main St, Unit 13",Residential Property (1-4 Units),CS1,NY,3,DIS,Karen Anderson,2022-08-29,2052-08-21,2026-04-21,2241,Current,0,683419,0,1118021,2022-07-30,1028979,2025-01-20,766,66.42,2026-02-20,1006,128,SAV-28569,19924,2026-03-22,2026-03-20,NA
East West Bank,EWB-1000109,Foreign National,FHLMC,Borrower 109,"7266 Main St, Unit 20",Residential Property (1-4 Units),CR1,VA,2,BK,Daniel Martin,2023-04-05,2053-03-28,2026-04-21,3479,Current,0,904625,0,1278035,2023-03-06,1580432,2025-01-21,812,57.24,2026-02-24,3776,301,SAV-73505,38926,2026-03-12,2026-03-21,NA
East West Bank,EWB-1000110,Lot Loan,FNMA,Borrower 110,"2287 Main St, Unit 21",Commercial & Multi-Family (5+ Units),CS1,MA,4,TRNS,Christopher Thomas,2022-01-19,2052-01-12,2026-04-21,1864,60-Day Delinquent,60,822938,0,1257739,2021-12-20,1593388,2025-02-02,631,51.65,2026-03-13,2574,301,SAV-73290,32237,2026-03-18,2026-03-17,N
East West Bank,EWB-1000111,Foreign National,EWB-INT,Borrower 111,"2108 Main St, Unit 28",Residential Property (1-4 Units),CE1,WA,4,BK,Patricia Hernandez,2022-10-02,2052-09-24,2026-04-21,4238,Current,0,140656,0,155486,2022-09-02,175995,2025-09-30,648,79.92,2026-03-09,2781,470,SAV-48338,44714,2026-03-09,2026-03-21,N
East West Bank,EWB-1000112,Foreign National,GNMA,Borrower 112,"8681 Main St, Unit 43",Residential Property (1-4 Units),SP1,WA,3,PIF,Thomas Thompson,2023-02-02,2053-01-25,2026-04-21,1003,Current,0,327210,0,370184,2023-01-03,375630,2024-11-09,632,87.11,2026-02-01,1883,241,SAV-52680,2612,2026-03-11,2026-03-19,NA
East West Bank,EWB-1000113,ARM,PRIV,Borrower 113,"8127 Main St, Unit 20",Commercial & Multi-Family (5+ Units),SP1,FL,4,DIS,Patricia Hernandez,2022-06-30,2052-06-22,2026-04-21,1291,60-Day Delinquent,60,380202,0,439336,2022-05-31,451976,2026-01-13,688,84.12,2026-01-22,2401,252,SAV-62422,28080,2026-03-15,2026-03-17,NA
East West Bank,EWB-1000114,Lot Loan,FNMA,Borrower 114,"7597 Main St, Unit 41",Commercial & Multi-Family (5+ Units),CS1,WA,2,SII,Patricia Hernandez,2022-08-20,2052-08-12,2026-04-21,3994,90-Day Delinquent,120,541738,3291,695977,2022-07-21,737472,2025-01-19,802,73.46,2026-02-14,1240,96,SAV-62268,41618,2026-03-20,2026-03-19,NA
East West Bank,EWB-1000115,Equity,EWB-INT,Borrower 115,"7594 Main St, Unit 30",Residential Property (1-4 Units),HE1,NY,4,TRNS,Nancy Jackson,2022-07-23,2052-07-15,2026-04-21,3045,Current,0,692739,0,1091218,2022-06-23,1396607,2025-07-21,800,49.6,2026-01-23,1809,133,SAV-69889,45501,2026-03-20,2026-03-22,N
East West Bank,EWB-1000116,ARM,GNMA,Borrower 116,"271 Main St, Unit 6",Residential Property (1-4 Units),SP1,FL,2,PIF,Sandra Garcia,2023-06-24,2053-06-16,2026-04-21,3235,Current,0,264446,0,329208,2023-05-25,403230,2025-12-09,832,65.58,2026-02-01,1925,101,SAV-36384,23211,2026-03-16,2026-03-19,N
East West Bank,EWB-1000117,Equity,PRIV,Borrower 117,"4007 Main St, Unit 47",Residential Property (1-4 Units),HE1,CA,2,LOSS,Charles Wilson,2023-07-21,2053-07-13,2026-04-21,3780,60-Day Delinquent,60,804356,0,1482397,2023-06-21,1578078,2024-05-09,747,50.97,2026-02-19,3901,158,SAV-61256,15703,2026-03-20,2026-03-19,N
East West Bank,EWB-1000118,ARM,FHLMC,Borrower 118,"1779 Main St, Unit 29",Commercial & Multi-Family (5+ Units),HE1,MA,1,LOSS,Thomas Thompson,2022-09-26,2052-09-18,2026-04-21,2414,Current,0,449142,0,505249,2022-08-27,574792,2024-05-28,773,78.14,2026-03-06,2226,7,SAV-33277,30509,2026-03-13,2026-03-20,Y
East West Bank,EWB-1000119,Specialty,FHLMC,Borrower 119,"7145 Main St, Unit 18",Commercial & Multi-Family (5+ Units),CR1,GA,3,M,David Rodriguez,2022-01-02,2051-12-26,2026-04-21,4562,Current,0,1030985,0,1487682,2021-12-03,1846434,2024-05-14,724,55.84,2026-03-03,1365,46,SAV-41208,13800,2026-03-17,2026-03-20,NA
East West Bank,EWB-1000120,Conventional,PRIV,Borrower 120,"8238 Main St, Unit 42",Commercial & Multi-Family (5+ Units),CR1,GA,4,TRNS,Sarah Jenkins,2023-08-29,2053-08-21,2026-04-21,2001,90-Day Delinquent,120,532673,398,842440,2023-07-30,793996,2025-04-26,711,67.09,2026-02-09,2305,47,SAV-15036,9171,2026-03-11,2026-03-20,NA
East West Bank,EWB-1000121,Foreign National,EWB-INT,Borrower 121,"9051 Main St, Unit 15",Commercial & Multi-Family (5+ Units),CR1,IL,1,BK,Lisa Williams,2023-04-02,2053-03-25,2026-04-21,4461,Current,0,567458,0,894699,2023-03-03,883177,2025-01-02,761,64.25,2026-03-07,3198,279,SAV-10024,24454,2026-03-17,2026-03-21,N
East West Bank,EWB-1000122,Equity,FHLMC,Borrower 122,"1729 Main St, Unit 42",Residential Property (1-4 Units),CS1,IL,3,BK,Christopher Thomas,2022-01-29,2052-01-22,2026-04-21,4459,30-Day Delinquent,30,693104,0,961721,2021-12-30,1119750,2024-09-08,618,61.9,2026-01-25,3162,348,SAV-84407,31089,2026-03-08,2026-03-20,N
East West Bank,EWB-1000123,Construction,FNMA,Borrower 123,"3379 Main St, Unit 1",Residential Property (1-4 Units),CR1,NJ,4,LEG,Patricia Hernandez,2023-10-07,2053-09-29,2026-04-21,3319,Current,0,824121,0,1284764,2023-09-07,1355192,2024-05-09,821,60.81,2026-03-18,3436,69,SAV-15047,7722,2026-03-09,2026-03-17,NA
East West Bank,EWB-1000124,Lot Loan,EWB-INT,Borrower 124,"1465 Main St, Unit 26",Residential Property (1-4 Units),LC1,MA,1,PIF,Robert Brown,2022-12-15,2052-12-07,2026-04-21,3033,Current,0,689651,0,798249,2022-11-15,757131,2024-05-02,580,91.09,2026-02-14,2246,198,SAV-64664,38178,2026-03-18,2026-03-22,Y
East West Bank,EWB-1000125,Conventional,FHLMC,Borrower 125,"556 Main St, Unit 13",Residential Property (1-4 Units),CE1,IL,4,REO,Thomas Thompson,2022-05-13,2052-05-05,2026-04-21,4263,30-Day Delinquent,30,679229,0,1016651,2022-04-13,1093631,2025-08-15,770,62.11,2026-03-12,3625,474,SAV-53891,13048,2026-03-10,2026-03-18,N
East West Bank,EWB-1000126,Conventional,FHLMC,Borrower 126,"8063 Main St, Unit 19",Residential Property (1-4 Units),CE1,TX,3,LEG,Michael Chen,2023-08-06,2053-07-29,2026-04-21,2008,Current,0,278221,0,363920,2023-07-07,466245,2025-10-27,713,59.67,2026-03-02,3329,299,SAV-19677,35409,2026-03-14,2026-03-22,Y
East West Bank,EWB-1000127,Construction,FNMA,Borrower 127,"1757 Main St, Unit 46",Residential Property (1-4 Units),CR1,NJ,3,LEG,Matthew Moore,2022-06-18,2052-06-10,2026-04-21,1444,60-Day Delinquent,60,552387,0,803983,2022-05-19,749062,2025-09-01,728,73.74,2026-03-11,1811,17,SAV-91587,37258,2026-03-07,2026-03-22,N
East West Bank,EWB-1000128,Construction,EWB-INT,Borrower 128,"1583 Main St, Unit 24",Residential Property (1-4 Units),CR1,WA,3,BK,Matthew Moore,2023-12-25,2053-12-17,2026-04-21,4742,Current,0,822559,0,1391290,2023-11-25,1513555,2025-07-07,743,54.35,2026-03-02,1712,431,SAV-32035,42260,2026-03-12,2026-03-19,Y
East West Bank,EWB-1000129,ARM,FNMA,Borrower 129,"9509 Main St, Unit 18",Commercial & Multi-Family (5+ Units),CE1,MA,3,PIF,Linda Garcia,2022-02-24,2052-02-17,2026-04-21,4209,Current,0,351388,0,425987,2022-01-25,427284,2024-12-07,626,82.24,2026-02-13,1686,384,SAV-92802,35175,2026-03-10,2026-03-17,N
East West Bank,EWB-1000130,Equity,FNMA,Borrower 130,"8689 Main St, Unit 23",Residential Property (1-4 Units),CR1,CA,1,REO,Michael Chen,2022-03-24,2052-03-16,2026-04-21,3597,30-Day Delinquent,30,232343,0,409214,2022-02-22,450578,2025-01-02,580,51.57,2026-02-14,3427,66,SAV-68301,34893,2026-03-10,2026-03-20,NA
East West Bank,EWB-1000131,Construction,FHLMC,Borrower 131,"422 Main St, Unit 18",Commercial & Multi-Family (5+ Units),HE1,TX,2,DIS,Barbara Taylor,2023-07-14,2053-07-06,2026-04-21,4368,30-Day Delinquent,30,735257,0,1348735,2023-06-14,1644144,2024-11-07,591,44.72,2026-01-27,3970,487,SAV-19288,1416,2026-03-18,2026-03-19,Y
East West Bank,EWB-1000132,Lot Loan,FHLMC,Borrower 132,"6851 Main St, Unit 49",Residential Property (1-4 Units),CR1,NJ,1,LOSS,Daniel Martin,2022-09-30,2052-09-22,2026-04-21,4675,90-Day Delinquent,120,889855,2469,1209599,2022-08-31,1569656,2025-02-28,735,56.69,2026-02-07,1659,417,SAV-74105,15765,2026-03-08,2026-03-19,Y
East West Bank,EWB-1000133,Construction,PRIV,Borrower 133,"4119 Main St, Unit 45",Commercial & Multi-Family (5+ Units),CE1,IL,1,DIS,Linda Garcia,2023-12-15,2053-12-07,2026-04-21,1141,Current,0,716539,0,1207913,2023-11-15,1319605,2025-03-10,743,54.3,2026-02-05,2232,225,SAV-98537,15505,2026-03-07,2026-03-20,NA
East West Bank,EWB-1000134,Equity,GNMA,Borrower 134,"3080 Main St, Unit 30",Residential Property (1-4 Units),HE1,NJ,3,DIS,Jessica Taylor,2023-10-24,2053-10-16,2026-04-21,3861,Current,0,732671,0,837281,2023-09-24,821119,2024-08-30,799,89.23,2026-02-05,1032,494,SAV-19072,23661,2026-03-21,2026-03-17,NA
East West Bank,EWB-1000135,Lot Loan,PRIV,Borrower 135,"5286 Main St, Unit 48",Commercial & Multi-Family (5+ Units),CS1,TX,2,PIF,Daniel Martin,2023-02-19,2053-02-11,2026-04-21,3505,Current,0,727788,0,941267,2023-01-20,857707,2024-10-07,724,84.85,2026-03-17,1545,416,SAV-35498,45909,2026-03-07,2026-03-17,Y
East West Bank,EWB-1000136,ARM,GNMA,Borrower 136,"7768 Main St, Unit 7",Residential Property (1-4 Units),SP1,GA,1,PIF,Donald Martinez,2023-02-08,2053-01-31,2026-04-21,1190,Current,0,407748,0,467428,2023-01-09,552112,2024-11-17,799,73.85,2026-02-07,2492,266,SAV-19255,23166,2026-03-13,2026-03-22,NA
East West Bank,EWB-1000137,Equity,FHLMC,Borrower 137,"2838 Main St, Unit 3",Commercial & Multi-Family (5+ Units),LC1,NY,4,LEG,Nancy Jackson,2023-11-25,2053-11-17,2026-04-21,3027,Current,0,860912,0,1363997,2023-10-26,1240021,2024-08-23,832,69.43,2026-01-27,2030,62,SAV-87517,32482,2026-03-10,2026-03-19,NA
East West Bank,EWB-1000138,Conventional,GNMA,Borrower 138,"8347 Main St, Unit 13",Residential Property (1-4 Units),HE1,GA,4,SII,Jessica Taylor,2022-04-04,2052-03-27,2026-04-21,3041,90-Day Delinquent,120,373668,2018,730466,2022-03-05,802146,2025-06-10,776,46.58,2026-02-24,2413,155,SAV-36052,40061,2026-03-07,2026-03-19,NA
East West Bank,EWB-1000139,Foreign National,EWB-INT,Borrower 139,"9938 Main St, Unit 43",Commercial & Multi-Family (5+ Units),CR1,MA,4,SII,Thomas Thompson,2022-06-06,2052-05-29,2026-04-21,4294,30-Day Delinquent,30,1169307,0,1328049,2022-05-07,1566885,2026-02-11,821,74.63,2026-02-26,1017,472,SAV-58070,36724,2026-03-13,2026-03-22,N
East West Bank,EWB-1000140,Lot Loan,GNMA,Borrower 140,"2965 Main St, Unit 26",Commercial & Multi-Family (5+ Units),CR1,IL,2,SII,Joseph White,2022-06-19,2052-06-11,2026-04-21,2290,Current,0,1115533,0,1367540,2022-05-20,1479812,2025-10-25,644,75.38,2026-02-27,2640,411,SAV-68973,2713,2026-03-14,2026-03-18,N
East West Bank,EWB-1000141,Construction,GNMA,Borrower 141,"6731 Main St, Unit 36",Residential Property (1-4 Units),HE1,MA,2,SII,David Rodriguez,2022-01-01,2051-12-25,2026-04-21,1570,Current,0,188473,0,262816,2021-12-02,260221,2025-05-15,642,72.43,2026-02-08,3709,425,SAV-11208,10512,2026-03-19,2026-03-18,NA
East West Bank,EWB-1000142,Specialty,PRIV,Borrower 142,"3025 Main St, Unit 49",Commercial & Multi-Family (5+ Units),HE1,WA,1,LEG,Daniel Martin,2023-05-21,2053-05-13,2026-04-21,2553,Current,0,344173,0,419114,2023-04-21,440476,2024-04-03,677,78.14,2026-01-22,2453,32,SAV-22227,48453,2026-03-18,2026-03-18,NA
East West Bank,EWB-1000143,Equity,GNMA,Borrower 143,"4441 Main St, Unit 33",Residential Property (1-4 Units),CS1,IL,4,SII,Daniel Martin,2022-07-05,2052-06-27,2026-04-21,4120,Current,0,369236,0,420846,2022-06-05,470555,2025-02-01,585,78.47,2026-01-31,3981,185,SAV-71731,45861,2026-03-07,2026-03-21,N
East West Bank,EWB-1000144,ARM,GNMA,Borrower 144,"4246 Main St, Unit 10",Residential Property (1-4 Units),SP1,NY,1,REO,James Miller,2022-01-29,2052-01-22,2026-04-21,3119,30-Day Delinquent,30,704179,0,865460,2021-12-30,932737,2024-05-17,838,75.5,2026-03-19,1313,69,SAV-77661,21680,2026-03-22,2026-03-20,NA
East West Bank,EWB-1000145,Equity,FHLMC,Borrower 145,"1363 Main St, Unit 42",Residential Property (1-4 Units),CS1,FL,2,REO,David Rodriguez,2023-09-29,2053-09-21,2026-04-21,1342,Current,0,287658,0,350244,2023-08-30,444968,2024-04-15,781,64.65,2026-03-18,2752,481,SAV-76143,27411,2026-03-16,2026-03-20,NA
East West Bank,EWB-1000146,Specialty,PRIV,Borrower 146,"3132 Main St, Unit 49",Commercial & Multi-Family (5+ Units),CE1,GA,4,REO,Michael Chen,2022-04-08,2052-03-31,2026-04-21,4569,60-Day Delinquent,60,1126185,0,1343104,2022-03-09,1632082,2025-11-28,657,69.0,2026-02-23,3681,39,SAV-30251,35881,2026-03-17,2026-03-19,N
East West Bank,EWB-1000147,Equity,PRIV,Borrower 147,"7829 Main St, Unit 16",Residential Property (1-4 Units),LC1,FL,2,LEG,Lisa Williams,2022-09-30,2052-09-22,2026-04-21,1132,Current,0,1027484,0,1084604,2022-08-31,1242992,2024-12-02,613,82.66,2026-03-17,2304,279,SAV-20568,49768,2026-03-16,2026-03-18,Y
East West Bank,EWB-1000148,Foreign National,FNMA,Borrower 148,"5695 Main St, Unit 17",Residential Property (1-4 Units),SP1,VA,3,SII,Richard Davis,2023-10-31,2053-10-23,2026-04-21,2735,Current,0,1080470,0,1336887,2023-10-01,1310378,2024-08-19,733,82.45,2026-01-28,1058,410,SAV-18048,16981,2026-03-10,2026-03-22,NA
East West Bank,EWB-1000149,Lot Loan,PRIV,Borrower 149,"2939 Main St, Unit 8",Residential Property (1-4 Units),LC1,IL,2,M,Emily Watson,2023-11-28,2053-11-20,2026-04-21,4885,Current,0,406830,0,736165,2023-10-29,838314,2025-10-26,838,48.53,2026-02-02,3058,92,SAV-52416,42971,2026-03-12,2026-03-20,Y
East West Bank,EWB-1000150,Construction,EWB-INT,Borrower 150,"2921 Main St, Unit 34",Residential Property (1-4 Units),HE1,VA,1,DIS,Donald Martinez,2023-08-22,2053-08-14,2026-04-21,3547,Current,0,361188,0,711419,2023-07-23,872635,2025-12-29,815,41.39,2026-03-08,3906,205,SAV-73684,10849,2026-03-07,2026-03-21,Y
East West Bank,EWB-1000151,Equity,EWB-INT,Borrower 151,"6563 Main St, Unit 22",Commercial & Multi-Family (5+ Units),LC1,GA,3,DIS,John Smith,2022-08-31,2052-08-23,2026-04-21,3685,Current,0,579871,0,960717,2022-08-01,883352,2025-01-16,691,65.64,2026-03-16,3038,152,SAV-42719,15208,2026-03-21,2026-03-21,Y
East West Bank,EWB-1000152,Construction,GNMA,Borrower 152,"1138 Main St, Unit 18",Residential Property (1-4 Units),CE1,MA,3,FC,Matthew Moore,2022-03-28,2052-03-20,2026-04-21,2515,Current,0,507808,0,689542,2022-02-26,702302,2025-07-29,808,72.31,2026-03-06,2252,102,SAV-39348,23564,2026-03-09,2026-03-18,Y
East West Bank,EWB-1000153,Lot Loan,EWB-INT,Borrower 153,"3017 Main St, Unit 45",Residential Property (1-4 Units),CS1,MA,2,BK,Lisa Williams,2023-02-04,2053-01-27,2026-04-21,4331,30-Day Delinquent,30,292838,0,465826,2023-01-05,482065,2025-11-10,771,60.75,2026-03-06,1810,353,SAV-57985,37642,2026-03-10,2026-03-18,Y
East West Bank,EWB-1000154,Equity,PRIV,Borrower 154,"9861 Main St, Unit 49",Commercial & Multi-Family (5+ Units),LC1,GA,3,LOSS,Sandra Garcia,2023-10-31,2053-10-23,2026-04-21,2253,Current,0,137483,0,156949,2023-10-01,146726,2025-04-21,677,93.7,2026-02-04,1178,237,SAV-44504,24805,2026-03-20,2026-03-17,Y
East West Bank,EWB-1000155,Equity,PRIV,Borrower 155,"729 Main St, Unit 5",Commercial & Multi-Family (5+ Units),LC1,MA,3,LEG,David Rodriguez,2023-03-06,2053-02-26,2026-04-21,1782,30-Day Delinquent,30,431389,0,700222,2023-02-04,907681,2024-12-13,828,47.53,2026-02-14,1797,419,SAV-46334,35361,2026-03-21,2026-03-21,Y
East West Bank,EWB-1000156,Construction,EWB-INT,Borrower 156,"4947 Main St, Unit 46",Residential Property (1-4 Units),HE1,TX,3,LOSS,Susan Martinez,2023-12-05,2053-11-27,2026-04-21,4583,Current,0,219356,0,400875,2023-11-05,377988,2024-08-28,826,58.03,2026-01-31,1147,157,SAV-80041,40037,2026-03-15,2026-03-22,Y
East West Bank,EWB-1000157,Specialty,GNMA,Borrower 157,"3565 Main St, Unit 26",Commercial & Multi-Family (5+ Units),LC1,GA,2,REO,Jessica Taylor,2022-11-12,2052-11-04,2026-04-21,2481,Current,0,1196305,0,1446516,2022-10-13,1715429,2025-10-06,763,69.74,2026-02-23,1312,279,SAV-81433,8788,2026-03-08,2026-03-21,NA
East West Bank,EWB-1000158,ARM,PRIV,Borrower 158,"1313 Main St, Unit 12",Commercial & Multi-Family (5+ Units),LC1,GA,1,LEG,Sarah Jenkins,2022-10-29,2052-10-21,2026-04-21,4453,60-Day Delinquent,60,618386,0,800199,2022-09-29,853538,2025-12-14,613,72.45,2026-02-18,3401,484,SAV-23344,33801,2026-03-09,2026-03-22,N
East West Bank,EWB-1000159,Construction,PRIV,Borrower 159,"2093 Main St, Unit 24",Commercial & Multi-Family (5+ Units),LC1,WA,4,BK,Joseph White,2023-01-23,2053-01-15,2026-04-21,3066,30-Day Delinquent,30,986582,0,1204145,2022-12-24,1429000,2025-07-31,705,69.04,2026-03-04,1266,184,SAV-11237,16674,2026-03-09,2026-03-22,Y
East West Bank,EWB-1000160,Equity,PRIV,Borrower 160,"301 Main St, Unit 7",Residential Property (1-4 Units),CS1,NY,4,LOSS,Robert Brown,2023-02-22,2053-02-14,2026-04-21,2930,30-Day Delinquent,30,888628,0,1243578,2023-01-23,1593637,2025-11-02,828,55.76,2026-02-19,2610,128,SAV-23469,27156,2026-03-15,2026-03-20,Y
East West Bank,EWB-1000161,Construction,EWB-INT,Borrower 161,"7356 Main St, Unit 8",Residential Property (1-4 Units),CR1,NY,4,DIS,Emily Watson,2023-05-03,2053-04-25,2026-04-21,3069,Current,0,914965,0,1410367,2023-04-03,1430711,2025-11-18,587,63.95,2026-03-06,1234,124,SAV-53251,12056,2026-03-18,2026-03-20,N
East West Bank,EWB-1000162,Equity,FNMA,Borrower 162,"4811 Main St, Unit 34",Commercial & Multi-Family (5+ Units),CS1,NJ,4,PIF,David Rodriguez,2022-05-03,2052-04-25,2026-04-21,2717,Current,0,664024,0,1062259,2022-04-03,1162855,2024-03-27,774,57.1,2026-03-19,2711,423,SAV-74135,5401,2026-03-15,2026-03-17,N
East West Bank,EWB-1000163,Conventional,FHLMC,Borrower 163,"389 Main St, Unit 8",Residential Property (1-4 Units),CR1,TX,4,LEG,James Miller,2022-09-15,2052-09-07,2026-04-21,3650,90-Day Delinquent,90,394970,44,576650,2022-08-16,744444,2025-11-20,739,53.06,2026-03-03,3103,125,SAV-10915,3521,2026-03-14,2026-03-21,NA
East West Bank,EWB-1000164,Construction,PRIV,Borrower 164,"5619 Main St, Unit 44",Commercial & Multi-Family (5+ Units),HE1,NJ,3,REO,Donald Martinez,2022-02-06,2052-01-30,2026-04-21,3044,Current,0,884282,0,1078818,2022-01-07,1027276,2025-01-14,584,86.08,2026-03-16,3849,46,SAV-21781,42498,2026-03-11,2026-03-17,NA
East West Bank,EWB-1000165,Lot Loan,PRIV,Borrower 165,"2871 Main St, Unit 26",Commercial & Multi-Family (5+ Units),HE1,NJ,3,REO,Margaret Harris,2022-10-26,2052-10-18,2026-04-21,4670,Current,0,642773,0,1235244,2022-09-26,1572327,2024-09-05,580,40.88,2026-01-28,1614,45,SAV-62375,12736,2026-03-19,2026-03-21,Y
East West Bank,EWB-1000166,Specialty,EWB-INT,Borrower 166,"2082 Main St, Unit 5",Commercial & Multi-Family (5+ Units),CR1,WA,2,TRNS,David Rodriguez,2023-10-29,2053-10-21,2026-04-21,3538,Current,0,245107,0,297979,2023-09-29,296864,2025-03-12,625,82.57,2026-02-28,1821,441,SAV-16903,6466,2026-03-08,2026-03-17,NA
East West Bank,EWB-1000167,ARM,EWB-INT,Borrower 167,"1784 Main St, Unit 3",Residential Property (1-4 Units),CR1,NY,2,PIF,Matthew Moore,2022-10-01,2052-09-23,2026-04-21,1874,Current,0,182144,0,241865,2022-09-01,290738,2025-12-10,828,62.65,2026-02-10,1563,399,SAV-95997,26018,2026-03-21,2026-03-17,NA
East West Bank,EWB-1000168,Lot Loan,FHLMC,Borrower 168,"2620 Main St, Unit 47",Commercial & Multi-Family (5+ Units),CS1,FL,1,REO,Emily Watson,2023-09-23,2053-09-15,2026-04-21,4789,Current,0,1290675,0,1372869,2023-08-24,1315325,2025-06-27,635,98.13,2026-03-21,1511,425,SAV-71708,17807,2026-03-22,2026-03-21,N
East West Bank,EWB-1000169,Construction,PRIV,Borrower 169,"3084 Main St, Unit 12",Commercial & Multi-Family (5+ Units),SP1,FL,4,SII,Thomas Thompson,2022-10-16,2052-10-08,2026-04-21,2756,90-Day Delinquent,90,216225,4175,333868,2022-09-16,396702,2025-03-21,605,54.51,2026-02-16,3448,38,SAV-12274,36727,2026-03-19,2026-03-22,NA
East West Bank,EWB-1000170,ARM,FNMA,Borrower 170,"1826 Main St, Unit 46",Commercial & Multi-Family (5+ Units),CR1,WA,4,SII,Margaret Harris,2022-12-26,2052-12-18,2026-04-21,3179,90-Day Delinquent,90,229494,4827,340471,2022-11-26,340213,2024-06-06,832,67.46,2026-03-04,2384,130,SAV-71197,29716,2026-03-14,2026-03-19,Y
East West Bank,EWB-1000171,Conventional,GNMA,Borrower 171,"8724 Main St, Unit 15",Commercial & Multi-Family (5+ Units),CS1,MA,1,DIS,Margaret Harris,2023-06-17,2053-06-09,2026-04-21,1923,90-Day Delinquent,150,759199,4580,1067559,2023-05-18,1252233,2024-09-13,607,60.63,2026-01-30,3254,486,SAV-28958,49718,2026-03-21,2026-03-22,N
East West Bank,EWB-1000172,Lot Loan,FHLMC,Borrower 172,"9220 Main St, Unit 23",Residential Property (1-4 Units),SP1,NJ,4,LEG,Christopher Thomas,2023-04-02,2053-03-25,2026-04-21,4492,Current,0,367457,0,718535,2023-03-03,915506,2025-01-31,733,40.14,2026-01-29,3215,253,SAV-23893,32650,2026-03-20,2026-03-22,Y
East West Bank,EWB-1000173,ARM,EWB-INT,Borrower 173,"5513 Main St, Unit 36",Commercial & Multi-Family (5+ Units),CS1,MA,2,BK,Daniel Martin,2023-01-13,2053-01-05,2026-04-21,4775,Current,0,1067332,0,1457506,2022-12-14,1355432,2026-02-14,582,78.74,2026-01-26,3298,173,SAV-32162,14712,2026-03-13,2026-03-18,NA
East West Bank,EWB-1000174,ARM,GNMA,Borrower 174,"6461 Main St, Unit 17",Residential Property (1-4 Units),LC1,FL,3,REO,Richard Davis,2022-07-20,2052-07-12,2026-04-21,4770,90-Day Delinquent,90,566084,1208,598874,2022-06-20,723922,2024-10-01,806,78.2,2026-03-06,1323,381,SAV-79211,15951,2026-03-08,2026-03-21,NA
East West Bank,EWB-1000175,Construction,PRIV,Borrower 175,"5713 Main St, Unit 47",Commercial & Multi-Family (5+ Units),CS1,TX,3,PIF,Emily Watson,2023-08-23,2053-08-15,2026-04-21,4182,Current,0,624464,0,1010120,2023-07-24,1097168,2024-05-31,607,56.92,2026-03-02,1987,455,SAV-59855,12831,2026-03-21,2026-03-20,Y
East West Bank,EWB-1000176,Lot Loan,FHLMC,Borrower 176,"5757 Main St, Unit 27",Residential Property (1-4 Units),HE1,GA,3,SII,Jessica Taylor,2023-04-09,2053-04-01,2026-04-21,1096,Current,0,1291754,0,1446312,2023-03-10,1783663,2025-05-24,810,72.42,2026-03-15,3109,131,SAV-86896,23091,2026-03-12,2026-03-17,N
East West Bank,EWB-1000177,Construction,EWB-INT,Borrower 177,"3281 Main St, Unit 41",Commercial & Multi-Family (5+ Units),CE1,FL,2,LOSS,Patricia Hernandez,2023-12-27,2053-12-19,2026-04-21,4826,Current,0,692812,0,920173,2023-11-27,865183,2024-09-02,724,80.08,2026-03-15,3635,29,SAV-93548,15211,2026-03-10,2026-03-18,NA
East West Bank,EWB-1000178,Lot Loan,EWB-INT,Borrower 178,"2529 Main St, Unit 41",Commercial & Multi-Family (5+ Units),CS1,CA,4,FC,Charles Wilson,2022-01-04,2051-12-28,2026-04-21,3771,Current,0,386008,0,681849,2021-12-05,834002,2025-12-16,812,46.28,2026-02-25,2765,422,SAV-87648,41060,2026-03-11,2026-03-22,Y
East West Bank,EWB-1000179,Equity,EWB-INT,Borrower 179,"3321 Main St, Unit 15",Commercial & Multi-Family (5+ Units),LC1,MA,2,FC,Margaret Harris,2022-01-23,2052-01-16,2026-04-21,2989,Current,0,124996,0,176734,2021-12-24,166796,2025-07-08,690,74.94,2026-03-17,1684,395,SAV-62606,32144,2026-03-08,2026-03-19,NA
East West Bank,EWB-1000180,Construction,FHLMC,Borrower 180,"2478 Main St, Unit 3",Commercial & Multi-Family (5+ Units),LC1,NJ,3,SII,Christopher Thomas,2022-05-09,2052-05-01,2026-04-21,2770,30-Day Delinquent,30,374150,0,687198,2022-04-09,871754,2025-02-17,815,42.92,2026-01-24,1736,288,SAV-98437,25778,2026-03-21,2026-03-22,Y
East West Bank,EWB-1000181,ARM,FNMA,Borrower 181,"9798 Main St, Unit 49",Commercial & Multi-Family (5+ Units),SP1,IL,1,PIF,Charles Wilson,2022-11-29,2052-11-21,2026-04-21,4903,Current,0,328301,0,512920,2022-10-30,488989,2024-06-18,585,67.14,2026-03-07,2849,39,SAV-93308,37364,2026-03-19,2026-03-19,Y
East West Bank,EWB-1000182,Foreign National,GNMA,Borrower 182,"7369 Main St, Unit 13",Commercial & Multi-Family (5+ Units),SP1,TX,4,LOSS,Nancy Jackson,2023-11-07,2053-10-30,2026-04-21,3517,90-Day Delinquent,90,640343,4791,722735,2023-10-08,799307,2024-12-05,808,80.11,2026-03-19,1554,451,SAV-31287,39485,2026-03-07,2026-03-17,NA
East West Bank,EWB-1000183,ARM,PRIV,Borrower 183,"9783 Main St, Unit 42",Residential Property (1-4 Units),CE1,WA,3,LOSS,Michael Chen,2023-04-03,2053-03-26,2026-04-21,4674,90-Day Delinquent,120,540221,4859,1052580,2023-03-04,1190375,2024-04-30,777,45.38,2026-02-26,1841,161,SAV-73362,3582,2026-03-09,2026-03-20,Y
East West Bank,EWB-1000184,Equity,FNMA,Borrower 184,"1498 Main St, Unit 45",Residential Property (1-4 Units),CE1,WA,4,PIF,Sandra Garcia,2022-03-31,2052-03-23,2026-04-21,2730,Current,0,175070,0,222303,2022-03-01,211919,2024-09-23,674,82.61,2026-03-12,1044,282,SAV-75639,48328,2026-03-19,2026-03-17,NA
East West Bank,EWB-1000185,Equity,FNMA,Borrower 185,"7023 Main St, Unit 3",Commercial & Multi-Family (5+ Units),LC1,WA,1,FC,Robert Brown,2023-11-08,2053-10-31,2026-04-21,2308,Current,0,225203,0,274040,2023-10-09,259059,2025-06-23,610,86.93,2026-02-19,3236,378,SAV-50403,10928,2026-03-12,2026-03-18,NA
East West Bank,EWB-1000186,Foreign National,FHLMC,Borrower 186,"7994 Main St, Unit 4",Commercial & Multi-Family (5+ Units),HE1,WA,1,M,Jessica Taylor,2023-09-17,2053-09-09,2026-04-21,2115,Current,0,496515,0,945543,2023-08-18,1077715,2025-07-13,585,46.07,2026-03-01,1080,350,SAV-53601,1022,2026-03-21,2026-03-19,N
East West Bank,EWB-1000187,Construction,FNMA,Borrower 187,"9519 Main St, Unit 5",Residential Property (1-4 Units),CR1,WA,4,DIS,Richard Davis,2022-04-18,2052-04-10,2026-04-21,2310,Current,0,1087034,0,1147083,2022-03-19,1487549,2025-12-08,583,73.08,2026-03-03,2916,333,SAV-77704,12023,2026-03-08,2026-03-22,NA
East West Bank,EWB-1000188,Lot Loan,GNMA,Borrower 188,"3044 Main St, Unit 25",Commercial & Multi-Family (5+ Units),LC1,IL,2,M,Daniel Martin,2022-11-17,2052-11-09,2026-04-21,2077,Current,0,270232,0,537952,2022-10-18,663195,2024-06-25,641,40.75,2026-03-06,2659,192,SAV-24795,26924,2026-03-13,2026-03-21,NA
East West Bank,EWB-1000189,ARM,PRIV,Borrower 189,"6611 Main St, Unit 49",Residential Property (1-4 Units),LC1,WA,2,PIF,Joseph White,2022-11-17,2052-11-09,2026-04-21,3859,90-Day Delinquent,90,364215,982,675134,2022-10-18,780430,2025-01-25,605,46.67,2026-01-28,3105,55,SAV-76228,17334,2026-03-21,2026-03-21,Y
East West Bank,EWB-1000190,Lot Loan,PRIV,Borrower 190,"4207 Main St, Unit 11",Commercial & Multi-Family (5+ Units),LC1,WA,2,LEG,Barbara Taylor,2023-11-19,2053-11-11,2026-04-21,1630,Current,0,261686,0,287541,2023-10-20,355040,2025-01-07,697,73.71,2026-01-27,3915,408,SAV-85072,5273,2026-03-13,2026-03-17,NA
East West Bank,EWB-1000191,Lot Loan,PRIV,Borrower 191,"3450 Main St, Unit 50",Commercial & Multi-Family (5+ Units),LC1,IL,1,M,Jessica Taylor,2023-11-13,2053-11-05,2026-04-21,2971,30-Day Delinquent,30,1246518,0,1387715,2023-10-14,1511800,2025-07-11,599,82.45,2026-03-12,1958,389,SAV-59894,10272,2026-03-12,2026-03-21,NA
East West Bank,EWB-1000192,ARM,PRIV,Borrower 192,"9251 Main St, Unit 46",Residential Property (1-4 Units),CR1,WA,4,BK,Linda Garcia,2022-09-09,2052-09-01,2026-04-21,3686,Current,0,289619,0,539678,2022-08-10,562636,2026-02-20,669,51.48,2026-03-07,3179,314,SAV-67890,26610,2026-03-10,2026-03-19,NA
East West Bank,EWB-1000193,Lot Loan,FNMA,Borrower 193,"3201 Main St, Unit 43",Residential Property (1-4 Units),CR1,VA,1,BK,Nancy Jackson,2023-07-25,2053-07-17,2026-04-21,2318,60-Day Delinquent,60,854829,0,938260,2023-06-25,937821,2025-10-05,838,91.15,2026-02-11,3746,479,SAV-79777,641,2026-03-21,2026-03-22,Y
East West Bank,EWB-1000194,Lot Loan,FHLMC,Borrower 194,"9826 Main St, Unit 11",Residential Property (1-4 Units),CE1,MA,3,TRNS,Robert Brown,2023-09-23,2053-09-15,2026-04-21,4310,Current,0,706907,0,916641,2023-08-24,947559,2026-02-11,840,74.6,2026-03-18,2822,343,SAV-97198,12139,2026-03-22,2026-03-20,Y
East West Bank,EWB-1000195,Conventional,FNMA,Borrower 195,"3064 Main St, Unit 20",Residential Property (1-4 Units),SP1,TX,3,TRNS,Linda Garcia,2022-12-01,2052-11-23,2026-04-21,3757,Current,0,617217,0,1069723,2022-11-01,1192411,2026-02-08,747,51.76,2026-02-06,3794,183,SAV-97879,41863,2026-03-11,2026-03-21,NA
East West Bank,EWB-1000196,Lot Loan,EWB-INT,Borrower 196,"5824 Main St, Unit 9",Residential Property (1-4 Units),CS1,NJ,4,SII,James Miller,2023-06-05,2053-05-28,2026-04-21,1604,60-Day Delinquent,60,1118810,0,1207088,2023-05-06,1438200,2025-04-08,680,77.79,2026-02-04,3189,99,SAV-49830,39695,2026-03-13,2026-03-22,Y
East West Bank,EWB-1000197,Foreign National,EWB-INT,Borrower 197,"825 Main St, Unit 42",Residential Property (1-4 Units),LC1,FL,3,REO,Jessica Taylor,2023-02-04,2053-01-27,2026-04-21,4209,Current,0,186058,0,243070,2023-01-05,269448,2024-08-20,673,69.05,2026-02-07,3812,0,SAV-24677,30107,2026-03-15,2026-03-17,N
East West Bank,EWB-1000198,Equity,EWB-INT,Borrower 198,"4772 Main St, Unit 42",Commercial & Multi-Family (5+ Units),CS1,TX,3,M,Sandra Garcia,2023-12-26,2053-12-18,2026-04-21,2155,Current,0,407202,0,757812,2023-11-26,693589,2025-04-09,815,58.71,2026-03-14,1714,207,SAV-56611,11199,2026-03-15,2026-03-17,NA
East West Bank,EWB-1000199,Conventional,FNMA,Borrower 199,"7796 Main St, Unit 9",Commercial & Multi-Family (5+ Units),SP1,NJ,1,LEG,David Rodriguez,2023-04-28,2053-04-20,2026-04-21,4548,Current,0,900023,0,1038266,2023-03-29,1304686,2025-10-07,655,68.98,2026-02-13,3230,61,SAV-30587,5821,2026-03-13,2026-03-20,Y
East West Bank,EWB-1000200,Foreign National,FHLMC,Borrower 200,"2314 Main St, Unit 35",Residential Property (1-4 Units),CR1,IL,4,LOSS,Christopher Thomas,2022-01-31,2052-01-24,2026-04-21,4477,Current,0,654583,0,922608,2022-01-01,911668,2025-05-01,639,71.8,2026-02-20,2913,87,SAV-19992,42177,2026-03-07,2026-03-22,NA
East West Bank,EWB-1000201,Specialty,EWB-INT,Borrower 201,"2561 Main St, Unit 34",Commercial & Multi-Family (5+ Units),CR1,FL,4,TRNS,Charles Wilson,2022-08-17,2052-08-09,2026-04-21,3476,60-Day Delinquent,60,343762,0,682295,2022-07-18,833684,2025-07-07,849,41.23,2026-01-31,3660,428,SAV-79127,14755,2026-03-19,2026-03-20,Y
East West Bank,EWB-1000202,Specialty,FNMA,Borrower 202,"7824 Main St, Unit 43",Commercial & Multi-Family (5+ Units),CS1,MA,4,TRNS,Nancy Jackson,2022-07-24,2052-07-16,2026-04-21,2532,60-Day Delinquent,60,880736,0,1023172,2022-06-24,1299442,2025-09-09,584,67.78,2026-03-04,1995,351,SAV-56498,30672,2026-03-17,2026-03-21,N
East West Bank,EWB-1000203,Lot Loan,EWB-INT,Borrower 203,"7854 Main St, Unit 39",Commercial & Multi-Family (5+ Units),LC1,GA,1,PIF,James Miller,2022-10-13,2052-10-05,2026-04-21,3350,Current,0,591465,0,649097,2022-09-13,820199,2024-07-27,711,72.11,2026-03-03,2164,373,SAV-91690,28244,2026-03-17,2026-03-22,N
East West Bank,EWB-1000204,Lot Loan,FHLMC,Borrower 204,"8059 Main St, Unit 35",Commercial & Multi-Family (5+ Units),LC1,CA,1,M,Thomas Thompson,2022-01-21,2052-01-14,2026-04-21,2177,Current,0,638973,0,979735,2021-12-22,1119616,2025-05-02,683,57.07,2026-02-25,1647,283,SAV-26706,48431,2026-03-20,2026-03-19,N
East West Bank,EWB-1000205,Lot Loan,EWB-INT,Borrower 205,"660 Main St, Unit 44",Commercial & Multi-Family (5+ Units),LC1,CA,2,SII,Susan Martinez,2023-05-22,2053-05-14,2026-04-21,4493,Current,0,1269803,0,1341602,2023-04-22,1496737,2024-05-25,602,84.84,2026-03-15,2873,238,SAV-32668,3137,2026-03-16,2026-03-19,Y
East West Bank,EWB-1000206,Lot Loan,GNMA,Borrower 206,"5111 Main St, Unit 19",Commercial & Multi-Family (5+ Units),CS1,GA,1,DIS,Daniel Martin,2022-08-16,2052-08-08,2026-04-21,1102,Current,0,892236,0,1348744,2022-07-17,1290257,2025-09-29,804,69.15,2026-02-02,1067,140,SAV-63292,9649,2026-03-18,2026-03-17,Y
East West Bank,EWB-1000207,Conventional,GNMA,Borrower 207,"2164 Main St, Unit 49",Residential Property (1-4 Units),CR1,TX,2,FC,Linda Garcia,2022-01-29,2052-01-22,2026-04-21,2349,Current,0,490211,0,661937,2021-12-30,631804,2024-06-15,683,77.59,2026-02-03,3585,481,SAV-28751,11593,2026-03-14,2026-03-17,NA
East West Bank,EWB-1000208,ARM,GNMA,Borrower 208,"368 Main St, Unit 31",Residential Property (1-4 Units),CE1,IL,4,FC,David Rodriguez,2022-10-27,2052-10-19,2026-04-21,3116,30-Day Delinquent,30,633103,0,1003938,2022-09-27,1086746,2025-08-07,713,58.26,2026-01-30,3934,37,SAV-49878,48685,2026-03-15,2026-03-18,Y
East West Bank,EWB-1000209,Specialty,PRIV,Borrower 209,"8960 Main St, Unit 9",Commercial & Multi-Family (5+ Units),CR1,FL,3,BK,Sandra Garcia,2022-05-15,2052-05-07,2026-04-21,1686,Current,0,337037,0,495266,2022-04-15,630375,2024-08-16,594,53.47,2026-02-01,2186,474,SAV-99918,13303,2026-03-10,2026-03-19,Y
East West Bank,EWB-1000210,Conventional,EWB-INT,Borrower 210,"7918 Main St, Unit 13",Commercial & Multi-Family (5+ Units),SP1,CA,3,SII,Nancy Jackson,2022-05-07,2052-04-29,2026-04-21,3189,90-Day Delinquent,90,1351599,3594,1466128,2022-04-07,1549068,2024-10-31,810,87.25,2026-03-16,1063,96,SAV-87672,6660,2026-03-19,2026-03-18,N
East West Bank,EWB-1000211,Construction,PRIV,Borrower 211,"4797 Main St, Unit 11",Commercial & Multi-Family (5+ Units),HE1,FL,1,TRNS,Jessica Taylor,2022-10-26,2052-10-18,2026-04-21,1000,Current,0,680867,0,725644,2022-09-26,689203,2024-08-20,676,98.79,2026-03-21,2651,469,SAV-72097,18610,2026-03-20,2026-03-20,Y
East West Bank,EWB-1000212,Conventional,FNMA,Borrower 212,"2737 Main St, Unit 22",Commercial & Multi-Family (5+ Units),HE1,NY,4,SII,Charles Wilson,2022-01-24,2052-01-17,2026-04-21,4807,30-Day Delinquent,30,709485,0,1230730,2021-12-25,1482326,2025-05-08,833,47.86,2026-03-10,3885,54,SAV-57210,23028,2026-03-21,2026-03-22,NA
East West Bank,EWB-1000213,Specialty,GNMA,Borrower 213,"1928 Main St, Unit 14",Residential Property (1-4 Units),HE1,WA,3,FC,Christopher Thomas,2023-06-14,2053-06-06,2026-04-21,3844,Current,0,599572,0,995633,2023-05-15,1116211,2024-09-17,584,53.71,2026-03-02,2561,228,SAV-92438,15524,2026-03-16,2026-03-18,N
East West Bank,EWB-1000214,Foreign National,FNMA,Borrower 214,"6065 Main St, Unit 6",Residential Property (1-4 Units),LC1,VA,1,TRNS,Patricia Hernandez,2022-01-04,2051-12-28,2026-04-21,3209,90-Day Delinquent,90,929855,4622,1373520,2021-12-05,1371594,2025-10-26,738,67.79,2026-01-21,3254,393,SAV-47684,9990,2026-03-12,2026-03-17,NA
East West Bank,EWB-1000215,Construction,EWB-INT,Borrower 215,"6887 Main St, Unit 34",Commercial & Multi-Family (5+ Units),HE1,VA,2,PIF,Patricia Hernandez,2022-09-22,2052-09-14,2026-04-21,2489,Current,0,184808,0,352967,2022-08-23,341141,2024-03-27,594,54.17,2026-02-27,1344,134,SAV-18041,22139,2026-03-20,2026-03-20,N
East West Bank,EWB-1000216,Foreign National,PRIV,Borrower 216,"2331 Main St, Unit 12",Residential Property (1-4 Units),CE1,CA,2,TRNS,David Rodriguez,2023-08-12,2053-08-04,2026-04-21,2415,60-Day Delinquent,60,199150,0,214772,2023-07-13,271389,2025-09-17,626,73.38,2026-03-15,1727,129,SAV-90447,15223,2026-03-14,2026-03-22,NA
East West Bank,EWB-1000217,Construction,EWB-INT,Borrower 217,"6140 Main St, Unit 22",Commercial & Multi-Family (5+ Units),CE1,CA,4,PIF,Robert Brown,2022-09-17,2052-09-09,2026-04-21,3611,Current,0,824760,0,1481329,2022-08-18,1512498,2025-01-06,674,54.53,2026-03-12,2787,425,SAV-72232,23915,2026-03-08,2026-03-19,N
East West Bank,EWB-1000218,Specialty,FNMA,Borrower 218,"9714 Main St, Unit 35",Residential Property (1-4 Units),CE1,NY,1,BK,Richard Davis,2022-03-29,2052-03-21,2026-04-21,3140,Current,0,427013,0,487827,2022-02-27,469584,2025-05-05,648,90.93,2026-03-15,2251,2,SAV-19232,37808,2026-03-17,2026-03-22,Y
East West Bank,EWB-1000219,Lot Loan,EWB-INT,Borrower 219,"8274 Main St, Unit 8",Residential Property (1-4 Units),CR1,NJ,3,M,Karen Anderson,2023-06-19,2053-06-11,2026-04-21,2274,60-Day Delinquent,60,492389,0,538349,2023-05-20,632835,2024-08-20,713,77.81,2026-02-25,3542,28,SAV-34271,41882,2026-03-14,2026-03-17,N
East West Bank,EWB-1000220,Foreign National,FNMA,Borrower 220,"3759 Main St, Unit 17",Residential Property (1-4 Units),CR1,FL,3,PIF,Patricia Hernandez,2022-04-08,2052-03-31,2026-04-21,1088,Current,0,429242,0,544030,2022-03-09,678647,2025-03-12,797,63.25,2026-02-18,2734,33,SAV-17018,37315,2026-03-13,2026-03-19,N
East West Bank,EWB-1000221,Lot Loan,PRIV,Borrower 221,"8908 Main St, Unit 2",Commercial & Multi-Family (5+ Units),SP1,NY,1,PIF,Nancy Jackson,2023-12-18,2053-12-10,2026-04-21,3233,Current,0,146137,0,275885,2023-11-18,331146,2025-07-26,690,44.13,2026-02-28,1234,13,SAV-94831,44763,2026-03-20,2026-03-18,Y
East West Bank,EWB-1000222,Foreign National,FHLMC,Borrower 222,"9878 Main St, Unit 9",Residential Property (1-4 Units),CS1,WA,3,M,Susan Martinez,2022-10-27,2052-10-19,2026-04-21,1837,30-Day Delinquent,30,690497,0,963738,2022-09-27,1036036,2024-11-18,712,66.65,2026-02-13,1562,145,SAV-26694,14416,2026-03-10,2026-03-19,N
East West Bank,EWB-1000223,Specialty,EWB-INT,Borrower 223,"5675 Main St, Unit 22",Commercial & Multi-Family (5+ Units),CS1,IL,3,LOSS,Christopher Thomas,2023-09-25,2053-09-17,2026-04-21,4840,90-Day Delinquent,90,520494,3959,1040695,2023-08-26,1307059,2025-10-17,685,39.82,2026-03-04,2594,165,SAV-20882,45078,2026-03-14,2026-03-18,N
East West Bank,EWB-1000224,Conventional,EWB-INT,Borrower 224,"5760 Main St, Unit 12",Residential Property (1-4 Units),CE1,MA,2,M,Susan Martinez,2023-08-12,2053-08-04,2026-04-21,1673,60-Day Delinquent,60,1010039,0,1308521,2023-07-13,1544972,2026-01-01,608,65.38,2026-03-20,1768,425,SAV-81286,35438,2026-03-16,2026-03-17,NA
East West Bank,EWB-1000225,ARM,FNMA,Borrower 225,"8257 Main St, Unit 21",Commercial & Multi-Family (5+ Units),CS1,TX,3,FC,Margaret Harris,2022-11-15,2052-11-07,2026-04-21,3268,Current,0,564992,0,612120,2022-10-16,714928,2025-01-10,836,79.03,2026-01-28,1681,286,SAV-63901,17887,2026-03-18,2026-03-19,Y
East West Bank,EWB-1000226,Construction,PRIV,Borrower 226,"1586 Main St, Unit 30",Commercial & Multi-Family (5+ Units),CS1,VA,4,LEG,Linda Garcia,2022-05-07,2052-04-29,2026-04-21,3581,Current,0,255047,0,282717,2022-04-07,361777,2024-12-28,761,70.5,2026-02-21,2695,362,SAV-73038,48345,2026-03-18,2026-03-19,Y
East West Bank,EWB-1000227,Construction,GNMA,Borrower 227,"3911 Main St, Unit 4",Residential Property (1-4 Units),CR1,WA,4,M,Karen Anderson,2024-01-02,2053-12-25,2026-04-21,2744,60-Day Delinquent,60,588935,0,644592,2023-12-03,581109,2024-08-03,728,101.35,2026-02-06,2735,208,SAV-74183,19268,2026-03-07,2026-03-18,Y
East West Bank,EWB-1000228,Construction,FHLMC,Borrower 228,"5106 Main St, Unit 5",Commercial & Multi-Family (5+ Units),CR1,NY,4,FC,Robert Brown,2023-07-20,2053-07-12,2026-04-21,3392,Current,0,476408,0,618276,2023-06-20,643224,2025-10-07,781,74.07,2026-02-18,2571,441,SAV-86424,8953,2026-03-10,2026-03-22,Y
East West Bank,EWB-1000229,ARM,FHLMC,Borrower 229,"1301 Main St, Unit 43",Residential Property (1-4 Units),LC1,NY,3,BK,Karen Anderson,2023-08-28,2053-08-20,2026-04-21,2266,60-Day Delinquent,60,1004638,0,1170020,2023-07-29,1102169,2024-04-26,642,91.15,2026-02-27,2689,214,SAV-62773,25559,2026-03-14,2026-03-21,NA
East West Bank,EWB-1000230,ARM,EWB-INT,Borrower 230,"8543 Main St, Unit 16",Residential Property (1-4 Units),SP1,CA,3,TRNS,Richard Davis,2023-08-12,2053-08-04,2026-04-21,4535,Current,0,849895,0,1167433,2023-07-13,1241211,2025-12-08,789,68.47,2026-02-27,2636,420,SAV-76628,45868,2026-03-17,2026-03-20,NA
East West Bank,EWB-1000231,Foreign National,EWB-INT,Borrower 231,"4957 Main St, Unit 16",Commercial & Multi-Family (5+ Units),SP1,GA,4,SII,Richard Davis,2023-07-22,2053-07-14,2026-04-21,4756,Current,0,270967,0,448512,2023-06-22,515737,2024-05-22,830,52.54,2026-02-14,2074,48,SAV-35728,17309,2026-03-19,2026-03-17,Y
East West Bank,EWB-1000232,Foreign National,PRIV,Borrower 232,"6236 Main St, Unit 27",Commercial & Multi-Family (5+ Units),CS1,NJ,2,PIF,Patricia Hernandez,2023-01-12,2053-01-04,2026-04-21,4875,Current,0,401480,0,654471,2022-12-13,803263,2026-01-27,759,49.98,2026-02-15,3621,474,SAV-38940,47469,2026-03-10,2026-03-21,NA
East West Bank,EWB-1000233,Conventional,EWB-INT,Borrower 233,"9568 Main St, Unit 13",Commercial & Multi-Family (5+ Units),HE1,MA,3,LEG,Margaret Harris,2023-06-18,2053-06-10,2026-04-21,1002,Current,0,1259994,0,1417543,2023-05-19,1669674,2025-09-13,756,75.46,2026-02-05,1020,222,SAV-14314,20100,2026-03-08,2026-03-19,NA
East West Bank,EWB-1000234,Conventional,FHLMC,Borrower 234,"195 Main St, Unit 39",Residential Property (1-4 Units),HE1,VA,4,TRNS,Karen Anderson,2023-08-04,2053-07-27,2026-04-21,3928,60-Day Delinquent,60,1133967,0,1195482,2023-07-05,1124414,2024-04-30,733,100.85,2026-03-15,2409,387,SAV-89967,6205,2026-03-15,2026-03-22,NA
East West Bank,EWB-1000235,Foreign National,GNMA,Borrower 235,"4568 Main St, Unit 29",Residential Property (1-4 Units),CS1,WA,3,REO,Nancy Jackson,2022-04-23,2052-04-15,2026-04-21,2727,Current,0,287556,0,308768,2022-03-24,366018,2025-11-29,756,78.56,2026-03-17,3994,26,SAV-23887,11478,2026-03-12,2026-03-21,NA
East West Bank,EWB-1000236,Foreign National,PRIV,Borrower 236,"2433 Main St, Unit 40",Commercial & Multi-Family (5+ Units),LC1,NY,3,SII,Sandra Garcia,2022-08-31,2052-08-23,2026-04-21,1728,Current,0,1008109,0,1354565,2022-08-01,1654927,2024-11-02,642,60.92,2026-03-01,3900,481,SAV-66748,31157,2026-03-18,2026-03-21,NA
East West Bank,EWB-1000237,Foreign National,FNMA,Borrower 237,"664 Main St, Unit 30",Commercial & Multi-Family (5+ Units),CE1,FL,1,REO,Sandra Garcia,2023-07-07,2053-06-29,2026-04-21,4403,90-Day Delinquent,150,985335,1327,1188896,2023-06-07,1290553,2025-03-31,836,76.35,2026-03-02,2813,463,SAV-33902,11518,2026-03-16,2026-03-20,N
East West Bank,EWB-1000238,Specialty,FHLMC,Borrower 238,"4428 Main St, Unit 12",Commercial & Multi-Family (5+ Units),CS1,NY,1,SII,Margaret Harris,2022-09-10,2052-09-02,2026-04-21,4764,Current,0,236717,0,283554,2022-08-11,325406,2025-04-09,611,72.75,2026-02-26,2470,23,SAV-32203,26232,2026-03-20,2026-03-20,NA
East West Bank,EWB-1000239,Construction,FHLMC,Borrower 239,"9852 Main St, Unit 6",Commercial & Multi-Family (5+ Units),CR1,IL,4,SII,Joseph White,2023-07-23,2053-07-15,2026-04-21,4660,Current,0,1083550,0,1372108,2023-06-23,1419829,2025-05-11,723,76.32,2026-02-24,3743,102,SAV-34573,19961,2026-03-14,2026-03-19,Y
East West Bank,EWB-1000240,Specialty,GNMA,Borrower 240,"2109 Main St, Unit 36",Commercial & Multi-Family (5+ Units),CE1,VA,3,SII,Barbara Taylor,2023-02-20,2053-02-12,2026-04-21,1712,Current,0,1194308,0,1348097,2023-01-21,1224119,2024-07-11,754,97.56,2026-03-18,1898,13,SAV-61951,38782,2026-03-11,2026-03-18,Y
East West Bank,EWB-1000241,Foreign National,GNMA,Borrower 241,"7600 Main St, Unit 42",Residential Property (1-4 Units),CE1,FL,1,LEG,Robert Brown,2023-02-22,2053-02-14,2026-04-21,2638,Current,0,946471,0,1336293,2023-01-23,1245813,2025-10-31,693,75.97,2026-03-04,2709,49,SAV-13270,48117,2026-03-21,2026-03-19,NA
East West Bank,EWB-1000242,ARM,FHLMC,Borrower 242,"2740 Main St, Unit 19",Commercial & Multi-Family (5+ Units),CR1,TX,1,TRNS,Sarah Jenkins,2022-05-02,2052-04-24,2026-04-21,1767,Current,0,732056,0,1093026,2022-04-02,1278999,2024-05-18,843,57.24,2026-02-18,2016,244,SAV-46622,20258,2026-03-09,2026-03-17,Y
East West Bank,EWB-1000243,Lot Loan,FHLMC,Borrower 243,"5319 Main St, Unit 45",Commercial & Multi-Family (5+ Units),LC1,VA,4,TRNS,Margaret Harris,2022-07-12,2052-07-04,2026-04-21,2359,90-Day Delinquent,90,704192,4649,1277199,2022-06-12,1454582,2024-11-20,741,48.41,2026-02-17,3882,25,SAV-28990,37422,2026-03-20,2026-03-17,Y
East West Bank,EWB-1000244,Construction,FNMA,Borrower 244,"5586 Main St, Unit 16",Commercial & Multi-Family (5+ Units),CR1,WA,1,LOSS,Lisa Williams,2022-04-16,2052-04-08,2026-04-21,2558,Current,0,747302,0,802465,2022-03-17,977012,2025-01-26,587,76.49,2026-01-25,3620,40,SAV-65348,11809,2026-03-13,2026-03-20,Y
East West Bank,EWB-1000245,Specialty,PRIV,Borrower 245,"9628 Main St, Unit 47",Residential Property (1-4 Units),CE1,WA,3,BK,Margaret Harris,2022-07-17,2052-07-09,2026-04-21,4754,Current,0,718231,0,1406182,2022-06-17,1295968,2024-12-05,834,55.42,2026-01-23,1027,286,SAV-42465,4514,2026-03-08,2026-03-19,Y
East West Bank,EWB-1000246,ARM,EWB-INT,Borrower 246,"3140 Main St, Unit 16",Residential Property (1-4 Units),CS1,GA,3,DIS,Richard Davis,2023-06-22,2053-06-14,2026-04-21,4736,Current,0,524729,0,599589,2023-05-23,754023,2025-06-27,808,69.59,2026-01-21,1041,174,SAV-34458,18028,2026-03-19,2026-03-21,Y
East West Bank,EWB-1000247,ARM,FHLMC,Borrower 247,"1609 Main St, Unit 34",Residential Property (1-4 Units),CE1,NJ,2,M,Donald Martinez,2022-03-15,2052-03-07,2026-04-21,3608,Current,0,314644,0,497739,2022-02-13,464566,2025-06-02,675,67.73,2026-01-30,1400,482,SAV-70700,9701,2026-03-16,2026-03-17,NA
East West Bank,EWB-1000248,Specialty,GNMA,Borrower 248,"1249 Main St, Unit 40",Residential Property (1-4 Units),CE1,WA,2,BK,Jessica Taylor,2022-09-07,2052-08-30,2026-04-21,1539,90-Day Delinquent,150,661318,1845,880399,2022-08-08,796781,2025-10-24,744,83.0,2026-01-22,1425,242,SAV-70636,9959,2026-03-10,2026-03-20,N
East West Bank,EWB-1000249,Foreign National,EWB-INT,Borrower 249,"1985 Main St, Unit 4",Commercial & Multi-Family (5+ Units),HE1,FL,2,LOSS,Richard Davis,2022-08-21,2052-08-13,2026-04-21,3084,Current,0,713261,0,761213,2022-07-22,764113,2026-02-14,842,93.34,2026-02-19,2552,238,SAV-79842,4149,2026-03-10,2026-03-22,N
East West Bank,EWB-1000250,Specialty,EWB-INT,Borrower 250,"6148 Main St, Unit 1",Commercial & Multi-Family (5+ Units),CR1,NY,3,REO,Linda Garcia,2023-01-11,2053-01-03,2026-04-21,4230,30-Day Delinquent,30,662242,0,858754,2022-12-12,1010828,2024-06-07,615,65.51,2026-03-01,1758,156,SAV-25022,20187,2026-03-09,2026-03-21,NA
East West Bank,EWB-1000251,Conventional,GNMA,Borrower 251,"2021 Main St, Unit 43",Commercial & Multi-Family (5+ Units),HE1,IL,4,LOSS,Christopher Thomas,2023-08-04,2053-07-27,2026-04-21,1045,30-Day Delinquent,30,403234,0,551921,2023-07-05,601396,2024-09-16,813,67.05,2026-01-26,3149,353,SAV-76928,13505,2026-03-13,2026-03-22,NA
East West Bank,EWB-1000252,Foreign National,FHLMC,Borrower 252,"8061 Main St, Unit 8",Residential Property (1-4 Units),LC1,WA,3,FC,Joseph White,2023-08-15,2053-08-07,2026-04-21,3037,60-Day Delinquent,60,937551,0,1293490,2023-07-16,1175073,2024-11-07,698,79.79,2026-03-11,2501,88,SAV-20827,39252,2026-03-17,2026-03-20,N
East West Bank,EWB-1000253,Equity,FNMA,Borrower 253,"4275 Main St, Unit 45",Residential Property (1-4 Units),LC1,NJ,1,TRNS,Matthew Moore,2022-06-26,2052-06-18,2026-04-21,3328,Current,0,450969,0,688884,2022-05-27,752620,2025-06-10,801,59.92,2026-01-22,3753,309,SAV-47487,15812,2026-03-15,2026-03-19,N
East West Bank,EWB-1000254,Conventional,GNMA,Borrower 254,"8554 Main St, Unit 26",Residential Property (1-4 Units),CS1,VA,1,FC,Jessica Taylor,2022-12-18,2052-12-10,2026-04-21,2840,Current,0,665154,0,1130020,2022-11-18,1294790,2024-10-09,660,51.37,2026-03-13,2103,495,SAV-55501,30549,2026-03-19,2026-03-19,Y
East West Bank,EWB-1000255,Foreign National,FHLMC,Borrower 255,"2114 Main St, Unit 47",Residential Property (1-4 Units),LC1,CA,3,BK,Emily Watson,2023-08-15,2053-08-07,2026-04-21,3608,90-Day Delinquent,90,420653,559,693351,2023-07-16,796780,2025-12-24,794,52.79,2026-03-20,1778,50,SAV-64645,18114,2026-03-11,2026-03-17,NA
East West Bank,EWB-1000256,Lot Loan,EWB-INT,Borrower 256,"2852 Main St, Unit 43",Residential Property (1-4 Units),CR1,MA,3,SII,Karen Anderson,2023-11-25,2053-11-17,2026-04-21,4076,60-Day Delinquent,60,153722,0,185954,2023-10-26,193661,2025-07-27,593,79.38,2026-02-18,2610,225,SAV-55141,44769,2026-03-17,2026-03-17,Y
East West Bank,EWB-1000257,Lot Loan,PRIV,Borrower 257,"2136 Main St, Unit 27",Commercial & Multi-Family (5+ Units),CS1,MA,4,M,Charles Wilson,2023-10-01,2053-09-23,2026-04-21,1451,30-Day Delinquent,30,611473,0,645553,2023-09-01,696195,2025-06-29,780,87.83,2026-01-24,2419,260,SAV-51434,31356,2026-03-15,2026-03-21,Y
East West Bank,EWB-1000258,Construction,EWB-INT,Borrower 258,"2662 Main St, Unit 10",Commercial & Multi-Family (5+ Units),CE1,IL,4,BK,Charles Wilson,2023-02-26,2053-02-18,2026-04-21,3202,Current,0,196522,0,266739,2023-01-27,316244,2024-04-26,608,62.14,2026-02-08,1701,363,SAV-54043,14882,2026-03-12,2026-03-19,N
East West Bank,EWB-1000259,Construction,PRIV,Borrower 259,"298 Main St, Unit 35",Commercial & Multi-Family (5+ Units),LC1,MA,1,PIF,David Rodriguez,2022-06-24,2052-06-16,2026-04-21,3055,Current,0,366450,0,486676,2022-05-25,511115,2025-12-08,725,71.7,2026-02-15,1532,489,SAV-56835,30574,2026-03-13,2026-03-19,NA
East West Bank,EWB-1000260,Equity,GNMA,Borrower 260,"7128 Main St, Unit 31",Residential Property (1-4 Units),CR1,CA,1,LOSS,Daniel Martin,2022-10-09,2052-10-01,2026-04-21,4941,Current,0,415886,0,635417,2022-09-09,704756,2025-03-02,620,59.01,2026-01-22,1002,467,SAV-67797,42434,2026-03-10,2026-03-19,NA
East West Bank,EWB-1000261,Equity,FNMA,Borrower 261,"5832 Main St, Unit 23",Commercial & Multi-Family (5+ Units),SP1,TX,1,TRNS,Margaret Harris,2022-07-23,2052-07-15,2026-04-21,3405,Current,0,320333,0,378504,2022-06-23,460945,2025-02-08,655,69.49,2026-02-07,1409,136,SAV-85509,20165,2026-03-17,2026-03-21,N
East West Bank,EWB-1000262,Construction,PRIV,Borrower 262,"4405 Main St, Unit 45",Residential Property (1-4 Units),SP1,CA,2,BK,Barbara Taylor,2023-05-31,2053-05-23,2026-04-21,2432,Current,0,889070,0,1239385,2023-05-01,1282818,2025-03-16,606,69.31,2026-03-06,2609,54,SAV-86631,7429,2026-03-22,2026-03-18,N
East West Bank,EWB-1000263,Foreign National,GNMA,Borrower 263,"621 Main St, Unit 21",Residential Property (1-4 Units),SP1,MA,1,LEG,Emily Watson,2022-07-01,2052-06-23,2026-04-21,4588,90-Day Delinquent,90,700288,540,1227978,2022-06-01,1458329,2025-09-06,677,48.02,2026-02-28,3026,233,SAV-21544,33042,2026-03-07,2026-03-22,Y
East West Bank,EWB-1000264,Specialty,FNMA,Borrower 264,"934 Main St, Unit 20",Commercial & Multi-Family (5+ Units),SP1,NJ,1,DIS,Linda Garcia,2022-04-16,2052-04-08,2026-04-21,3878,30-Day Delinquent,30,553105,0,722212,2022-03-17,906499,2024-11-23,752,61.02,2026-01-27,2836,360,SAV-43115,6631,2026-03-11,2026-03-19,Y
East West Bank,EWB-1000265,Foreign National,EWB-INT,Borrower 265,"9352 Main St, Unit 35",Residential Property (1-4 Units),CS1,WA,1,M,Richard Davis,2022-07-04,2052-06-26,2026-04-21,4267,60-Day Delinquent,60,303541,0,513476,2022-06-04,517851,2024-11-02,769,58.62,2026-02-24,2906,31,SAV-60095,26187,2026-03-14,2026-03-18,N
East West Bank,EWB-1000266,Lot Loan,PRIV,Borrower 266,"5280 Main St, Unit 24",Residential Property (1-4 Units),LC1,GA,3,PIF,Margaret Harris,2023-01-23,2053-01-15,2026-04-21,4056,Current,0,504921,0,540719,2022-12-24,492838,2025-10-14,772,102.45,2026-03-10,2454,117,SAV-57077,46907,2026-03-18,2026-03-21,NA
East West Bank,EWB-1000267,Lot Loan,FNMA,Borrower 267,"8165 Main St, Unit 26",Residential Property (1-4 Units),HE1,TX,1,TRNS,John Smith,2023-09-29,2053-09-21,2026-04-21,2924,Current,0,505023,0,685843,2023-08-30,690604,2025-02-15,608,73.13,2026-02-24,2906,134,SAV-62027,36865,2026-03-15,2026-03-17,Y
East West Bank,EWB-1000268,ARM,FHLMC,Borrower 268,"8359 Main St, Unit 47",Residential Property (1-4 Units),CR1,IL,3,M,Michael Chen,2022-05-01,2052-04-23,2026-04-21,3045,Current,0,353878,0,663319,2022-04-01,804534,2026-02-10,743,43.99,2026-01-28,1846,36,SAV-14118,3592,2026-03-21,2026-03-22,N
East West Bank,EWB-1000269,Foreign National,FNMA,Borrower 269,"1117 Main St, Unit 19",Residential Property (1-4 Units),LC1,VA,1,PIF,Donald Martinez,2023-05-21,2053-05-13,2026-04-21,3612,30-Day Delinquent,30,728340,0,1209622,2023-04-21,1100624,2025-07-09,677,66.18,2026-02-13,1027,324,SAV-35656,30628,2026-03-16,2026-03-18,Y
East West Bank,EWB-1000270,Equity,EWB-INT,Borrower 270,"8988 Main St, Unit 20",Commercial & Multi-Family (5+ Units),SP1,WA,4,PIF,Thomas Thompson,2022-01-30,2052-01-23,2026-04-21,4402,Current,0,1118959,0,1465573,2021-12-31,1707020,2025-01-11,648,65.55,2026-02-21,1718,488,SAV-83893,30479,2026-03-07,2026-03-20,N
East West Bank,EWB-1000271,Lot Loan,GNMA,Borrower 271,"6688 Main St, Unit 37",Residential Property (1-4 Units),HE1,CA,1,SII,Robert Brown,2023-11-17,2053-11-09,2026-04-21,1856,Current,0,840356,0,1404126,2023-10-18,1543244,2025-09-26,806,54.45,2026-01-31,1853,261,SAV-47713,22957,2026-03-10,2026-03-19,NA
East West Bank,EWB-1000272,ARM,EWB-INT,Borrower 272,"8690 Main St, Unit 49",Commercial & Multi-Family (5+ Units),HE1,MA,3,BK,Richard Davis,2022-03-13,2052-03-05,2026-04-21,3583,60-Day Delinquent,60,954787,0,1079616,2022-02-11,1255253,2024-10-02,780,76.06,2026-03-09,2737,467,SAV-23162,25783,2026-03-18,2026-03-20,N
East West Bank,EWB-1000273,Equity,EWB-INT,Borrower 273,"2454 Main St, Unit 5",Commercial & Multi-Family (5+ Units),SP1,MA,1,REO,Nancy Jackson,2022-12-07,2052-11-29,2026-04-21,4160,60-Day Delinquent,60,513267,0,806884,2022-11-07,822533,2025-12-10,780,62.4,2026-02-11,1505,483,SAV-26642,11154,2026-03-07,2026-03-18,NA
East West Bank,EWB-1000274,Construction,FHLMC,Borrower 274,"1913 Main St, Unit 14",Residential Property (1-4 Units),HE1,IL,2,FC,Emily Watson,2023-08-31,2053-08-23,2026-04-21,1955,Current,0,817626,0,991344,2023-08-01,1010277,2025-07-19,640,80.93,2026-01-31,3477,222,SAV-20023,7559,2026-03-22,2026-03-22,N
East West Bank,EWB-1000275,ARM,GNMA,Borrower 275,"442 Main St, Unit 11",Residential Property (1-4 Units),HE1,IL,2,PIF,James Miller,2023-02-25,2053-02-17,2026-04-21,2952,30-Day Delinquent,30,940544,0,1253913,2023-01-26,1304475,2026-01-27,618,72.1,2026-02-22,1011,285,SAV-62286,36155,2026-03-22,2026-03-18,Y
East West Bank,EWB-1000276,Foreign National,GNMA,Borrower 276,"7949 Main St, Unit 24",Commercial & Multi-Family (5+ Units),LC1,GA,3,REO,Margaret Harris,2022-11-18,2052-11-10,2026-04-21,1782,Current,0,640228,0,702433,2022-10-19,680417,2025-07-07,687,94.09,2026-02-21,2474,214,SAV-86271,41406,2026-03-22,2026-03-22,N
East West Bank,EWB-1000277,ARM,FNMA,Borrower 277,"2807 Main St, Unit 3",Residential Property (1-4 Units),CS1,CA,3,FC,Thomas Thompson,2022-06-16,2052-06-08,2026-04-21,1811,30-Day Delinquent,30,589001,0,890829,2022-05-17,1128678,2025-11-11,591,52.19,2026-02-24,1273,141,SAV-63660,39908,2026-03-21,2026-03-19,Y
East West Bank,EWB-1000278,ARM,EWB-INT,Borrower 278,"9123 Main St, Unit 33",Residential Property (1-4 Units),CS1,TX,1,REO,Susan Martinez,2023-10-02,2053-09-24,2026-04-21,3615,Current,0,832928,0,1324571,2023-09-02,1688969,2026-02-04,636,49.32,2026-03-12,1065,203,SAV-93663,35607,2026-03-15,2026-03-19,NA
East West Bank,EWB-1000279,Conventional,PRIV,Borrower 279,"1539 Main St, Unit 27",Commercial & Multi-Family (5+ Units),CS1,CA,2,FC,Thomas Thompson,2022-06-10,2052-06-02,2026-04-21,4579,Current,0,270712,0,469278,2022-05-11,518718,2026-02-09,659,52.19,2026-02-25,1305,219,SAV-31127,30992,2026-03-17,2026-03-19,Y
East West Bank,EWB-1000280,Specialty,FHLMC,Borrower 280,"1685 Main St, Unit 24",Residential Property (1-4 Units),CR1,NJ,2,TRNS,Donald Martinez,2022-10-26,2052-10-18,2026-04-21,3762,90-Day Delinquent,90,979585,2591,1401079,2022-09-26,1653862,2024-05-01,660,59.23,2026-03-02,1494,431,SAV-27499,38090,2026-03-08,2026-03-21,N
East West Bank,EWB-1000281,Foreign National,EWB-INT,Borrower 281,"6106 Main St, Unit 37",Commercial & Multi-Family (5+ Units),LC1,FL,4,SII,Patricia Hernandez,2023-05-02,2053-04-24,2026-04-21,2146,30-Day Delinquent,30,143212,0,255423,2023-04-02,250512,2025-08-05,604,57.17,2026-02-09,3234,294,SAV-73918,28081,2026-03-15,2026-03-19,Y
East West Bank,EWB-1000282,Lot Loan,FNMA,Borrower 282,"8760 Main St, Unit 10",Commercial & Multi-Family (5+ Units),SP1,GA,1,DIS,David Rodriguez,2023-08-08,2053-07-31,2026-04-21,1665,90-Day Delinquent,90,780171,1716,925435,2023-07-09,1006603,2024-05-07,638,77.51,2026-01-21,1764,490,SAV-30013,47879,2026-03-11,2026-03-17,NA
East West Bank,EWB-1000283,Construction,EWB-INT,Borrower 283,"8494 Main St, Unit 4",Residential Property (1-4 Units),SP1,TX,3,LEG,David Rodriguez,2023-03-10,2053-03-02,2026-04-21,2449,90-Day Delinquent,150,733656,103,1059164,2023-02-08,1298009,2024-09-01,626,56.52,2026-03-20,3541,22,SAV-14396,36208,2026-03-17,2026-03-19,N
East West Bank,EWB-1000284,Construction,FHLMC,Borrower 284,"9330 Main St, Unit 39",Commercial & Multi-Family (5+ Units),LC1,MA,2,PIF,Matthew Moore,2022-01-05,2051-12-29,2026-04-21,1348,Current,0,586021,0,762121,2021-12-06,938911,2025-11-27,829,62.41,2026-01-27,3066,259,SAV-70310,11533,2026-03-19,2026-03-18,NA
East West Bank,EWB-1000285,Foreign National,FHLMC,Borrower 285,"5776 Main St, Unit 29",Commercial & Multi-Family (5+ Units),CS1,IL,2,SII,Daniel Martin,2023-04-28,2053-04-20,2026-04-21,3667,Current,0,530017,0,814180,2023-03-29,758994,2024-09-20,716,69.83,2026-02-02,1109,285,SAV-42992,20053,2026-03-16,2026-03-19,Y
East West Bank,EWB-1000286,Foreign National,GNMA,Borrower 286,"1873 Main St, Unit 45",Residential Property (1-4 Units),CE1,VA,2,REO,Matthew Moore,2022-03-18,2052-03-10,2026-04-21,2091,Current,0,246834,0,354615,2022-02-16,424531,2024-10-11,794,58.14,2026-03-20,3099,162,SAV-58514,1639,2026-03-16,2026-03-21,Y
East West Bank,EWB-1000287,Foreign National,PRIV,Borrower 287,"5007 Main St, Unit 17",Commercial & Multi-Family (5+ Units),CE1,FL,3,REO,Linda Garcia,2022-01-28,2052-01-21,2026-04-21,4324,60-Day Delinquent,60,671988,0,1121741,2021-12-29,1106752,2025-02-14,682,60.72,2026-02-11,2897,456,SAV-78702,654,2026-03-14,2026-03-17,NA
East West Bank,EWB-1000288,Conventional,EWB-INT,Borrower 288,"8111 Main St, Unit 12",Commercial & Multi-Family (5+ Units),LC1,TX,1,LOSS,Joseph White,2023-02-02,2053-01-25,2026-04-21,2049,Current,0,326874,0,487054,2023-01-03,576948,2025-09-22,687,56.66,2026-02-16,3048,4,SAV-39986,33971,2026-03-09,2026-03-17,Y
East West Bank,EWB-1000289,Conventional,FHLMC,Borrower 289,"3545 Main St, Unit 10",Commercial & Multi-Family (5+ Units),HE1,TX,2,BK,Patricia Hernandez,2022-05-26,2052-05-18,2026-04-21,3933,Current,0,1146455,0,1408593,2022-04-26,1707974,2025-10-13,750,67.12,2026-03-22,3899,81,SAV-81741,36893,2026-03-17,2026-03-22,N
East West Bank,EWB-1000290,Equity,PRIV,Borrower 290,"1912 Main St, Unit 49",Residential Property (1-4 Units),CR1,NJ,1,DIS,David Rodriguez,2022-04-02,2052-03-25,2026-04-21,1400,Current,0,770696,0,826022,2022-03-03,950371,2025-02-22,618,81.09,2026-03-04,3648,281,SAV-84202,31776,2026-03-10,2026-03-21,N
East West Bank,EWB-1000291,Lot Loan,FNMA,Borrower 291,"7193 Main St, Unit 15",Residential Property (1-4 Units),SP1,VA,2,BK,Karen Anderson,2022-08-30,2052-08-22,2026-04-21,2086,Current,0,676767,0,991052,2022-07-31,1090607,2025-01-20,789,62.05,2026-03-12,2199,313,SAV-82930,529,2026-03-21,2026-03-22,N
East West Bank,EWB-1000292,Construction,FNMA,Borrower 292,"6839 Main St, Unit 27",Residential Property (1-4 Units),SP1,NY,1,LEG,Susan Martinez,2023-07-07,2053-06-29,2026-04-21,1782,Current,0,243236,0,404444,2023-06-07,395683,2024-12-22,687,61.47,2026-02-25,2859,423,SAV-76702,12023,2026-03-10,2026-03-18,N
East West Bank,EWB-1000293,Equity,EWB-INT,Borrower 293,"4429 Main St, Unit 14",Commercial & Multi-Family (5+ Units),CE1,NY,1,LEG,Michael Chen,2022-12-31,2052-12-23,2026-04-21,1173,Current,0,156650,0,273618,2022-12-01,347856,2025-09-04,613,45.03,2026-01-21,3503,330,SAV-76397,13127,2026-03-08,2026-03-21,N
East West Bank,EWB-1000294,Specialty,FNMA,Borrower 294,"7497 Main St, Unit 11",Residential Property (1-4 Units),CR1,WA,1,FC,Donald Martinez,2022-08-21,2052-08-13,2026-04-21,1955,Current,0,829232,0,965862,2022-07-22,1052223,2025-10-03,675,78.81,2026-02-25,3550,272,SAV-66755,34287,2026-03-17,2026-03-20,NA
East West Bank,EWB-1000295,Lot Loan,FNMA,Borrower 295,"7406 Main St, Unit 49",Residential Property (1-4 Units),LC1,VA,2,PIF,Margaret Harris,2023-06-09,2053-06-01,2026-04-21,4303,60-Day Delinquent,60,783739,0,1043741,2023-05-10,1273160,2026-01-23,824,61.56,2026-01-22,1864,347,SAV-41457,38295,2026-03-07,2026-03-20,Y
East West Bank,EWB-1000296,Conventional,EWB-INT,Borrower 296,"3899 Main St, Unit 31",Commercial & Multi-Family (5+ Units),CR1,WA,1,REO,Susan Martinez,2023-09-30,2053-09-22,2026-04-21,3866,Current,0,551863,0,969471,2023-08-31,1233268,2024-12-08,815,44.75,2026-03-07,3673,350,SAV-59701,45398,2026-03-07,2026-03-21,Y
East West Bank,EWB-1000297,Specialty,GNMA,Borrower 297,"324 Main St, Unit 15",Commercial & Multi-Family (5+ Units),CR1,CA,2,FC,James Miller,2022-08-21,2052-08-13,2026-04-21,4532,90-Day Delinquent,150,773639,2472,1039097,2022-07-22,1170580,2025-02-27,644,66.09,2026-02-28,1133,324,SAV-28518,2818,2026-03-19,2026-03-19,Y
East West Bank,EWB-1000298,Lot Loan,GNMA,Borrower 298,"6781 Main St, Unit 18",Residential Property (1-4 Units),CE1,FL,1,LOSS,Richard Davis,2023-03-24,2053-03-16,2026-04-21,1650,Current,0,572364,0,676338,2023-02-22,700522,2024-12-19,721,81.71,2026-02-08,2598,225,SAV-52991,8214,2026-03-17,2026-03-18,Y
East West Bank,EWB-1000299,Equity,FNMA,Borrower 299,"4198 Main St, Unit 48",Commercial & Multi-Family (5+ Units),HE1,CA,4,TRNS,Daniel Martin,2022-10-04,2052-09-26,2026-04-21,2207,Current,0,1180183,0,1364449,2022-09-04,1766621,2025-04-03,725,66.8,2026-01-28,2382,372,SAV-16865,21988,2026-03-16,2026-03-17,N
East West Bank,EWB-1000300,Specialty,FNMA,Borrower 300,"8199 Main St, Unit 5",Commercial & Multi-Family (5+ Units),CS1,NJ,1,BK,Charles Wilson,2022-11-22,2052-11-14,2026-04-21,1749,Current,0,440781,0,583816,2022-10-23,564097,2024-12-16,772,78.14,2026-02-09,2576,85,SAV-67672,31183,2026-03-20,2026-03-22,NA
East West Bank,EWB-1000301,Conventional,FNMA,Borrower 301,"2573 Main St, Unit 46",Residential Property (1-4 Units),CE1,IL,3,SII,Daniel Martin,2023-01-26,2053-01-18,2026-04-21,1879,90-Day Delinquent,90,480414,1525,917950,2022-12-27,942729,2024-07-16,719,50.96,2026-02-26,3090,64,SAV-18551,46051,2026-03-11,2026-03-20,Y
East West Bank,EWB-1000302,Specialty,EWB-INT,Borrower 302,"2007 Main St, Unit 45",Residential Property (1-4 Units),SP1,NJ,3,REO,Christopher Thomas,2023-06-23,2053-06-15,2026-04-21,3683,90-Day Delinquent,120,664072,1029,741652,2023-05-24,732182,2025-12-22,777,90.7,2026-03-16,2148,302,SAV-60036,8974,2026-03-11,2026-03-20,Y
East West Bank,EWB-1000303,ARM,GNMA,Borrower 303,"5292 Main St, Unit 20",Commercial & Multi-Family (5+ Units),SP1,WA,1,M,Donald Martinez,2023-08-12,2053-08-04,2026-04-21,2319,90-Day Delinquent,150,705533,3714,1062727,2023-07-13,985787,2026-02-10,641,71.57,2026-02-17,1498,341,SAV-38857,35513,2026-03-13,2026-03-18,NA
East West Bank,EWB-1000304,Lot Loan,PRIV,Borrower 304,"4493 Main St, Unit 29",Commercial & Multi-Family (5+ Units),CS1,GA,1,LOSS,Charles Wilson,2023-04-27,2053-04-19,2026-04-21,1586,30-Day Delinquent,30,304258,0,329352,2023-03-28,427245,2024-08-06,839,71.21,2026-01-21,1191,496,SAV-57522,37351,2026-03-13,2026-03-19,Y
East West Bank,EWB-1000305,Foreign National,FHLMC,Borrower 305,"7491 Main St, Unit 5",Commercial & Multi-Family (5+ Units),CS1,VA,1,LEG,Nancy Jackson,2023-11-20,2053-11-12,2026-04-21,4690,Current,0,963898,0,1148974,2023-10-21,1305517,2025-04-17,822,73.83,2026-02-01,1906,295,SAV-86459,37041,2026-03-20,2026-03-20,Y
East West Bank,EWB-1000306,Foreign National,EWB-INT,Borrower 306,"1487 Main St, Unit 21",Residential Property (1-4 Units),HE1,TX,3,LEG,David Rodriguez,2022-02-04,2052-01-28,2026-04-21,4929,Current,0,826867,0,1013561,2022-01-05,1127902,2025-11-06,805,73.31,2026-03-22,2205,4,SAV-40406,28612,2026-03-14,2026-03-18,NA
East West Bank,EWB-1000307,Specialty,EWB-INT,Borrower 307,"2306 Main St, Unit 23",Residential Property (1-4 Units),CS1,IL,3,REO,Donald Martinez,2022-01-07,2051-12-31,2026-04-21,1285,Current,0,413432,0,626072,2021-12-08,661269,2024-10-03,838,62.52,2026-02-01,3046,150,SAV-69094,33299,2026-03-08,2026-03-21,NA
East West Bank,EWB-1000308,Construction,GNMA,Borrower 308,"6269 Main St, Unit 2",Residential Property (1-4 Units),HE1,TX,3,REO,Emily Watson,2022-08-29,2052-08-21,2026-04-21,2223,60-Day Delinquent,60,779987,0,1118452,2022-07-30,1430935,2025-12-29,626,54.51,2026-02-11,3872,108,SAV-84886,13611,2026-03-08,2026-03-19,N
East West Bank,EWB-1000309,Lot Loan,EWB-INT,Borrower 309,"6384 Main St, Unit 32",Residential Property (1-4 Units),CS1,VA,1,LEG,Thomas Thompson,2023-08-06,2053-07-29,2026-04-21,4331,Current,0,519497,0,983032,2023-07-07,1096764,2025-11-14,599,47.37,2026-01-27,2203,242,SAV-36509,27707,2026-03-09,2026-03-20,Y
East West Bank,EWB-1000310,Lot Loan,PRIV,Borrower 310,"8505 Main St, Unit 31",Residential Property (1-4 Units),HE1,CA,4,REO,Charles Wilson,2023-03-03,2053-02-23,2026-04-21,4087,90-Day Delinquent,150,354351,203,438316,2023-02-01,444064,2024-10-19,757,79.8,2026-02-11,3398,439,SAV-37955,8154,2026-03-18,2026-03-22,Y
East West Bank,EWB-1000311,Construction,GNMA,Borrower 311,"9877 Main St, Unit 20",Commercial & Multi-Family (5+ Units),CE1,FL,2,TRNS,James Miller,2023-09-29,2053-09-21,2026-04-21,1502,Current,0,688272,0,1189504,2023-08-30,1098906,2025-07-20,582,62.63,2026-02-16,2059,82,SAV-57042,25763,2026-03-10,2026-03-18,N
East West Bank,EWB-1000312,Specialty,FNMA,Borrower 312,"9183 Main St, Unit 21",Commercial & Multi-Family (5+ Units),CR1,IL,4,SII,Michael Chen,2023-07-02,2053-06-24,2026-04-21,1350,60-Day Delinquent,60,862502,0,943719,2023-06-02,1158173,2025-11-24,647,74.47,2026-03-22,3636,6,SAV-55795,48682,2026-03-09,2026-03-20,N
East West Bank,EWB-1000313,Foreign National,EWB-INT,Borrower 313,"7483 Main St, Unit 43",Commercial & Multi-Family (5+ Units),CS1,MA,1,DIS,Michael Chen,2023-02-27,2053-02-19,2026-04-21,4645,Current,0,697603,0,915537,2023-01-28,986765,2025-05-30,684,70.7,2026-02-03,1017,440,SAV-69410,39820,2026-03-11,2026-03-17,N
East West Bank,EWB-1000314,Construction,GNMA,Borrower 314,"5100 Main St, Unit 39",Commercial & Multi-Family (5+ Units),HE1,TX,1,LEG,Jessica Taylor,2022-05-23,2052-05-15,2026-04-21,3325,Current,0,112468,0,193642,2022-04-23,228629,2024-08-29,716,49.19,2026-02-11,2567,234,SAV-44447,11098,2026-03-14,2026-03-19,N
East West Bank,EWB-1000315,Equity,FHLMC,Borrower 315,"4319 Main St, Unit 40",Commercial & Multi-Family (5+ Units),SP1,NY,1,PIF,Karen Anderson,2022-11-28,2052-11-20,2026-04-21,1957,Current,0,647165,0,763089,2022-10-29,972780,2025-03-26,749,66.53,2026-01-24,1480,195,SAV-55392,23932,2026-03-08,2026-03-17,NA
East West Bank,EWB-1000316,Construction,PRIV,Borrower 316,"1566 Main St, Unit 13",Residential Property (1-4 Units),CR1,IL,3,BK,Michael Chen,2023-06-03,2053-05-26,2026-04-21,4083,60-Day Delinquent,60,309989,0,476916,2023-05-04,441490,2025-01-22,805,70.21,2026-02-10,1574,35,SAV-15351,28356,2026-03-19,2026-03-19,NA
East West Bank,EWB-1000317,Lot Loan,EWB-INT,Borrower 317,"7103 Main St, Unit 17",Residential Property (1-4 Units),CS1,CA,3,PIF,James Miller,2023-03-23,2053-03-15,2026-04-21,1144,Current,0,571102,0,708030,2023-02-21,655820,2026-01-14,830,87.08,2026-02-07,3358,384,SAV-50629,28412,2026-03-19,2026-03-19,NA
East West Bank,EWB-1000318,Conventional,FHLMC,Borrower 318,"7917 Main St, Unit 25",Residential Property (1-4 Units),LC1,MA,2,TRNS,Charles Wilson,2023-10-15,2053-10-07,2026-04-21,3696,30-Day Delinquent,30,683255,0,1310793,2023-09-15,1694404,2024-11-24,616,40.32,2026-02-05,1336,208,SAV-46442,33015,2026-03-08,2026-03-18,N
East West Bank,EWB-1000319,Lot Loan,GNMA,Borrower 319,"1099 Main St, Unit 41",Residential Property (1-4 Units),HE1,GA,1,LOSS,Jessica Taylor,2023-12-30,2053-12-22,2026-04-21,1285,Current,0,510370,0,808380,2023-11-30,978254,2024-07-08,693,52.17,2026-02-22,1198,214,SAV-65324,46731,2026-03-11,2026-03-18,N
East West Bank,EWB-1000320,Conventional,EWB-INT,Borrower 320,"5057 Main St, Unit 12",Commercial & Multi-Family (5+ Units),CR1,IL,3,TRNS,Christopher Thomas,2022-06-17,2052-06-09,2026-04-21,1905,Current,0,466346,0,656079,2022-05-18,630933,2025-04-09,694,73.91,2026-02-05,2628,361,SAV-86568,30108,2026-03-18,2026-03-22,NA
East West Bank,EWB-1000321,Foreign National,FHLMC,Borrower 321,"4078 Main St, Unit 4",Commercial & Multi-Family (5+ Units),CS1,IL,1,M,Charles Wilson,2022-11-15,2052-11-07,2026-04-21,1051,60-Day Delinquent,60,715287,0,806951,2022-10-16,1008860,2026-01-12,619,70.9,2026-02-10,2722,457,SAV-23422,35797,2026-03-22,2026-03-22,N
East West Bank,EWB-1000322,Lot Loan,EWB-INT,Borrower 322,"2174 Main St, Unit 36",Residential Property (1-4 Units),CE1,MA,4,M,Daniel Martin,2023-01-25,2053-01-17,2026-04-21,4827,Current,0,124838,0,249616,2022-12-26,318168,2025-06-04,795,39.24,2026-03-04,2057,81,SAV-20597,7179,2026-03-16,2026-03-21,N
East West Bank,EWB-1000323,Lot Loan,PRIV,Borrower 323,"651 Main St, Unit 23",Residential Property (1-4 Units),CR1,TX,1,SII,Charles Wilson,2023-04-28,2053-04-20,2026-04-21,3318,60-Day Delinquent,60,864658,0,1218199,2023-03-29,1263118,2025-11-21,638,68.45,2026-02-08,2991,81,SAV-89050,13064,2026-03-20,2026-03-21,Y
East West Bank,EWB-1000324,Specialty,FNMA,Borrower 324,"4245 Main St, Unit 20",Commercial & Multi-Family (5+ Units),CR1,GA,2,DIS,Patricia Hernandez,2022-10-08,2052-09-30,2026-04-21,4813,90-Day Delinquent,90,219295,749,255228,2022-09-08,257458,2025-02-23,624,85.18,2026-02-11,2205,116,SAV-51666,8170,2026-03-11,2026-03-19,Y
East West Bank,EWB-1000325,ARM,FNMA,Borrower 325,"2715 Main St, Unit 26",Residential Property (1-4 Units),LC1,NJ,2,M,Lisa Williams,2023-01-20,2053-01-12,2026-04-21,2658,30-Day Delinquent,30,1008001,0,1267850,2022-12-21,1596352,2024-12-26,767,63.14,2026-03-22,3612,110,SAV-69069,35980,2026-03-15,2026-03-21,N
East West Bank,EWB-1000326,ARM,PRIV,Borrower 326,"1882 Main St, Unit 48",Commercial & Multi-Family (5+ Units),LC1,NY,1,PIF,Jessica Taylor,2022-08-15,2052-08-07,2026-04-21,3869,Current,0,158493,0,198874,2022-07-16,212292,2024-08-13,828,74.66,2026-02-05,3710,406,SAV-76736,36369,2026-03-16,2026-03-21,N
East West Bank,EWB-1000327,Foreign National,EWB-INT,Borrower 327,"7260 Main St, Unit 18",Commercial & Multi-Family (5+ Units),LC1,IL,4,PIF,Jessica Taylor,2023-09-09,2053-09-01,2026-04-21,1611,Current,0,484382,0,721926,2023-08-10,905696,2024-12-22,739,53.48,2026-01-24,1314,409,SAV-63519,18644,2026-03-13,2026-03-22,N
East West Bank,EWB-1000328,Construction,GNMA,Borrower 328,"2626 Main St, Unit 22",Residential Property (1-4 Units),CS1,CA,4,LEG,Charles Wilson,2022-07-21,2052-07-13,2026-04-21,1720,Current,0,158833,0,192534,2022-06-21,178529,2025-12-01,837,88.97,2026-01-30,3215,44,SAV-99949,13164,2026-03-08,2026-03-18,NA
East West Bank,EWB-1000329,Conventional,GNMA,Borrower 329,"5509 Main St, Unit 13",Commercial & Multi-Family (5+ Units),CE1,NJ,3,LEG,David Rodriguez,2023-09-27,2053-09-19,2026-04-21,4072,60-Day Delinquent,60,521140,0,766412,2023-08-28,701433,2024-09-15,803,74.3,2026-01-30,3483,197,SAV-87068,27107,2026-03-19,2026-03-18,Y
East West Bank,EWB-1000330,Construction,PRIV,Borrower 330,"7904 Main St, Unit 25",Residential Property (1-4 Units),SP1,WA,4,DIS,Charles Wilson,2022-06-16,2052-06-08,2026-04-21,4420,Current,0,797121,0,1273994,2022-05-17,1243149,2025-10-31,812,64.12,2026-01-21,2874,231,SAV-39808,41395,2026-03-19,2026-03-21,NA
East West Bank,EWB-1000331,Foreign National,EWB-INT,Borrower 331,"5229 Main St, Unit 47",Commercial & Multi-Family (5+ Units),SP1,MA,1,LOSS,Christopher Thomas,2023-03-01,2053-02-21,2026-04-21,3990,30-Day Delinquent,30,189030,0,313038,2023-01-30,380092,2024-03-23,742,49.73,2026-02-01,1278,19,SAV-61698,44677,2026-03-16,2026-03-19,NA
East West Bank,EWB-1000332,Foreign National,FNMA,Borrower 332,"8855 Main St, Unit 18",Commercial & Multi-Family (5+ Units),HE1,IL,4,PIF,Margaret Harris,2023-07-05,2053-06-27,2026-04-21,2257,Current,0,383844,0,750530,2023-06-05,739001,2025-01-03,653,51.94,2026-03-22,3127,371,SAV-23287,38629,2026-03-15,2026-03-17,N
East West Bank,EWB-1000333,Construction,FNMA,Borrower 333,"3699 Main St, Unit 50",Commercial & Multi-Family (5+ Units),CE1,TX,3,LOSS,Joseph White,2023-09-26,2053-09-18,2026-04-21,3888,Current,0,991034,0,1342929,2023-08-27,1544103,2025-01-05,639,64.18,2026-03-13,3025,457,SAV-20139,26125,2026-03-17,2026-03-21,NA
East West Bank,EWB-1000334,Lot Loan,FHLMC,Borrower 334,"7679 Main St, Unit 46",Commercial & Multi-Family (5+ Units),HE1,MA,2,LOSS,Sandra Garcia,2022-01-24,2052-01-17,2026-04-21,4679,Current,0,1181708,0,1356308,2021-12-25,1577264,2025-05-19,775,74.92,2026-03-03,1767,115,SAV-48028,38462,2026-03-08,2026-03-18,Y
East West Bank,EWB-1000335,Specialty,FNMA,Borrower 335,"8728 Main St, Unit 18",Commercial & Multi-Family (5+ Units),SP1,IL,3,PIF,James Miller,2023-12-20,2053-12-12,2026-04-21,2059,Current,0,272193,0,288563,2023-11-20,321599,2025-08-13,596,84.64,2026-03-13,1646,250,SAV-77800,25709,2026-03-15,2026-03-20,Y
East West Bank,EWB-1000336,Equity,GNMA,Borrower 336,"6407 Main St, Unit 26",Residential Property (1-4 Units),SP1,MA,1,LOSS,Margaret Harris,2023-06-26,2053-06-18,2026-04-21,1307,60-Day Delinquent,60,406046,0,476032,2023-05-27,606498,2026-01-30,699,66.95,2026-03-05,2403,445,SAV-30746,45243,2026-03-07,2026-03-21,Y
East West Bank,EWB-1000337,Lot Loan,GNMA,Borrower 337,"2914 Main St, Unit 33",Residential Property (1-4 Units),CE1,MA,2,DIS,James Miller,2022-07-26,2052-07-18,2026-04-21,2951,Current,0,1031050,0,1313950,2022-06-26,1680329,2025-05-12,783,61.36,2026-02-13,2713,368,SAV-66241,37601,2026-03-09,2026-03-19,NA
East West Bank,EWB-1000338,Construction,FNMA,Borrower 338,"2447 Main St, Unit 32",Residential Property (1-4 Units),CR1,NJ,1,SII,Joseph White,2022-07-08,2052-06-30,2026-04-21,3485,30-Day Delinquent,30,517248,0,1023698,2022-06-08,930814,2025-02-05,586,55.57,2026-03-05,2932,23,SAV-76873,33037,2026-03-20,2026-03-19,N
East West Bank,EWB-1000339,Foreign National,FHLMC,Borrower 339,"5236 Main St, Unit 19",Residential Property (1-4 Units),CE1,GA,2,TRNS,David Rodriguez,2022-04-19,2052-04-11,2026-04-21,2172,Current,0,591060,0,1111568,2022-03-20,1329059,2024-05-16,658,44.47,2026-03-12,2001,284,SAV-52552,27380,2026-03-14,2026-03-19,NA
East West Bank,EWB-1000340,ARM,GNMA,Borrower 340,"9351 Main St, Unit 39",Commercial & Multi-Family (5+ Units),LC1,TX,3,LEG,Michael Chen,2022-07-24,2052-07-16,2026-04-21,2083,60-Day Delinquent,60,358651,0,439226,2022-06-24,523654,2024-07-31,605,68.49,2026-01-26,2450,129,SAV-16431,7853,2026-03-21,2026-03-22,Y
East West Bank,EWB-1000341,Conventional,FNMA,Borrower 341,"7190 Main St, Unit 24",Residential Property (1-4 Units),CE1,CA,1,DIS,Michael Chen,2023-06-03,2053-05-26,2026-04-21,2178,Current,0,1041908,0,1342673,2023-05-04,1367937,2025-05-12,583,76.17,2026-03-12,1585,251,SAV-91796,26337,2026-03-09,2026-03-17,Y
East West Bank,EWB-1000342,Lot Loan,FHLMC,Borrower 342,"3037 Main St, Unit 24",Commercial & Multi-Family (5+ Units),CE1,VA,2,SII,James Miller,2022-12-10,2052-12-02,2026-04-21,2806,Current,0,698533,0,1074044,2022-11-10,1249073,2024-10-20,618,55.92,2026-03-09,2790,308,SAV-95322,30894,2026-03-17,2026-03-22,NA
East West Bank,EWB-1000343,Conventional,FNMA,Borrower 343,"2783 Main St, Unit 33",Commercial & Multi-Family (5+ Units),LC1,IL,3,TRNS,Sandra Garcia,2022-03-16,2052-03-08,2026-04-21,1799,Current,0,882162,0,1168652,2022-02-14,1220627,2025-09-17,654,72.27,2026-03-17,3309,162,SAV-67649,19162,2026-03-19,2026-03-20,N
East West Bank,EWB-1000344,Construction,FNMA,Borrower 344,"8725 Main St, Unit 29",Commercial & Multi-Family (5+ Units),CS1,MA,1,DIS,Charles Wilson,2023-03-27,2053-03-19,2026-04-21,2773,Current,0,429414,0,464451,2023-02-25,603411,2026-01-30,606,71.16,2026-01-31,1709,3,SAV-15692,4913,2026-03-09,2026-03-22,NA
East West Bank,EWB-1000345,Lot Loan,FNMA,Borrower 345,"4752 Main St, Unit 46",Residential Property (1-4 Units),LC1,MA,4,LOSS,Thomas Thompson,2022-02-05,2052-01-29,2026-04-21,3960,90-Day Delinquent,90,784541,3718,918747,2022-01-06,980461,2024-12-08,671,80.02,2026-03-03,3307,191,SAV-43779,25763,2026-03-07,2026-03-18,N
East West Bank,EWB-1000346,Construction,PRIV,Borrower 346,"8122 Main St, Unit 21",Commercial & Multi-Family (5+ Units),CR1,VA,1,DIS,Matthew Moore,2022-05-12,2052-05-04,2026-04-21,4544,30-Day Delinquent,30,1089985,0,1411519,2022-04-12,1322799,2025-11-29,841,82.4,2026-02-24,2706,252,SAV-94252,15071,2026-03-17,2026-03-19,N
East West Bank,EWB-1000347,Conventional,PRIV,Borrower 347,"3429 Main St, Unit 27",Residential Property (1-4 Units),CS1,MA,3,FC,Matthew Moore,2022-05-12,2052-05-04,2026-04-21,3268,60-Day Delinquent,60,302168,0,540530,2022-04-12,673398,2024-10-02,836,44.87,2026-03-18,3943,468,SAV-69839,36273,2026-03-15,2026-03-22,Y
East West Bank,EWB-1000348,Specialty,EWB-INT,Borrower 348,"7821 Main St, Unit 14",Commercial & Multi-Family (5+ Units),CE1,GA,4,REO,Nancy Jackson,2023-04-11,2053-04-03,2026-04-21,1385,Current,0,1215881,0,1445269,2023-03-12,1502807,2024-09-12,741,80.91,2026-03-16,3286,445,SAV-81254,48423,2026-03-22,2026-03-19,Y
East West Bank,EWB-1000349,Specialty,PRIV,Borrower 349,"2282 Main St, Unit 6",Residential Property (1-4 Units),CR1,CA,4,PIF,Matthew Moore,2022-05-12,2052-05-04,2026-04-21,4074,Current,0,1033774,0,1436936,2022-04-12,1610778,2024-09-15,787,64.18,2026-03-08,2999,55,SAV-81345,20208,2026-03-18,2026-03-20,NA
East West Bank,EWB-1000350,Specialty,FHLMC,Borrower 350,"3497 Main St, Unit 42",Commercial & Multi-Family (5+ Units),CE1,GA,4,M,Donald Martinez,2023-08-21,2053-08-13,2026-04-21,3561,Current,0,305757,0,433707,2023-07-22,473116,2024-12-18,724,64.63,2026-03-06,3766,458,SAV-96484,18309,2026-03-16,2026-03-21,NA
East West Bank,EWB-1000351,Equity,FNMA,Borrower 351,"5597 Main St, Unit 14",Commercial & Multi-Family (5+ Units),SP1,NY,1,REO,Robert Brown,2022-02-18,2052-02-11,2026-04-21,4722,Current,0,445984,0,495114,2022-01-19,479944,2024-04-06,629,92.92,2026-02-26,1683,199,SAV-96443,17407,2026-03-08,2026-03-18,Y
East West Bank,EWB-1000352,Lot Loan,FNMA,Borrower 352,"5637 Main St, Unit 31",Residential Property (1-4 Units),CR1,WA,4,FC,Matthew Moore,2023-07-13,2053-07-05,2026-04-21,2550,60-Day Delinquent,60,1133031,0,1196914,2023-06-13,1135442,2025-03-09,760,99.79,2026-02-12,3682,437,SAV-30237,22572,2026-03-14,2026-03-17,N
East West Bank,EWB-1000353,Construction,FHLMC,Borrower 353,"3042 Main St, Unit 35",Residential Property (1-4 Units),CR1,MA,3,LOSS,Jessica Taylor,2022-12-17,2052-12-09,2026-04-21,3838,90-Day Delinquent,90,735980,1596,1121129,2022-11-17,1028421,2024-08-12,594,71.56,2026-03-16,2338,244,SAV-39464,30676,2026-03-15,2026-03-17,N
East West Bank,EWB-1000354,Equity,EWB-INT,Borrower 354,"9089 Main St, Unit 26",Commercial & Multi-Family (5+ Units),SP1,IL,1,SII,Sarah Jenkins,2023-09-01,2053-08-24,2026-04-21,1846,Current,0,381684,0,668349,2023-08-02,795987,2024-11-23,815,47.95,2026-03-21,3542,83,SAV-99081,30978,2026-03-20,2026-03-17,N
East West Bank,EWB-1000355,Conventional,PRIV,Borrower 355,"6535 Main St, Unit 1",Commercial & Multi-Family (5+ Units),CS1,MA,4,LEG,James Miller,2022-02-27,2052-02-20,2026-04-21,2134,Current,0,1013485,0,1469432,2022-01-28,1590055,2024-04-14,793,63.74,2026-02-16,3014,361,SAV-17105,46291,2026-03-17,2026-03-20,Y
East West Bank,EWB-1000356,Construction,FNMA,Borrower 356,"5067 Main St, Unit 23",Residential Property (1-4 Units),SP1,VA,3,REO,Jessica Taylor,2023-11-19,2053-11-11,2026-04-21,1343,Current,0,501927,0,991047,2023-10-20,1137751,2024-07-17,643,44.12,2026-02-02,1685,37,SAV-39551,15423,2026-03-16,2026-03-20,N
East West Bank,EWB-1000357,Specialty,EWB-INT,Borrower 357,"8134 Main St, Unit 13",Commercial & Multi-Family (5+ Units),LC1,IL,3,LEG,Jessica Taylor,2022-09-16,2052-09-08,2026-04-21,2766,Current,0,1103673,0,1194244,2022-08-17,1502090,2025-05-23,674,73.48,2026-02-22,1858,60,SAV-71808,19058,2026-03-09,2026-03-21,NA
East West Bank,EWB-1000358,Construction,FHLMC,Borrower 358,"4791 Main St, Unit 34",Commercial & Multi-Family (5+ Units),CR1,IL,1,REO,David Rodriguez,2023-04-10,2053-04-02,2026-04-21,1110,30-Day Delinquent,30,1023985,0,1204730,2023-03-11,1169455,2025-04-26,796,87.56,2026-01-26,2008,15,SAV-54723,3496,2026-03-09,2026-03-17,NA
East West Bank,EWB-1000359,ARM,EWB-INT,Borrower 359,"9150 Main St, Unit 14",Residential Property (1-4 Units),SP1,NY,1,DIS,Sandra Garcia,2023-01-24,2053-01-16,2026-04-21,1421,90-Day Delinquent,90,332095,1515,432725,2022-12-25,521252,2024-12-23,846,63.71,2026-02-08,2378,262,SAV-83575,45038,2026-03-08,2026-03-20,N
East West Bank,EWB-1000360,Lot Loan,FNMA,Borrower 360,"9539 Main St, Unit 3",Commercial & Multi-Family (5+ Units),LC1,TX,4,M,Lisa Williams,2023-12-27,2053-12-19,2026-04-21,4224,Current,0,1089869,0,1238075,2023-11-27,1133487,2026-01-06,739,96.15,2026-02-02,2723,378,SAV-42572,12839,2026-03-08,2026-03-20,NA
East West Bank,EWB-1000361,Conventional,FNMA,Borrower 361,"7865 Main St, Unit 18",Commercial & Multi-Family (5+ Units),SP1,FL,4,REO,Matthew Moore,2022-10-03,2052-09-25,2026-04-21,4346,Current,0,1273661,0,1496208,2022-09-03,1741004,2025-06-24,581,73.16,2026-01-21,2089,241,SAV-53999,16937,2026-03-13,2026-03-21,N
East West Bank,EWB-1000362,Foreign National,EWB-INT,Borrower 362,"1187 Main St, Unit 16",Residential Property (1-4 Units),CE1,MA,2,PIF,Barbara Taylor,2022-05-07,2052-04-29,2026-04-21,3104,Current,0,938429,0,1048792,2022-04-07,1069852,2024-07-12,695,87.72,2026-02-03,2344,214,SAV-27602,39180,2026-03-10,2026-03-19,Y
East West Bank,EWB-1000363,Construction,EWB-INT,Borrower 363,"1147 Main St, Unit 10",Residential Property (1-4 Units),HE1,WA,2,M,Joseph White,2023-12-05,2053-11-27,2026-04-21,2325,Current,0,681472,0,828758,2023-11-05,821509,2025-11-23,753,82.95,2026-03-08,2961,490,SAV-42307,11474,2026-03-09,2026-03-17,Y
East West Bank,EWB-1000364,Lot Loan,FHLMC,Borrower 364,"4276 Main St, Unit 46",Commercial & Multi-Family (5+ Units),CR1,GA,4,TRNS,Linda Garcia,2022-02-26,2052-02-19,2026-04-21,2598,30-Day Delinquent,30,644141,0,801406,2022-01-27,797370,2025-11-07,702,80.78,2026-01-29,2035,335,SAV-34068,40849,2026-03-08,2026-03-18,N
East West Bank,EWB-1000365,Equity,PRIV,Borrower 365,"1898 Main St, Unit 31",Commercial & Multi-Family (5+ Units),CS1,TX,4,M,Charles Wilson,2022-08-15,2052-08-07,2026-04-21,4169,Current,0,846983,0,910581,2022-07-16,879575,2025-12-10,802,96.29,2026-02-02,2111,249,SAV-10712,47420,2026-03-08,2026-03-19,NA
East West Bank,EWB-1000366,Construction,FNMA,Borrower 366,"4496 Main St, Unit 1",Residential Property (1-4 Units),CR1,WA,1,M,James Miller,2022-09-03,2052-08-26,2026-04-21,3335,Current,0,305145,0,477025,2022-08-04,487307,2025-06-02,757,62.62,2026-03-21,1587,338,SAV-15207,22580,2026-03-16,2026-03-18,N
East West Bank,EWB-1000367,Conventional,EWB-INT,Borrower 367,"1276 Main St, Unit 49",Commercial & Multi-Family (5+ Units),HE1,GA,4,BK,Charles Wilson,2022-06-26,2052-06-18,2026-04-21,2286,30-Day Delinquent,30,828543,0,1093187,2022-05-27,1070836,2025-04-09,690,77.37,2026-03-13,2738,278,SAV-54428,23085,2026-03-12,2026-03-17,NA
East West Bank,EWB-1000368,ARM,GNMA,Borrower 368,"2638 Main St, Unit 25",Commercial & Multi-Family (5+ Units),CS1,WA,2,PIF,Sandra Garcia,2023-02-24,2053-02-16,2026-04-21,1904,60-Day Delinquent,60,283028,0,307702,2023-01-25,280187,2024-11-19,663,101.01,2026-03-19,3598,36,SAV-56381,21171,2026-03-19,2026-03-20,NA
East West Bank,EWB-1000369,Construction,FHLMC,Borrower 369,"2025 Main St, Unit 8",Residential Property (1-4 Units),SP1,MA,2,FC,Nancy Jackson,2023-09-05,2053-08-28,2026-04-21,3234,Current,0,1111945,0,1472373,2023-08-06,1816262,2025-04-13,601,61.22,2026-03-15,2814,230,SAV-71131,29439,2026-03-22,2026-03-22,Y
East West Bank,EWB-1000370,Lot Loan,GNMA,Borrower 370,"8419 Main St, Unit 21",Residential Property (1-4 Units),HE1,NY,3,LEG,Sarah Jenkins,2023-11-10,2053-11-02,2026-04-21,4586,Current,0,163732,0,248818,2023-10-11,264312,2025-10-17,767,61.95,2026-02-19,2330,197,SAV-95086,32085,2026-03-08,2026-03-18,N
East West Bank,EWB-1000371,Construction,FHLMC,Borrower 371,"311 Main St, Unit 39",Commercial & Multi-Family (5+ Units),CE1,FL,3,PIF,Donald Martinez,2022-10-07,2052-09-29,2026-04-21,2613,30-Day Delinquent,30,401310,0,523706,2022-09-07,564395,2026-02-09,666,71.1,2026-02-07,2260,362,SAV-91587,27073,2026-03-18,2026-03-19,N
East West Bank,EWB-1000372,Lot Loan,EWB-INT,Borrower 372,"679 Main St, Unit 7",Residential Property (1-4 Units),LC1,IL,1,BK,Jessica Taylor,2022-06-01,2052-05-24,2026-04-21,4655,30-Day Delinquent,30,675744,0,1331208,2022-05-02,1627789,2025-04-26,822,41.51,2026-03-19,2489,362,SAV-21348,45642,2026-03-17,2026-03-21,NA
East West Bank,EWB-1000373,Specialty,FHLMC,Borrower 373,"6338 Main St, Unit 4",Residential Property (1-4 Units),CR1,WA,4,DIS,Charles Wilson,2023-03-13,2053-03-05,2026-04-21,3518,Current,0,712832,0,1349670,2023-02-11,1655715,2025-03-02,752,43.05,2026-03-10,3253,331,SAV-81078,9854,2026-03-15,2026-03-18,N
East West Bank,EWB-1000374,Foreign National,EWB-INT,Borrower 374,"725 Main St, Unit 29",Commercial & Multi-Family (5+ Units),CR1,WA,2,PIF,Lisa Williams,2023-02-11,2053-02-03,2026-04-21,2041,Current,0,537107,0,784486,2023-01-12,1007663,2025-04-18,762,53.3,2026-02-17,1592,137,SAV-26178,49362,2026-03-08,2026-03-20,N
East West Bank,EWB-1000375,ARM,EWB-INT,Borrower 375,"3351 Main St, Unit 22",Residential Property (1-4 Units),CR1,MA,1,FC,Matthew Moore,2023-07-29,2053-07-21,2026-04-21,3666,Current,0,226780,0,370971,2023-06-29,360080,2024-07-07,790,62.98,2026-02-21,2179,291,SAV-74002,39865,2026-03-10,2026-03-22,Y
East West Bank,EWB-1000376,Conventional,PRIV,Borrower 376,"2628 Main St, Unit 27",Commercial & Multi-Family (5+ Units),CS1,IL,3,PIF,Joseph White,2023-07-07,2053-06-29,2026-04-21,1764,Current,0,1116148,0,1181519,2023-06-07,1535475,2025-04-15,638,72.69,2026-02-10,2218,116,SAV-18470,9487,2026-03-09,2026-03-22,NA
East West Bank,EWB-1000377,Foreign National,FNMA,Borrower 377,"3736 Main St, Unit 30",Residential Property (1-4 Units),CS1,GA,3,M,Thomas Thompson,2023-10-12,2053-10-04,2026-04-21,4891,30-Day Delinquent,30,287166,0,375314,2023-09-12,474732,2024-12-03,672,60.49,2026-02-23,1363,276,SAV-13558,6705,2026-03-08,2026-03-20,Y
East West Bank,EWB-1000378,Construction,FHLMC,Borrower 378,"3229 Main St, Unit 50",Commercial & Multi-Family (5+ Units),CR1,NY,4,BK,Susan Martinez,2023-04-30,2053-04-22,2026-04-21,1696,Current,0,476655,0,666998,2023-03-31,679148,2025-03-26,792,70.18,2026-01-23,2662,467,SAV-14005,40266,2026-03-16,2026-03-22,NA
East West Bank,EWB-1000379,Construction,FNMA,Borrower 379,"5863 Main St, Unit 43",Commercial & Multi-Family (5+ Units),CS1,CA,2,SII,Linda Garcia,2022-02-06,2052-01-30,2026-04-21,2393,30-Day Delinquent,30,234020,0,282028,2022-01-07,323886,2026-01-28,583,72.25,2026-01-22,3588,473,SAV-80059,20475,2026-03-07,2026-03-17,N
East West Bank,EWB-1000380,Construction,EWB-INT,Borrower 380,"9758 Main St, Unit 50",Commercial & Multi-Family (5+ Units),LC1,VA,2,M,Sarah Jenkins,2023-10-20,2053-10-12,2026-04-21,1792,30-Day Delinquent,30,579674,0,776045,2023-09-20,844646,2024-09-07,731,68.63,2026-02-14,3567,181,SAV-89776,45420,2026-03-07,2026-03-21,N
East West Bank,EWB-1000381,ARM,EWB-INT,Borrower 381,"3892 Main St, Unit 3",Residential Property (1-4 Units),SP1,MA,4,PIF,Sarah Jenkins,2023-09-19,2053-09-11,2026-04-21,4649,Current,0,237012,0,416847,2023-08-20,468975,2024-06-14,829,50.54,2026-02-19,2001,356,SAV-17596,36437,2026-03-10,2026-03-17,Y
East West Bank,EWB-1000382,ARM,PRIV,Borrower 382,"2551 Main St, Unit 26",Commercial & Multi-Family (5+ Units),CE1,TX,4,M,Margaret Harris,2022-09-22,2052-09-14,2026-04-21,1511,30-Day Delinquent,30,803466,0,1145043,2022-08-23,1080922,2024-07-23,841,74.33,2026-01-30,2810,361,SAV-93344,39529,2026-03-11,2026-03-17,N
East West Bank,EWB-1000383,Construction,GNMA,Borrower 383,"6314 Main St, Unit 38",Residential Property (1-4 Units),LC1,FL,2,LEG,Margaret Harris,2023-06-25,2053-06-17,2026-04-21,4178,30-Day Delinquent,30,225892,0,429922,2023-05-26,466130,2025-08-19,825,48.46,2026-01-26,1663,412,SAV-73551,12449,2026-03-20,2026-03-22,N
East West Bank,EWB-1000384,Lot Loan,FHLMC,Borrower 384,"7191 Main St, Unit 36",Commercial & Multi-Family (5+ Units),LC1,IL,1,LOSS,Margaret Harris,2023-02-05,2053-01-28,2026-04-21,2877,Current,0,357631,0,399474,2023-01-06,422502,2025-06-29,597,84.65,2026-02-19,1391,127,SAV-26968,45565,2026-03-08,2026-03-22,N
East West Bank,EWB-1000385,Specialty,EWB-INT,Borrower 385,"5982 Main St, Unit 14",Commercial & Multi-Family (5+ Units),CE1,NJ,1,TRNS,John Smith,2022-05-21,2052-05-13,2026-04-21,4261,30-Day Delinquent,30,617059,0,1021310,2022-04-21,1045648,2024-09-19,679,59.01,2026-03-18,2374,223,SAV-42554,31019,2026-03-08,2026-03-17,Y
East West Bank,EWB-1000386,Specialty,FHLMC,Borrower 386,"2070 Main St, Unit 25",Commercial & Multi-Family (5+ Units),SP1,NJ,1,REO,Thomas Thompson,2024-01-01,2053-12-24,2026-04-21,4839,90-Day Delinquent,90,1001718,1648,1079065,2023-12-02,1274123,2024-09-13,581,78.62,2026-02-07,1761,340,SAV-34402,3221,2026-03-13,2026-03-22,Y
East West Bank,EWB-1000387,Conventional,FNMA,Borrower 387,"3571 Main St, Unit 20",Commercial & Multi-Family (5+ Units),HE1,TX,2,M,Michael Chen,2022-08-15,2052-08-07,2026-04-21,4761,Current,0,829079,0,1374613,2022-07-16,1750774,2024-08-17,690,47.35,2026-03-12,2901,400,SAV-78464,7511,2026-03-12,2026-03-20,NA
East West Bank,EWB-1000388,Lot Loan,EWB-INT,Borrower 388,"3307 Main St, Unit 49",Residential Property (1-4 Units),LC1,GA,4,M,James Miller,2023-06-18,2053-06-10,2026-04-21,3569,Current,0,783002,0,1495766,2023-05-19,1353949,2025-11-29,709,57.83,2026-03-22,2358,118,SAV-45637,14265,2026-03-19,2026-03-17,N
East West Bank,EWB-1000389,Equity,PRIV,Borrower 389,"6265 Main St, Unit 34",Residential Property (1-4 Units),CS1,NY,2,TRNS,Karen Anderson,2022-03-24,2052-03-16,2026-04-21,2802,Current,0,1193881,0,1300096,2022-02-22,1527838,2026-01-24,645,78.14,2026-02-22,3272,40,SAV-33097,35948,2026-03-21,2026-03-22,NA
East West Bank,EWB-1000390,ARM,PRIV,Borrower 390,"1197 Main St, Unit 48",Commercial & Multi-Family (5+ Units),HE1,NJ,2,FC,Linda Garcia,2022-08-21,2052-08-13,2026-04-21,3609,90-Day Delinquent,90,960279,2843,1186548,2022-07-22,1224839,2024-11-29,743,78.4,2026-02-04,2405,94,SAV-22894,1455,2026-03-18,2026-03-20,NA
East West Bank,EWB-1000391,Construction,FNMA,Borrower 391,"6365 Main St, Unit 15",Residential Property (1-4 Units),SP1,NY,3,TRNS,Thomas Thompson,2022-05-04,2052-04-26,2026-04-21,1744,90-Day Delinquent,120,494448,489,907038,2022-04-04,845583,2025-05-10,589,58.47,2026-03-16,3309,388,SAV-53023,43770,2026-03-09,2026-03-21,NA
East West Bank,EWB-1000392,Equity,EWB-INT,Borrower 392,"7079 Main St, Unit 26",Commercial & Multi-Family (5+ Units),CE1,VA,4,TRNS,Robert Brown,2022-09-19,2052-09-11,2026-04-21,1840,Current,0,1062432,0,1192377,2022-08-20,1532602,2024-06-26,845,69.32,2026-03-15,1441,9,SAV-35319,10789,2026-03-11,2026-03-17,N
East West Bank,EWB-1000393,Foreign National,GNMA,Borrower 393,"4121 Main St, Unit 43",Residential Property (1-4 Units),CR1,WA,2,LEG,John Smith,2023-01-01,2052-12-24,2026-04-21,1996,30-Day Delinquent,30,700218,0,1218392,2022-12-02,1246983,2025-06-09,712,56.15,2026-01-21,3086,29,SAV-27323,3373,2026-03-17,2026-03-18,N
East West Bank,EWB-1000394,Foreign National,GNMA,Borrower 394,"662 Main St, Unit 29",Residential Property (1-4 Units),CR1,GA,2,FC,Joseph White,2023-02-10,2053-02-02,2026-04-21,4796,Current,0,593634,0,1156080,2023-01-11,1086354,2025-04-14,643,54.64,2026-03-10,3525,186,SAV-78999,47887,2026-03-18,2026-03-17,NA
East West Bank,EWB-1000395,Equity,FNMA,Borrower 395,"9781 Main St, Unit 3",Commercial & Multi-Family (5+ Units),CS1,NJ,3,REO,David Rodriguez,2022-08-27,2052-08-19,2026-04-21,2091,Current,0,197323,0,366184,2022-07-28,456665,2025-11-06,754,43.21,2026-03-03,1061,67,SAV-43421,47589,2026-03-18,2026-03-17,N
East West Bank,EWB-1000396,Conventional,FHLMC,Borrower 396,"5400 Main St, Unit 43",Commercial & Multi-Family (5+ Units),CE1,CA,3,TRNS,Daniel Martin,2023-01-07,2052-12-30,2026-04-21,2902,30-Day Delinquent,30,214432,0,242324,2022-12-08,264309,2025-04-22,699,81.13,2026-02-12,1609,257,SAV-67135,31915,2026-03-22,2026-03-20,Y
East West Bank,EWB-1000397,Lot Loan,GNMA,Borrower 397,"5479 Main St, Unit 22",Residential Property (1-4 Units),HE1,NJ,2,TRNS,Richard Davis,2023-12-27,2053-12-19,2026-04-21,1476,60-Day Delinquent,60,526910,0,610494,2023-11-27,565651,2024-06-11,830,93.15,2026-02-20,1953,174,SAV-78634,47973,2026-03-15,2026-03-21,NA
East West Bank,EWB-1000398,Specialty,GNMA,Borrower 398,"6686 Main St, Unit 34",Commercial & Multi-Family (5+ Units),CE1,MA,3,SII,Sarah Jenkins,2024-01-02,2053-12-25,2026-04-21,4270,Current,0,1032123,0,1087841,2023-12-03,1395651,2025-03-24,709,73.95,2026-03-15,1501,431,SAV-32314,41666,2026-03-10,2026-03-17,N
East West Bank,EWB-1000399,Foreign National,FHLMC,Borrower 399,"2862 Main St, Unit 6",Residential Property (1-4 Units),SP1,NY,3,TRNS,Richard Davis,2023-04-13,2053-04-05,2026-04-21,1512,Current,0,753658,0,896788,2023-03-14,932328,2026-02-01,580,80.84,2026-03-22,3370,48,SAV-70823,17260,2026-03-16,2026-03-18,NA
East West Bank,EWB-1000400,Foreign National,EWB-INT,Borrower 400,"4802 Main St, Unit 24",Residential Property (1-4 Units),CE1,GA,4,REO,Susan Martinez,2022-08-14,2052-08-06,2026-04-21,3713,Current,0,291505,0,367285,2022-07-15,380661,2024-10-24,824,76.58,2026-02-06,3496,85,SAV-61883,29362,2026-03-21,2026-03-18,NA
East West Bank,EWB-1000401,Specialty,FNMA,Borrower 401,"1205 Main St, Unit 8",Residential Property (1-4 Units),LC1,FL,1,TRNS,Daniel Martin,2023-10-27,2053-10-19,2026-04-21,1470,Current,0,1016593,0,1359504,2023-09-27,1482946,2024-04-01,785,68.55,2026-02-28,2149,490,SAV-32278,3763,2026-03-10,2026-03-19,NA
East West Bank,EWB-1000402,Lot Loan,EWB-INT,Borrower 402,"1822 Main St, Unit 23",Residential Property (1-4 Units),CR1,NY,2,SII,Thomas Thompson,2023-03-18,2053-03-10,2026-04-21,4234,30-Day Delinquent,30,1194900,0,1447076,2023-02-16,1785625,2025-06-24,795,66.92,2026-02-22,2087,226,SAV-99853,3584,2026-03-19,2026-03-19,Y
East West Bank,EWB-1000403,Equity,PRIV,Borrower 403,"3807 Main St, Unit 28",Residential Property (1-4 Units),CS1,VA,2,REO,Joseph White,2022-06-13,2052-06-05,2026-04-21,3352,30-Day Delinquent,30,841361,0,1395309,2022-05-14,1331385,2025-07-19,764,63.19,2026-03-16,1660,164,SAV-95824,4951,2026-03-15,2026-03-21,Y
East West Bank,EWB-1000404,Foreign National,FHLMC,Borrower 404,"893 Main St, Unit 42",Residential Property (1-4 Units),CS1,MA,3,REO,Robert Brown,2022-06-02,2052-05-25,2026-04-21,3537,Current,0,760252,0,1205146,2022-05-03,1245955,2025-08-27,730,61.02,2026-02-04,3801,178,SAV-91008,13330,2026-03-15,2026-03-20,Y
East West Bank,EWB-1000405,ARM,EWB-INT,Borrower 405,"9340 Main St, Unit 19",Commercial & Multi-Family (5+ Units),HE1,FL,1,FC,Emily Watson,2023-02-26,2053-02-18,2026-04-21,2668,Current,0,1168007,0,1493276,2023-01-27,1575791,2025-04-19,813,74.12,2026-01-24,3111,485,SAV-84984,7700,2026-03-11,2026-03-19,NA
East West Bank,EWB-1000406,Construction,PRIV,Borrower 406,"6325 Main St, Unit 1",Commercial & Multi-Family (5+ Units),HE1,NY,2,REO,John Smith,2023-05-16,2053-05-08,2026-04-21,1734,30-Day Delinquent,30,885401,0,1320439,2023-04-16,1656744,2025-03-17,708,53.44,2026-03-18,1248,52,SAV-52668,34692,2026-03-16,2026-03-22,N
East West Bank,EWB-1000407,Construction,FHLMC,Borrower 407,"6027 Main St, Unit 8",Residential Property (1-4 Units),CS1,IL,1,LEG,John Smith,2023-06-08,2053-05-31,2026-04-21,4232,30-Day Delinquent,30,687033,0,950101,2023-05-09,1196699,2024-09-22,665,57.41,2026-02-03,1801,303,SAV-36145,47114,2026-03-11,2026-03-20,N
East West Bank,EWB-1000408,Lot Loan,PRIV,Borrower 408,"6054 Main St, Unit 28",Residential Property (1-4 Units),HE1,CA,2,LOSS,Patricia Hernandez,2023-06-11,2053-06-03,2026-04-21,3790,Current,0,146474,0,198320,2023-05-12,184255,2025-04-16,698,79.5,2026-02-11,2919,83,SAV-82675,3532,2026-03-10,2026-03-20,N
East West Bank,EWB-1000409,Specialty,FHLMC,Borrower 409,"9244 Main St, Unit 26",Residential Property (1-4 Units),SP1,GA,4,M,Margaret Harris,2023-04-30,2053-04-22,2026-04-21,4707,90-Day Delinquent,120,527197,2630,762297,2023-03-31,799134,2025-01-03,693,65.97,2026-01-31,2354,277,SAV-58211,5429,2026-03-10,2026-03-17,NA
East West Bank,EWB-1000410,Conventional,PRIV,Borrower 410,"3285 Main St, Unit 42",Commercial & Multi-Family (5+ Units),CR1,MA,3,DIS,John Smith,2023-07-29,2053-07-21,2026-04-21,1830,Current,0,1358695,0,1484809,2023-06-29,1812506,2024-05-14,811,74.96,2026-03-07,3007,481,SAV-23659,20532,2026-03-17,2026-03-18,NA
East West Bank,EWB-1000411,Conventional,GNMA,Borrower 411,"6206 Main St, Unit 18",Commercial & Multi-Family (5+ Units),CR1,NJ,2,TRNS,Lisa Williams,2022-06-30,2052-06-22,2026-04-21,3580,60-Day Delinquent,60,1120431,0,1372471,2022-05-31,1321605,2025-03-13,580,84.78,2026-02-16,3818,382,SAV-50163,3015,2026-03-22,2026-03-22,NA
East West Bank,EWB-1000412,Construction,FHLMC,Borrower 412,"9501 Main St, Unit 6",Residential Property (1-4 Units),CS1,IL,3,LOSS,James Miller,2022-12-24,2052-12-16,2026-04-21,4289,Current,0,568556,0,983487,2022-11-24,1117631,2024-05-08,632,50.87,2026-01-29,1597,81,SAV-43839,39897,2026-03-07,2026-03-17,N
East West Bank,EWB-1000413,Foreign National,FNMA,Borrower 413,"1981 Main St, Unit 48",Commercial & Multi-Family (5+ Units),LC1,VA,3,TRNS,John Smith,2023-06-17,2053-06-09,2026-04-21,3804,30-Day Delinquent,30,168889,0,308056,2023-05-18,321649,2024-06-29,799,52.51,2026-01-24,1530,300,SAV-25381,9226,2026-03-22,2026-03-22,N
East West Bank,EWB-1000414,Construction,FHLMC,Borrower 414,"6983 Main St, Unit 47",Commercial & Multi-Family (5+ Units),CR1,FL,2,LOSS,Jessica Taylor,2022-12-06,2052-11-28,2026-04-21,4777,Current,0,601374,0,1182766,2022-11-06,1115293,2024-07-16,740,53.92,2026-02-10,2668,244,SAV-27548,30993,2026-03-11,2026-03-19,Y
East West Bank,EWB-1000415,ARM,EWB-INT,Borrower 415,"3692 Main St, Unit 29",Commercial & Multi-Family (5+ Units),CE1,NJ,1,M,Thomas Thompson,2023-02-17,2053-02-09,2026-04-21,3754,Current,0,579634,0,785567,2023-01-18,716632,2024-07-16,824,80.88,2026-02-28,3513,423,SAV-19556,41780,2026-03-14,2026-03-19,N
East West Bank,EWB-1000416,Specialty,EWB-INT,Borrower 416,"6088 Main St, Unit 2",Commercial & Multi-Family (5+ Units),CS1,WA,1,SII,James Miller,2022-12-06,2052-11-28,2026-04-21,1357,Current,0,510273,0,871384,2022-11-06,1002894,2025-04-03,677,50.88,2026-02-11,2410,11,SAV-21686,11698,2026-03-15,2026-03-20,Y
East West Bank,EWB-1000417,Lot Loan,GNMA,Borrower 417,"2365 Main St, Unit 2",Residential Property (1-4 Units),CE1,CA,3,FC,Linda Garcia,2022-01-17,2052-01-10,2026-04-21,1776,Current,0,587240,0,634965,2021-12-18,656383,2026-02-02,661,89.47,2026-02-10,1673,394,SAV-12062,3357,2026-03-08,2026-03-20,NA
East West Bank,EWB-1000418,Lot Loan,EWB-INT,Borrower 418,"8930 Main St, Unit 40",Commercial & Multi-Family (5+ Units),LC1,GA,3,LOSS,Thomas Thompson,2023-04-13,2053-04-05,2026-04-21,1219,90-Day Delinquent,90,1047214,2034,1443590,2023-03-14,1346834,2025-02-21,708,77.75,2026-01-28,3883,62,SAV-81294,24166,2026-03-15,2026-03-17,NA
East West Bank,EWB-1000419,Equity,PRIV,Borrower 419,"7479 Main St, Unit 25",Residential Property (1-4 Units),CS1,TX,1,SII,Joseph White,2022-03-08,2052-02-29,2026-04-21,3135,Current,0,366403,0,388389,2022-02-06,378094,2024-11-23,668,96.91,2026-02-17,2537,451,SAV-22010,29647,2026-03-17,2026-03-22,NA
East West Bank,EWB-1000420,Conventional,EWB-INT,Borrower 420,"5822 Main St, Unit 20",Residential Property (1-4 Units),LC1,TX,2,FC,Michael Chen,2023-08-24,2053-08-16,2026-04-21,4526,Current,0,930136,0,1226299,2023-07-25,1166191,2025-10-01,672,79.76,2026-03-22,1649,85,SAV-67346,18684,2026-03-12,2026-03-18,NA
East West Bank,EWB-1000421,Specialty,GNMA,Borrower 421,"4101 Main St, Unit 41",Commercial & Multi-Family (5+ Units),CR1,MA,3,DIS,Donald Martinez,2022-06-20,2052-06-12,2026-04-21,2129,Current,0,890192,0,1178400,2022-05-21,1102654,2024-10-12,681,80.73,2026-02-12,1961,148,SAV-47073,35189,2026-03-21,2026-03-18,NA
East West Bank,EWB-1000422,Construction,FHLMC,Borrower 422,"8294 Main St, Unit 20",Residential Property (1-4 Units),CE1,NY,3,BK,Patricia Hernandez,2023-04-13,2053-04-05,2026-04-21,2858,Current,0,841980,0,1198173,2023-03-14,1199597,2026-02-18,664,70.19,2026-03-05,3314,159,SAV-20731,3791,2026-03-20,2026-03-22,Y
East West Bank,EWB-1000423,Construction,PRIV,Borrower 423,"6917 Main St, Unit 23",Commercial & Multi-Family (5+ Units),LC1,TX,2,LEG,Patricia Hernandez,2023-08-18,2053-08-10,2026-04-21,1447,90-Day Delinquent,90,281888,2214,316703,2023-07-19,320938,2024-11-28,696,87.83,2026-02-10,3055,153,SAV-62607,35825,2026-03-10,2026-03-17,N
East West Bank,EWB-1000424,Equity,GNMA,Borrower 424,"2696 Main St, Unit 16",Commercial & Multi-Family (5+ Units),CS1,VA,3,DIS,Thomas Thompson,2022-01-01,2051-12-25,2026-04-21,3326,60-Day Delinquent,60,216607,0,285832,2021-12-02,352071,2026-02-09,712,61.52,2026-03-14,2756,258,SAV-12711,6360,2026-03-14,2026-03-21,Y
East West Bank,EWB-1000425,Construction,EWB-INT,Borrower 425,"261 Main St, Unit 23",Residential Property (1-4 Units),SP1,VA,4,PIF,Margaret Harris,2022-06-28,2052-06-20,2026-04-21,3751,Current,0,348411,0,554772,2022-05-29,609118,2025-04-27,807,57.2,2026-02-06,3742,227,SAV-97682,36025,2026-03-14,2026-03-21,Y
East West Bank,EWB-1000426,ARM,PRIV,Borrower 426,"8275 Main St, Unit 41",Commercial & Multi-Family (5+ Units),LC1,WA,3,LOSS,Sandra Garcia,2022-01-25,2052-01-18,2026-04-21,4640,30-Day Delinquent,30,958774,0,1158559,2021-12-26,1216632,2025-03-15,600,78.81,2026-02-25,3506,375,SAV-62469,21696,2026-03-07,2026-03-17,Y
East West Bank,EWB-1000427,Equity,FHLMC,Borrower 427,"791 Main St, Unit 15",Commercial & Multi-Family (5+ Units),HE1,WA,3,DIS,Michael Chen,2023-01-11,2053-01-03,2026-04-21,1799,Current,0,872306,0,1175014,2022-12-12,1414262,2025-03-22,696,61.68,2026-03-16,2799,112,SAV-44243,5810,2026-03-08,2026-03-17,N
East West Bank,EWB-1000428,Specialty,FNMA,Borrower 428,"4464 Main St, Unit 23",Residential Property (1-4 Units),SP1,TX,1,FC,Matthew Moore,2023-06-21,2053-06-13,2026-04-21,4629,90-Day Delinquent,90,1084290,3880,1338554,2023-05-22,1538916,2026-01-01,720,70.46,2026-01-21,1163,97,SAV-82422,22159,2026-03-22,2026-03-20,NA
East West Bank,EWB-1000429,Lot Loan,FNMA,Borrower 429,"1563 Main St, Unit 33",Commercial & Multi-Family (5+ Units),CR1,GA,2,BK,Christopher Thomas,2023-11-30,2053-11-22,2026-04-21,4622,Current,0,195371,0,287084,2023-10-31,344131,2025-02-13,631,56.77,2026-02-08,3337,356,SAV-34931,25911,2026-03-22,2026-03-18,NA
East West Bank,EWB-1000430,Construction,GNMA,Borrower 430,"6014 Main St, Unit 50",Commercial & Multi-Family (5+ Units),SP1,NY,4,REO,Linda Garcia,2023-12-04,2053-11-26,2026-04-21,1267,30-Day Delinquent,30,870741,0,1402078,2023-11-04,1689716,2025-09-18,715,51.53,2026-01-25,2456,26,SAV-58175,43963,2026-03-14,2026-03-18,N
East West Bank,EWB-1000431,Conventional,FHLMC,Borrower 431,"8680 Main St, Unit 32",Commercial & Multi-Family (5+ Units),CR1,IL,2,TRNS,Matthew Moore,2023-03-01,2053-02-21,2026-04-21,3109,Current,0,147417,0,162289,2023-01-30,193744,2024-07-12,711,76.09,2026-02-13,1132,216,SAV-71009,7946,2026-03-14,2026-03-20,N
East West Bank,EWB-1000432,Conventional,PRIV,Borrower 432,"4042 Main St, Unit 13",Commercial & Multi-Family (5+ Units),CR1,IL,2,DIS,Michael Chen,2023-02-25,2053-02-17,2026-04-21,3423,60-Day Delinquent,60,142102,0,236365,2023-01-26,226857,2024-11-19,842,62.64,2026-03-13,1354,492,SAV-44063,32030,2026-03-10,2026-03-18,Y
East West Bank,EWB-1000433,Construction,EWB-INT,Borrower 433,"4964 Main St, Unit 5",Commercial & Multi-Family (5+ Units),CS1,CA,2,LEG,James Miller,2022-11-17,2052-11-09,2026-04-21,2196,30-Day Delinquent,30,708574,0,1378361,2022-10-18,1384205,2026-01-13,738,51.19,2026-03-20,1101,423,SAV-16149,3290,2026-03-18,2026-03-18,Y
East West Bank,EWB-1000434,Construction,EWB-INT,Borrower 434,"2465 Main St, Unit 31",Commercial & Multi-Family (5+ Units),CE1,CA,2,LOSS,Barbara Taylor,2023-09-24,2053-09-16,2026-04-21,1980,30-Day Delinquent,30,784892,0,879532,2023-08-25,1042904,2025-04-29,615,75.26,2026-01-22,1773,294,SAV-56620,49974,2026-03-15,2026-03-18,NA
East West Bank,EWB-1000435,Conventional,GNMA,Borrower 435,"1061 Main St, Unit 48",Commercial & Multi-Family (5+ Units),SP1,CA,3,REO,Karen Anderson,2022-11-21,2052-11-13,2026-04-21,1196,Current,0,588480,0,686437,2022-10-22,759114,2025-02-01,751,77.52,2026-03-15,2677,8,SAV-58520,3795,2026-03-08,2026-03-22,N
East West Bank,EWB-1000436,Equity,GNMA,Borrower 436,"6362 Main St, Unit 30",Residential Property (1-4 Units),SP1,GA,3,BK,Matthew Moore,2022-08-08,2052-07-31,2026-04-21,4405,Current,0,1066448,0,1144170,2022-07-09,1083825,2025-10-03,697,98.4,2026-03-14,1247,48,SAV-63581,39285,2026-03-19,2026-03-20,NA
East West Bank,EWB-1000437,ARM,EWB-INT,Borrower 437,"1734 Main St, Unit 6",Commercial & Multi-Family (5+ Units),LC1,TX,1,LEG,Jessica Taylor,2022-05-24,2052-05-16,2026-04-21,4371,Current,0,757812,0,1339083,2022-04-24,1426637,2026-01-26,588,53.12,2026-02-20,1332,415,SAV-68492,14752,2026-03-13,2026-03-18,NA
East West Bank,EWB-1000438,ARM,GNMA,Borrower 438,"1083 Main St, Unit 23",Residential Property (1-4 Units),CR1,IL,2,LOSS,David Rodriguez,2022-06-02,2052-05-25,2026-04-21,3839,30-Day Delinquent,30,213492,0,225388,2022-05-03,283558,2024-04-10,651,75.29,2026-02-15,1125,435,SAV-65069,30714,2026-03-11,2026-03-19,Y
East West Bank,EWB-1000439,Specialty,EWB-INT,Borrower 439,"2840 Main St, Unit 14",Residential Property (1-4 Units),CS1,FL,1,REO,Joseph White,2023-10-14,2053-10-06,2026-04-21,3050,60-Day Delinquent,60,340062,0,382601,2023-09-14,485030,2025-05-04,647,70.11,2026-03-17,1429,120,SAV-54363,39712,2026-03-20,2026-03-17,NA
East West Bank,EWB-1000440,Lot Loan,FNMA,Borrower 440,"726 Main St, Unit 30",Commercial & Multi-Family (5+ Units),SP1,MA,1,TRNS,John Smith,2023-07-24,2053-07-16,2026-04-21,3411,Current,0,434243,0,579667,2023-06-24,586176,2025-12-23,746,74.08,2026-03-16,3051,292,SAV-46064,11061,2026-03-12,2026-03-21,NA
East West Bank,EWB-1000441,Specialty,GNMA,Borrower 441,"7028 Main St, Unit 13",Residential Property (1-4 Units),CS1,WA,3,DIS,Margaret Harris,2022-04-15,2052-04-07,2026-04-21,3364,30-Day Delinquent,30,193780,0,384386,2022-03-16,395454,2024-04-16,821,49.0,2026-02-11,3400,67,SAV-88227,33215,2026-03-15,2026-03-21,N
East West Bank,EWB-1000442,Construction,FNMA,Borrower 442,"3964 Main St, Unit 21",Commercial & Multi-Family (5+ Units),CR1,CA,4,BK,Susan Martinez,2022-02-16,2052-02-09,2026-04-21,1233,Current,0,296765,0,396242,2022-01-17,452918,2025-11-05,805,65.52,2026-01-22,3078,210,SAV-23784,14297,2026-03-14,2026-03-22,Y
East West Bank,EWB-1000443,ARM,FNMA,Borrower 443,"7695 Main St, Unit 5",Residential Property (1-4 Units),CR1,NJ,3,FC,Matthew Moore,2023-02-15,2053-02-07,2026-04-21,4012,Current,0,756037,0,1016964,2023-01-16,1134390,2024-04-30,722,66.65,2026-02-28,1843,307,SAV-81964,17054,2026-03-11,2026-03-19,NA
East West Bank,EWB-1000444,Lot Loan,EWB-INT,Borrower 444,"2703 Main St, Unit 26",Residential Property (1-4 Units),SP1,FL,2,M,Margaret Harris,2022-12-07,2052-11-29,2026-04-21,4969,Current,0,440168,0,714678,2022-11-07,846813,2025-09-14,590,51.98,2026-02-24,1843,136,SAV-28341,6832,2026-03-18,2026-03-19,N
East West Bank,EWB-1000445,Construction,EWB-INT,Borrower 445,"6876 Main St, Unit 41",Residential Property (1-4 Units),LC1,WA,2,M,Emily Watson,2022-03-27,2052-03-19,2026-04-21,3778,Current,0,1014993,0,1356861,2022-02-25,1352377,2025-12-06,833,75.05,2026-02-26,3300,188,SAV-84765,15053,2026-03-14,2026-03-22,NA
East West Bank,EWB-1000446,Specialty,EWB-INT,Borrower 446,"4794 Main St, Unit 45",Commercial & Multi-Family (5+ Units),LC1,GA,3,TRNS,Donald Martinez,2022-03-19,2052-03-11,2026-04-21,4729,Current,0,542924,0,692015,2022-02-17,727909,2025-06-03,664,74.59,2026-02-02,2745,256,SAV-31350,26264,2026-03-16,2026-03-17,Y
East West Bank,EWB-1000447,Construction,FHLMC,Borrower 447,"330 Main St, Unit 2",Commercial & Multi-Family (5+ Units),SP1,NJ,1,M,Sarah Jenkins,2023-12-11,2053-12-03,2026-04-21,2621,30-Day Delinquent,30,802872,0,1492630,2023-11-11,1797435,2024-11-19,767,44.67,2026-03-06,1775,328,SAV-52941,46696,2026-03-20,2026-03-18,NA
East West Bank,EWB-1000448,Equity,FHLMC,Borrower 448,"5693 Main St, Unit 30",Commercial & Multi-Family (5+ Units),CE1,IL,1,PIF,Robert Brown,2022-12-17,2052-12-09,2026-04-21,4389,60-Day Delinquent,60,645807,0,974899,2022-11-17,932579,2025-07-18,681,69.25,2026-03-14,2317,50,SAV-24759,16705,2026-03-14,2026-03-22,Y
East West Bank,EWB-1000449,Specialty,FNMA,Borrower 449,"1907 Main St, Unit 30",Commercial & Multi-Family (5+ Units),LC1,GA,4,FC,Karen Anderson,2023-09-13,2053-09-05,2026-04-21,4519,Current,0,676760,0,1158806,2023-08-14,1095572,2024-06-10,615,61.77,2026-02-15,1384,205,SAV-92004,11553,2026-03-10,2026-03-22,N
East West Bank,EWB-1000450,Foreign National,GNMA,Borrower 450,"9193 Main St, Unit 11",Commercial & Multi-Family (5+ Units),SP1,NJ,4,FC,Jessica Taylor,2023-05-22,2053-05-14,2026-04-21,2840,Current,0,522536,0,785232,2023-04-22,982652,2024-04-16,652,53.18,2026-01-26,1118,73,SAV-53836,2496,2026-03-12,2026-03-22,N
East West Bank,EWB-1000451,ARM,FNMA,Borrower 451,"3282 Main St, Unit 37",Residential Property (1-4 Units),CE1,WA,3,REO,Karen Anderson,2023-12-15,2053-12-07,2026-04-21,3481,Current,0,409977,0,553322,2023-11-15,683052,2025-12-13,775,60.02,2026-01-30,2886,104,SAV-36033,44336,2026-03-22,2026-03-21,NA
East West Bank,EWB-1000452,Lot Loan,PRIV,Borrower 452,"3726 Main St, Unit 36",Residential Property (1-4 Units),CR1,WA,3,LEG,Emily Watson,2023-11-26,2053-11-18,2026-04-21,1962,Current,0,682390,0,1136753,2023-10-27,1310946,2024-09-22,606,52.05,2026-02-02,3439,465,SAV-41281,14870,2026-03-09,2026-03-19,NA
East West Bank,EWB-1000453,Lot Loan,PRIV,Borrower 453,"5931 Main St, Unit 10",Residential Property (1-4 Units),SP1,GA,4,LEG,David Rodriguez,2022-05-05,2052-04-27,2026-04-21,4234,30-Day Delinquent,30,533710,0,799991,2022-04-05,905739,2025-07-06,779,58.93,2026-03-03,1676,249,SAV-43419,38443,2026-03-16,2026-03-21,N
East West Bank,EWB-1000454,Construction,PRIV,Borrower 454,"5958 Main St, Unit 26",Commercial & Multi-Family (5+ Units),SP1,MA,4,FC,Daniel Martin,2023-11-25,2053-11-17,2026-04-21,4175,30-Day Delinquent,30,950641,0,1193445,2023-10-26,1124482,2025-02-05,637,84.54,2026-02-04,3948,172,SAV-35858,5490,2026-03-10,2026-03-20,Y
East West Bank,EWB-1000455,Equity,FNMA,Borrower 455,"8057 Main St, Unit 10",Commercial & Multi-Family (5+ Units),SP1,MA,1,DIS,James Miller,2023-03-14,2053-03-06,2026-04-21,4038,Current,0,195268,0,379189,2023-02-12,434136,2025-10-14,794,44.98,2026-02-27,1770,89,SAV-27146,22690,2026-03-10,2026-03-19,N
East West Bank,EWB-1000456,Specialty,FHLMC,Borrower 456,"1333 Main St, Unit 2",Commercial & Multi-Family (5+ Units),HE1,NJ,2,LEG,Emily Watson,2023-08-10,2053-08-02,2026-04-21,3409,Current,0,462385,0,799829,2023-07-11,934941,2025-07-27,695,49.46,2026-02-18,3435,296,SAV-56625,47783,2026-03-11,2026-03-21,NA
East West Bank,EWB-1000457,ARM,FHLMC,Borrower 457,"6856 Main St, Unit 34",Commercial & Multi-Family (5+ Units),HE1,WA,1,FC,Robert Brown,2023-12-11,2053-12-03,2026-04-21,2330,Current,0,1166054,0,1374491,2023-11-11,1562706,2024-12-06,615,74.62,2026-02-07,2255,309,SAV-15720,38903,2026-03-13,2026-03-22,Y
East West Bank,EWB-1000458,Specialty,FHLMC,Borrower 458,"3760 Main St, Unit 16",Residential Property (1-4 Units),CS1,FL,3,TRNS,Daniel Martin,2023-11-09,2053-11-01,2026-04-21,2296,90-Day Delinquent,120,885117,3921,985036,2023-10-10,1215370,2025-05-10,787,72.83,2026-01-22,1575,484,SAV-18855,30034,2026-03-18,2026-03-17,NA
East West Bank,EWB-1000459,Foreign National,PRIV,Borrower 459,"7971 Main St, Unit 29",Residential Property (1-4 Units),SP1,IL,2,DIS,Lisa Williams,2022-05-31,2052-05-23,2026-04-21,4800,Current,0,646861,0,904296,2022-05-01,1045674,2025-12-28,591,61.86,2026-02-12,2901,168,SAV-95464,9357,2026-03-21,2026-03-22,Y
East West Bank,EWB-1000460,Equity,FHLMC,Borrower 460,"4162 Main St, Unit 32",Residential Property (1-4 Units),HE1,NJ,1,DIS,Barbara Taylor,2023-03-07,2053-02-27,2026-04-21,3338,Current,0,1237958,0,1349751,2023-02-05,1551598,2024-09-24,723,79.79,2026-02-18,2234,493,SAV-49793,30906,2026-03-19,2026-03-18,N
East West Bank,EWB-1000461,Equity,PRIV,Borrower 461,"2277 Main St, Unit 30",Commercial & Multi-Family (5+ Units),SP1,VA,2,REO,Donald Martinez,2023-07-08,2053-06-30,2026-04-21,3252,Current,0,593307,0,1009414,2023-06-08,1279315,2025-03-10,694,46.38,2026-01-24,2014,133,SAV-83854,23952,2026-03-17,2026-03-18,Y
East West Bank,EWB-1000462,Lot Loan,GNMA,Borrower 462,"6534 Main St, Unit 31",Commercial & Multi-Family (5+ Units),LC1,TX,3,FC,Christopher Thomas,2023-11-09,2053-11-01,2026-04-21,4979,Current,0,992406,0,1421300,2023-10-10,1703063,2025-06-18,700,58.27,2026-02-19,1035,306,SAV-40967,2267,2026-03-16,2026-03-18,NA
East West Bank,EWB-1000463,Foreign National,GNMA,Borrower 463,"5773 Main St, Unit 48",Commercial & Multi-Family (5+ Units),CR1,NY,4,FC,Daniel Martin,2022-10-20,2052-10-12,2026-04-21,3467,30-Day Delinquent,30,513952,0,818755,2022-09-20,960404,2025-01-11,810,53.51,2026-02-16,3480,316,SAV-44443,6925,2026-03-17,2026-03-20,N
East West Bank,EWB-1000464,Conventional,FNMA,Borrower 464,"3674 Main St, Unit 13",Commercial & Multi-Family (5+ Units),CR1,NY,3,SII,Richard Davis,2022-10-05,2052-09-27,2026-04-21,2662,90-Day Delinquent,90,301859,56,527844,2022-09-05,676329,2024-11-18,617,44.63,2026-03-18,1384,115,SAV-92329,15283,2026-03-16,2026-03-20,Y
East West Bank,EWB-1000465,Equity,FHLMC,Borrower 465,"8822 Main St, Unit 30",Residential Property (1-4 Units),SP1,VA,3,PIF,John Smith,2022-02-03,2052-01-27,2026-04-21,2744,Current,0,349615,0,668652,2022-01-04,863032,2024-05-08,730,40.51,2026-02-15,3579,327,SAV-56275,39363,2026-03-18,2026-03-22,NA
East West Bank,EWB-1000466,Conventional,GNMA,Borrower 466,"7920 Main St, Unit 30",Commercial & Multi-Family (5+ Units),HE1,NJ,2,REO,Nancy Jackson,2022-12-07,2052-11-29,2026-04-21,1430,Current,0,997106,0,1323057,2022-11-07,1248224,2025-02-25,837,79.88,2026-02-26,1029,181,SAV-94064,22578,2026-03-15,2026-03-21,N
East West Bank,EWB-1000467,Foreign National,GNMA,Borrower 467,"2367 Main St, Unit 15",Residential Property (1-4 Units),HE1,IL,1,DIS,Patricia Hernandez,2022-05-01,2052-04-23,2026-04-21,3757,90-Day Delinquent,120,456557,270,542136,2022-04-01,648563,2024-11-29,759,70.4,2026-02-14,2092,134,SAV-97645,37369,2026-03-09,2026-03-17,Y
East West Bank,EWB-1000468,Equity,EWB-INT,Borrower 468,"3223 Main St, Unit 48",Residential Property (1-4 Units),CS1,NY,4,REO,Lisa Williams,2022-04-17,2052-04-09,2026-04-21,3326,Current,0,89304,0,168073,2022-03-18,184050,2025-08-09,841,48.52,2026-02-09,3588,297,SAV-19275,31041,2026-03-13,2026-03-21,Y
East West Bank,EWB-1000469,ARM,EWB-INT,Borrower 469,"4137 Main St, Unit 12",Residential Property (1-4 Units),CE1,MA,2,DIS,Jessica Taylor,2023-11-05,2053-10-28,2026-04-21,3515,90-Day Delinquent,90,447286,2795,876331,2023-10-06,842128,2025-11-12,823,53.11,2026-02-16,1686,11,SAV-99875,40569,2026-03-07,2026-03-20,N
East West Bank,EWB-1000470,Equity,EWB-INT,Borrower 470,"6053 Main St, Unit 41",Commercial & Multi-Family (5+ Units),SP1,CA,1,BK,Robert Brown,2023-09-08,2053-08-31,2026-04-21,3396,Current,0,864470,0,1035296,2023-08-09,1197310,2026-01-10,745,72.2,2026-02-20,1750,62,SAV-37406,35197,2026-03-19,2026-03-20,N
East West Bank,EWB-1000471,Foreign National,FNMA,Borrower 471,"7826 Main St, Unit 10",Commercial & Multi-Family (5+ Units),LC1,IL,4,FC,John Smith,2023-06-07,2053-05-30,2026-04-21,3693,60-Day Delinquent,60,1014971,0,1233170,2023-05-08,1158963,2025-09-16,795,87.58,2026-02-25,1480,371,SAV-52084,46638,2026-03-21,2026-03-17,Y
East West Bank,EWB-1000472,Foreign National,GNMA,Borrower 472,"7385 Main St, Unit 12",Residential Property (1-4 Units),CE1,NJ,2,REO,Sarah Jenkins,2022-10-02,2052-09-24,2026-04-21,2580,Current,0,764754,0,1140669,2022-09-02,1193861,2025-10-10,646,64.06,2026-03-21,2677,418,SAV-94463,10625,2026-03-21,2026-03-19,N
East West Bank,EWB-1000473,Equity,FNMA,Borrower 473,"4729 Main St, Unit 36",Residential Property (1-4 Units),SP1,MA,1,SII,Barbara Taylor,2023-07-21,2053-07-13,2026-04-21,1976,60-Day Delinquent,60,678245,0,1276798,2023-06-21,1328137,2025-01-12,742,51.07,2026-02-15,2633,454,SAV-46828,40786,2026-03-20,2026-03-19,NA
East West Bank,EWB-1000474,Equity,PRIV,Borrower 474,"7628 Main St, Unit 16",Commercial & Multi-Family (5+ Units),CR1,WA,4,SII,Charles Wilson,2023-11-03,2053-10-26,2026-04-21,2355,Current,0,555650,0,694897,2023-10-04,771322,2024-11-12,785,72.04,2026-02-17,2463,369,SAV-77182,2593,2026-03-08,2026-03-22,Y
East West Bank,EWB-1000475,Conventional,FNMA,Borrower 475,"9371 Main St, Unit 44",Residential Property (1-4 Units),HE1,FL,2,SII,David Rodriguez,2023-03-31,2053-03-23,2026-04-21,2151,90-Day Delinquent,120,438606,3379,637689,2023-03-01,589669,2024-09-02,832,74.38,2026-02-24,3377,128,SAV-31457,21480,2026-03-18,2026-03-20,NA
East West Bank,EWB-1000476,Equity,EWB-INT,Borrower 476,"8630 Main St, Unit 27",Commercial & Multi-Family (5+ Units),CE1,VA,3,BK,Margaret Harris,2023-07-19,2053-07-11,2026-04-21,3258,90-Day Delinquent,90,914414,3898,1204477,2023-06-19,1280448,2025-11-03,817,71.41,2026-01-23,1370,447,SAV-58525,29400,2026-03-18,2026-03-22,N
East West Bank,EWB-1000477,ARM,EWB-INT,Borrower 477,"597 Main St, Unit 11",Residential Property (1-4 Units),CS1,GA,3,TRNS,Robert Brown,2023-11-19,2053-11-11,2026-04-21,2413,Current,0,535496,0,685426,2023-10-20,818060,2024-10-26,604,65.46,2026-03-17,3554,407,SAV-46583,22806,2026-03-15,2026-03-20,N
East West Bank,EWB-1000478,Specialty,PRIV,Borrower 478,"4113 Main St, Unit 23",Commercial & Multi-Family (5+ Units),CS1,MA,3,PIF,Richard Davis,2022-06-13,2052-06-05,2026-04-21,4513,30-Day Delinquent,30,741627,0,922577,2022-05-14,885035,2025-01-25,604,83.8,2026-02-03,1965,29,SAV-91541,27419,2026-03-13,2026-03-17,N
East West Bank,EWB-1000479,Conventional,PRIV,Borrower 479,"1044 Main St, Unit 22",Residential Property (1-4 Units),LC1,NY,3,M,Karen Anderson,2022-11-11,2052-11-03,2026-04-21,2711,Current,0,822213,0,1065387,2022-10-12,963813,2026-02-09,707,85.31,2026-03-21,3468,270,SAV-74606,27389,2026-03-10,2026-03-19,Y
East West Bank,EWB-1000480,ARM,FHLMC,Borrower 480,"5522 Main St, Unit 44",Commercial & Multi-Family (5+ Units),CR1,TX,2,FC,Sarah Jenkins,2023-01-06,2052-12-29,2026-04-21,3554,Current,0,1336255,0,1407100,2022-12-07,1699814,2024-08-27,599,78.61,2026-03-18,2521,346,SAV-66559,34344,2026-03-13,2026-03-20,Y
East West Bank,EWB-1000481,Equity,EWB-INT,Borrower 481,"2260 Main St, Unit 33",Commercial & Multi-Family (5+ Units),LC1,GA,3,PIF,Susan Martinez,2023-10-14,2053-10-06,2026-04-21,1447,Current,0,579533,0,991531,2023-09-14,1089424,2024-12-01,739,53.2,2026-01-24,3978,333,SAV-74709,15410,2026-03-07,2026-03-20,N
East West Bank,EWB-1000482,Construction,PRIV,Borrower 482,"3366 Main St, Unit 16",Residential Property (1-4 Units),CE1,NY,4,REO,Sandra Garcia,2023-07-15,2053-07-07,2026-04-21,4276,Current,0,177850,0,210545,2023-06-15,230657,2025-12-23,730,77.11,2026-02-24,2417,431,SAV-37297,16190,2026-03-17,2026-03-22,Y
East West Bank,EWB-1000483,ARM,FNMA,Borrower 483,"9107 Main St, Unit 23",Residential Property (1-4 Units),LC1,CA,1,FC,Christopher Thomas,2023-12-16,2053-12-08,2026-04-21,2604,Current,0,200626,0,400497,2023-11-16,470909,2025-02-04,846,42.6,2026-02-18,3999,150,SAV-50891,49180,2026-03-21,2026-03-21,N
East West Bank,EWB-1000484,Conventional,PRIV,Borrower 484,"7059 Main St, Unit 20",Residential Property (1-4 Units),LC1,VA,4,FC,Sarah Jenkins,2022-05-27,2052-05-19,2026-04-21,3668,60-Day Delinquent,60,863591,0,1056295,2022-04-27,1337316,2024-11-15,662,64.58,2026-02-18,3860,323,SAV-95435,29575,2026-03-22,2026-03-20,NA
East West Bank,EWB-1000485,Construction,PRIV,Borrower 485,"9889 Main St, Unit 35",Commercial & Multi-Family (5+ Units),HE1,WA,4,SII,Sarah Jenkins,2022-10-30,2052-10-22,2026-04-21,4893,Current,0,714170,0,1400632,2022-09-30,1734378,2025-09-18,769,41.18,2026-03-21,3886,140,SAV-16336,24904,2026-03-14,2026-03-19,Y
East West Bank,EWB-1000486,Construction,GNMA,Borrower 486,"1443 Main St, Unit 32",Residential Property (1-4 Units),CE1,VA,4,DIS,Robert Brown,2022-10-13,2052-10-05,2026-04-21,1605,Current,0,216345,0,287478,2022-09-13,261310,2025-12-03,831,82.79,2026-02-20,3209,90,SAV-50869,31769,2026-03-14,2026-03-20,Y
East West Bank,EWB-1000487,Construction,GNMA,Borrower 487,"4893 Main St, Unit 42",Commercial & Multi-Family (5+ Units),CS1,NJ,1,FC,Emily Watson,2022-05-03,2052-04-25,2026-04-21,4166,30-Day Delinquent,30,518330,0,643158,2022-04-03,692420,2024-08-18,680,74.86,2026-03-05,2474,274,SAV-59362,35590,2026-03-13,2026-03-17,Y
East West Bank,EWB-1000488,ARM,PRIV,Borrower 488,"4528 Main St, Unit 23",Residential Property (1-4 Units),SP1,GA,1,LEG,Christopher Thomas,2022-08-22,2052-08-14,2026-04-21,2154,30-Day Delinquent,30,299999,0,584995,2022-07-23,727609,2025-07-15,703,41.23,2026-01-26,2018,117,SAV-53224,44344,2026-03-12,2026-03-22,NA
East West Bank,EWB-1000489,ARM,FHLMC,Borrower 489,"7425 Main St, Unit 12",Commercial & Multi-Family (5+ Units),SP1,MA,4,LEG,Emily Watson,2023-01-22,2053-01-14,2026-04-21,2911,60-Day Delinquent,60,753988,0,993441,2022-12-23,952699,2025-12-20,695,79.14,2026-02-17,1792,363,SAV-90333,45610,2026-03-08,2026-03-19,Y
East West Bank,EWB-1000490,Foreign National,FNMA,Borrower 490,"6478 Main St, Unit 32",Commercial & Multi-Family (5+ Units),CS1,NY,3,SII,Joseph White,2022-07-26,2052-07-18,2026-04-21,2572,Current,0,1131588,0,1297647,2022-06-26,1471231,2024-10-26,586,76.91,2026-03-09,1598,201,SAV-66340,45590,2026-03-22,2026-03-21,Y
East West Bank,EWB-1000491,Construction,EWB-INT,Borrower 491,"9778 Main St, Unit 20",Residential Property (1-4 Units),HE1,NY,1,FC,David Rodriguez,2022-03-17,2052-03-09,2026-04-21,4198,Current,0,702844,0,964037,2022-02-15,1252224,2024-09-13,808,56.13,2026-02-23,2617,124,SAV-70156,11225,2026-03-17,2026-03-18,N
East West Bank,EWB-1000492,Conventional,PRIV,Borrower 492,"243 Main St, Unit 28",Residential Property (1-4 Units),HE1,NJ,4,BK,Susan Martinez,2023-06-12,2053-06-04,2026-04-21,2617,Current,0,864915,0,1391597,2023-05-13,1734633,2025-08-22,641,49.86,2026-02-08,1926,6,SAV-81793,32916,2026-03-22,2026-03-17,NA
East West Bank,EWB-1000493,ARM,FHLMC,Borrower 493,"5437 Main St, Unit 30",Commercial & Multi-Family (5+ Units),CS1,CA,4,FC,Patricia Hernandez,2022-03-29,2052-03-21,2026-04-21,1877,Current,0,456141,0,791269,2022-02-27,868134,2024-07-10,728,52.54,2026-01-21,3041,394,SAV-67127,790,2026-03-11,2026-03-20,NA
East West Bank,EWB-1000494,Foreign National,PRIV,Borrower 494,"6754 Main St, Unit 48",Commercial & Multi-Family (5+ Units),CS1,TX,4,BK,Nancy Jackson,2023-10-06,2053-09-28,2026-04-21,1909,60-Day Delinquent,60,671429,0,1188199,2023-09-06,1538356,2024-12-25,644,43.65,2026-02-14,1527,316,SAV-75949,28605,2026-03-16,2026-03-18,NA
East West Bank,EWB-1000495,Lot Loan,GNMA,Borrower 495,"3816 Main St, Unit 17",Residential Property (1-4 Units),HE1,CA,1,LEG,Susan Martinez,2023-09-27,2053-09-19,2026-04-21,2842,Current,0,977193,0,1386180,2023-08-28,1730479,2024-03-30,752,56.47,2026-02-04,2638,61,SAV-11890,38552,2026-03-13,2026-03-22,N
East West Bank,EWB-1000496,ARM,FNMA,Borrower 496,"6954 Main St, Unit 34",Commercial & Multi-Family (5+ Units),LC1,CA,2,M,Christopher Thomas,2023-07-06,2053-06-28,2026-04-21,2185,Current,0,962344,0,1121248,2023-06-06,1094978,2024-03-23,770,87.89,2026-03-08,2428,383,SAV-17345,40610,2026-03-17,2026-03-20,N
East West Bank,EWB-1000497,Specialty,FHLMC,Borrower 497,"1567 Main St, Unit 50",Residential Property (1-4 Units),HE1,IL,2,FC,James Miller,2023-12-09,2053-12-01,2026-04-21,3784,Current,0,803305,0,1490020,2023-11-09,1676335,2024-09-29,775,47.92,2026-02-16,3558,385,SAV-54784,39734,2026-03-18,2026-03-22,N
East West Bank,EWB-1000498,ARM,PRIV,Borrower 498,"7564 Main St, Unit 8",Commercial & Multi-Family (5+ Units),CS1,CA,3,LOSS,Emily Watson,2023-06-17,2053-06-09,2026-04-21,1217,90-Day Delinquent,90,1138238,1450,1498207,2023-05-18,1868744,2024-07-07,811,60.91,2026-02-06,1083,476,SAV-45833,15831,2026-03-12,2026-03-22,NA
East West Bank,EWB-1000499,Specialty,PRIV,Borrower 499,"3922 Main St, Unit 49",Residential Property (1-4 Units),CE1,NY,4,FC,Barbara Taylor,2023-07-02,2053-06-24,2026-04-21,2236,60-Day Delinquent,60,949558,0,1489100,2023-06-02,1408866,2024-12-12,621,67.4,2026-02-27,3687,106,SAV-78884,26602,2026-03-11,2026-03-21,Y
East West Bank,EWB-1000500,ARM,EWB-INT,Borrower 500,"3702 Main St, Unit 31",Residential Property (1-4 Units),CE1,IL,3,REO,Robert Brown,2022-07-13,2052-07-05,2026-04-21,3131,60-Day Delinquent,60,643260,0,1251928,2022-06-13,1395764,2025-08-13,596,46.09,2026-03-08,1206,356,SAV-54615,41628,2026-03-15,2026-03-17,NA
East West Bank,EWB-1000501,Construction,PRIV,Borrower 501,"2215 Main St, Unit 5",Residential Property (1-4 Units),CS1,IL,3,DIS,Lisa Williams,2022-05-29,2052-05-21,2026-04-21,3892,30-Day Delinquent,30,615830,0,778864,2022-04-29,905905,2025-10-14,639,67.98,2026-03-13,3400,166,SAV-94540,17893,2026-03-14,2026-03-21,N
East West Bank,EWB-1000502,Specialty,PRIV,Borrower 502,"7329 Main St, Unit 42",Residential Property (1-4 Units),LC1,TX,2,BK,Donald Martinez,2022-12-20,2052-12-12,2026-04-21,3369,Current,0,404817,0,454224,2022-11-20,476292,2026-02-11,821,84.99,2026-03-11,3137,336,SAV-29252,32863,2026-03-22,2026-03-19,N
East West Bank,EWB-1000503,Equity,FHLMC,Borrower 503,"6856 Main St, Unit 41",Residential Property (1-4 Units),HE1,TX,1,SII,Karen Anderson,2022-12-27,2052-12-19,2026-04-21,1062,Current,0,270010,0,371972,2022-11-27,342550,2025-05-13,782,78.82,2026-02-13,3970,288,SAV-89468,7377,2026-03-18,2026-03-18,NA
East West Bank,EWB-1000504,Conventional,FNMA,Borrower 504,"3528 Main St, Unit 49",Residential Property (1-4 Units),CS1,NY,1,DIS,David Rodriguez,2023-06-01,2053-05-24,2026-04-21,3152,Current,0,352678,0,658679,2023-05-02,597846,2025-08-05,658,58.99,2026-03-03,2650,49,SAV-44436,13469,2026-03-18,2026-03-22,NA
East West Bank,EWB-1000505,ARM,GNMA,Borrower 505,"6061 Main St, Unit 13",Residential Property (1-4 Units),CR1,WA,1,SII,James Miller,2023-08-21,2053-08-13,2026-04-21,4219,90-Day Delinquent,90,457126,3433,730780,2023-07-22,679357,2024-11-11,648,67.29,2026-02-27,3001,435,SAV-16019,38519,2026-03-17,2026-03-21,Y
East West Bank,EWB-1000506,ARM,PRIV,Borrower 506,"9232 Main St, Unit 2",Commercial & Multi-Family (5+ Units),CS1,VA,4,FC,Margaret Harris,2023-09-11,2053-09-03,2026-04-21,1802,30-Day Delinquent,30,142426,0,213936,2023-08-12,262393,2025-11-26,680,54.28,2026-02-07,3304,434,SAV-50130,18969,2026-03-15,2026-03-22,N
East West Bank,EWB-1000507,Lot Loan,GNMA,Borrower 507,"6504 Main St, Unit 8",Residential Property (1-4 Units),HE1,TX,3,TRNS,Jessica Taylor,2023-12-19,2053-12-11,2026-04-21,1576,Current,0,503349,0,637510,2023-11-19,624216,2026-01-09,688,80.64,2026-03-22,3259,181,SAV-49375,47836,2026-03-21,2026-03-20,N
East West Bank,EWB-1000508,ARM,FNMA,Borrower 508,"631 Main St, Unit 22",Commercial & Multi-Family (5+ Units),SP1,VA,2,LOSS,Linda Garcia,2023-05-26,2053-05-18,2026-04-21,3850,60-Day Delinquent,60,719468,0,1346179,2023-04-26,1301158,2025-05-20,811,55.29,2026-03-08,3850,279,SAV-69603,12228,2026-03-12,2026-03-21,NA
East West Bank,EWB-1000509,Foreign National,EWB-INT,Borrower 509,"4105 Main St, Unit 23",Residential Property (1-4 Units),LC1,NJ,1,LOSS,Emily Watson,2023-12-05,2053-11-27,2026-04-21,3467,Current,0,457483,0,789341,2023-11-05,953863,2025-07-08,718,47.96,2026-03-17,1029,264,SAV-38824,5203,2026-03-15,2026-03-18,Y
East West Bank,EWB-1000510,Specialty,FHLMC,Borrower 510,"3309 Main St, Unit 16",Commercial & Multi-Family (5+ Units),LC1,FL,2,PIF,Daniel Martin,2023-07-24,2053-07-16,2026-04-21,1454,90-Day Delinquent,120,610236,2650,1171318,2023-06-24,1358719,2024-10-10,607,44.91,2026-02-21,2965,97,SAV-40944,26605,2026-03-21,2026-03-17,NA
East West Bank,EWB-1000511,ARM,FHLMC,Borrower 511,"4403 Main St, Unit 15",Commercial & Multi-Family (5+ Units),SP1,GA,3,PIF,Donald Martinez,2022-08-23,2052-08-15,2026-04-21,2133,Current,0,219034,0,242601,2022-07-24,311806,2025-06-05,840,70.25,2026-03-16,2053,69,SAV-38650,34837,2026-03-16,2026-03-21,Y
East West Bank,EWB-1000512,Specialty,FHLMC,Borrower 512,"5469 Main St, Unit 20",Commercial & Multi-Family (5+ Units),LC1,GA,1,SII,Thomas Thompson,2023-05-25,2053-05-17,2026-04-21,3103,30-Day Delinquent,30,601475,0,1062735,2023-04-25,1338545,2024-09-19,717,44.93,2026-03-10,3397,469,SAV-66049,41681,2026-03-07,2026-03-22,Y
East West Bank,EWB-1000513,ARM,GNMA,Borrower 513,"7954 Main St, Unit 18",Residential Property (1-4 Units),CE1,CA,1,SII,Margaret Harris,2022-09-23,2052-09-15,2026-04-21,1345,Current,0,524223,0,753103,2022-08-24,889685,2025-02-18,799,58.92,2026-03-02,3806,104,SAV-63860,20987,2026-03-22,2026-03-20,NA
East West Bank,EWB-1000514,Conventional,EWB-INT,Borrower 514,"2914 Main St, Unit 46",Residential Property (1-4 Units),LC1,NY,4,FC,Emily Watson,2022-12-17,2052-12-09,2026-04-21,1228,90-Day Delinquent,90,673410,476,1259639,2022-11-17,1310911,2025-02-26,628,51.37,2026-03-20,3853,395,SAV-73591,36516,2026-03-10,2026-03-19,Y
East West Bank,EWB-1000515,Specialty,PRIV,Borrower 515,"2046 Main St, Unit 5",Commercial & Multi-Family (5+ Units),CE1,NJ,2,FC,Joseph White,2023-12-01,2053-11-23,2026-04-21,2329,Current,0,957124,0,1093693,2023-11-01,1298865,2024-06-14,748,73.69,2026-01-25,1803,145,SAV-11430,989,2026-03-08,2026-03-19,N
East West Bank,EWB-1000516,ARM,GNMA,Borrower 516,"5443 Main St, Unit 49",Commercial & Multi-Family (5+ Units),HE1,FL,2,LEG,James Miller,2022-01-07,2051-12-31,2026-04-21,2190,90-Day Delinquent,120,887385,4453,1129062,2021-12-08,1135469,2025-08-15,834,78.15,2026-03-21,3873,362,SAV-60300,36421,2026-03-14,2026-03-19,NA
East West Bank,EWB-1000517,Construction,EWB-INT,Borrower 517,"4899 Main St, Unit 38",Commercial & Multi-Family (5+ Units),HE1,MA,2,FC,Linda Garcia,2022-11-14,2052-11-06,2026-04-21,4654,90-Day Delinquent,120,853563,2091,1153171,2022-10-15,1411559,2024-05-10,837,60.47,2026-01-24,3196,18,SAV-90397,31250,2026-03-19,2026-03-20,Y
East West Bank,EWB-1000518,Conventional,PRIV,Borrower 518,"9425 Main St, Unit 28",Commercial & Multi-Family (5+ Units),CS1,VA,3,DIS,Robert Brown,2022-10-12,2052-10-04,2026-04-21,2424,30-Day Delinquent,30,171108,0,262990,2022-09-12,312084,2025-05-09,805,54.83,2026-03-09,2545,10,SAV-44203,30410,2026-03-10,2026-03-21,N
East West Bank,EWB-1000519,Foreign National,EWB-INT,Borrower 519,"4747 Main St, Unit 10",Residential Property (1-4 Units),CE1,CA,2,TRNS,Thomas Thompson,2023-07-24,2053-07-16,2026-04-21,1497,Current,0,110598,0,176806,2023-06-24,187642,2024-04-27,703,58.94,2026-01-27,1183,78,SAV-55971,33139,2026-03-21,2026-03-22,Y
East West Bank,EWB-1000520,Specialty,PRIV,Borrower 520,"1162 Main St, Unit 33",Residential Property (1-4 Units),LC1,IL,4,REO,Sandra Garcia,2023-08-28,2053-08-20,2026-04-21,1228,Current,0,339039,0,620641,2023-07-29,650327,2025-01-03,792,52.13,2026-02-06,3150,273,SAV-23530,3329,2026-03-07,2026-03-21,Y
East West Bank,EWB-1000521,Foreign National,PRIV,Borrower 521,"3461 Main St, Unit 37",Commercial & Multi-Family (5+ Units),SP1,TX,3,REO,Nancy Jackson,2022-09-06,2052-08-29,2026-04-21,3690,30-Day Delinquent,30,614883,0,1035421,2022-08-07,1144483,2025-10-31,701,53.73,2026-01-21,2390,34,SAV-90652,36508,2026-03-07,2026-03-20,Y
East West Bank,EWB-1000522,ARM,GNMA,Borrower 522,"1050 Main St, Unit 39",Residential Property (1-4 Units),SP1,TX,4,FC,Joseph White,2022-09-02,2052-08-25,2026-04-21,2035,60-Day Delinquent,60,250548,0,329830,2022-08-03,306777,2026-01-13,847,81.67,2026-02-09,2662,403,SAV-30621,43192,2026-03-16,2026-03-22,N
East West Bank,EWB-1000523,Specialty,PRIV,Borrower 523,"2624 Main St, Unit 47",Commercial & Multi-Family (5+ Units),LC1,FL,4,M,Emily Watson,2022-03-29,2052-03-21,2026-04-21,4236,90-Day Delinquent,90,822357,3292,1386497,2022-02-27,1388962,2025-09-25,728,59.21,2026-02-25,2759,206,SAV-37642,37712,2026-03-22,2026-03-18,N
East West Bank,EWB-1000524,Equity,EWB-INT,Borrower 524,"3371 Main St, Unit 45",Commercial & Multi-Family (5+ Units),HE1,WA,2,LOSS,Charles Wilson,2022-11-19,2052-11-11,2026-04-21,3768,90-Day Delinquent,120,595859,1560,772893,2022-10-20,817348,2025-02-26,817,72.9,2026-03-12,1991,15,SAV-39095,49429,2026-03-15,2026-03-19,NA
East West Bank,EWB-1000525,Specialty,GNMA,Borrower 525,"8500 Main St, Unit 3",Commercial & Multi-Family (5+ Units),CE1,CA,1,M,Thomas Thompson,2022-12-02,2052-11-24,2026-04-21,1448,60-Day Delinquent,60,713482,0,782543,2022-11-02,976891,2025-08-02,835,73.04,2026-02-24,1503,281,SAV-78930,23029,2026-03-10,2026-03-21,Y
East West Bank,EWB-1000526,Foreign National,FHLMC,Borrower 526,"815 Main St, Unit 43",Commercial & Multi-Family (5+ Units),CS1,FL,3,BK,Barbara Taylor,2023-01-20,2053-01-12,2026-04-21,2295,Current,0,1330140,0,1415898,2022-12-21,1340416,2025-03-13,601,99.23,2026-02-20,3644,350,SAV-93098,21741,2026-03-08,2026-03-19,N
East West Bank,EWB-1000527,Conventional,GNMA,Borrower 527,"542 Main St, Unit 39",Commercial & Multi-Family (5+ Units),HE1,TX,2,TRNS,Margaret Harris,2023-12-16,2053-12-08,2026-04-21,1708,Current,0,887735,0,1284033,2023-11-16,1563847,2024-08-29,792,56.77,2026-02-14,3595,440,SAV-43373,3273,2026-03-21,2026-03-22,N
East West Bank,EWB-1000528,ARM,FNMA,Borrower 528,"1573 Main St, Unit 20",Residential Property (1-4 Units),CR1,VA,3,LOSS,James Miller,2022-09-15,2052-09-07,2026-04-21,4402,30-Day Delinquent,30,1133348,0,1378337,2022-08-16,1499722,2024-06-24,667,75.57,2026-02-27,2422,122,SAV-44018,28996,2026-03-08,2026-03-21,N
East West Bank,EWB-1000529,Equity,EWB-INT,Borrower 529,"5476 Main St, Unit 44",Commercial & Multi-Family (5+ Units),SP1,NJ,3,DIS,Patricia Hernandez,2022-01-03,2051-12-27,2026-04-21,3302,Current,0,981686,0,1202330,2021-12-04,1370065,2024-12-27,768,71.65,2026-02-19,2272,386,SAV-45771,41251,2026-03-15,2026-03-19,N
East West Bank,EWB-1000530,Construction,PRIV,Borrower 530,"590 Main St, Unit 14",Residential Property (1-4 Units),LC1,VA,3,PIF,Richard Davis,2022-05-12,2052-05-04,2026-04-21,3419,30-Day Delinquent,30,427160,0,682994,2022-04-12,685739,2024-06-01,598,62.29,2026-03-03,3612,152,SAV-23215,31441,2026-03-08,2026-03-20,N
East West Bank,EWB-1000531,Construction,PRIV,Borrower 531,"9064 Main St, Unit 35",Residential Property (1-4 Units),HE1,CA,2,BK,Richard Davis,2023-11-23,2053-11-15,2026-04-21,3574,Current,0,115171,0,179725,2023-10-24,227330,2025-11-05,707,50.66,2026-03-18,1430,489,SAV-29868,49858,2026-03-17,2026-03-20,N
East West Bank,EWB-1000532,Lot Loan,FNMA,Borrower 532,"6818 Main St, Unit 39",Commercial & Multi-Family (5+ Units),SP1,GA,1,TRNS,Daniel Martin,2023-09-30,2053-09-22,2026-04-21,4273,Current,0,646845,0,1024631,2023-08-31,1047342,2025-02-24,765,61.76,2026-03-07,1509,352,SAV-18668,26305,2026-03-07,2026-03-21,N
East West Bank,EWB-1000533,Foreign National,FNMA,Borrower 533,"6840 Main St, Unit 16",Residential Property (1-4 Units),LC1,NY,1,SII,Lisa Williams,2023-12-19,2053-12-11,2026-04-21,4127,Current,0,428987,0,565872,2023-11-19,643721,2025-06-05,582,66.64,2026-02-12,2243,360,SAV-75918,36707,2026-03-17,2026-03-18,NA
East West Bank,EWB-1000534,Construction,PRIV,Borrower 534,"3582 Main St, Unit 26",Commercial & Multi-Family (5+ Units),CS1,VA,1,DIS,Michael Chen,2022-10-05,2052-09-27,2026-04-21,3925,90-Day Delinquent,150,294564,3659,394839,2022-09-05,449851,2024-10-26,803,65.48,2026-02-09,1067,213,SAV-63676,42873,2026-03-12,2026-03-17,Y
East West Bank,EWB-1000535,Lot Loan,FNMA,Borrower 535,"9752 Main St, Unit 21",Commercial & Multi-Family (5+ Units),CE1,FL,4,DIS,Sarah Jenkins,2023-11-09,2053-11-01,2026-04-21,4460,90-Day Delinquent,90,760138,2259,839556,2023-10-10,916038,2025-04-25,810,82.98,2026-03-14,2023,360,SAV-23183,8748,2026-03-14,2026-03-22,Y
East West Bank,EWB-1000536,Conventional,PRIV,Borrower 536,"3740 Main St, Unit 19",Commercial & Multi-Family (5+ Units),CE1,CA,2,FC,Richard Davis,2023-12-30,2053-12-22,2026-04-21,1337,30-Day Delinquent,30,795541,0,1266271,2023-11-30,1627805,2026-02-08,665,48.87,2026-03-16,1756,124,SAV-66897,6768,2026-03-10,2026-03-22,NA
East West Bank,EWB-1000537,Equity,FNMA,Borrower 537,"951 Main St, Unit 6",Residential Property (1-4 Units),SP1,GA,2,BK,John Smith,2022-11-06,2052-10-29,2026-04-21,2194,60-Day Delinquent,60,369147,0,666409,2022-10-07,828985,2024-08-04,591,44.53,2026-02-20,1612,269,SAV-29721,7789,2026-03-12,2026-03-17,NA
East West Bank,EWB-1000538,Construction,FNMA,Borrower 538,"4150 Main St, Unit 41",Residential Property (1-4 Units),CS1,IL,3,BK,Susan Martinez,2023-02-05,2053-01-28,2026-04-21,2825,30-Day Delinquent,30,181278,0,295016,2023-01-06,300976,2024-12-30,599,60.23,2026-01-26,3016,167,SAV-34054,5574,2026-03-11,2026-03-21,Y
East West Bank,EWB-1000539,Specialty,FHLMC,Borrower 539,"9721 Main St, Unit 24",Commercial & Multi-Family (5+ Units),CE1,FL,2,SII,Joseph White,2023-10-25,2053-10-17,2026-04-21,3315,Current,0,475452,0,895182,2023-09-25,896757,2025-12-13,790,53.02,2026-03-14,1981,119,SAV-51519,48183,2026-03-14,2026-03-22,Y
East West Bank,EWB-1000540,Lot Loan,EWB-INT,Borrower 540,"2724 Main St, Unit 6",Residential Property (1-4 Units),CE1,NJ,4,BK,John Smith,2022-10-19,2052-10-11,2026-04-21,4832,90-Day Delinquent,150,627426,633,774771,2022-09-19,881770,2024-06-08,711,71.16,2026-03-09,2997,8,SAV-61943,19796,2026-03-17,2026-03-22,NA
East West Bank,EWB-1000541,Foreign National,GNMA,Borrower 541,"6269 Main St, Unit 2",Residential Property (1-4 Units),CR1,GA,2,BK,Charles Wilson,2023-05-29,2053-05-21,2026-04-21,3574,30-Day Delinquent,30,818900,0,1313490,2023-04-29,1217112,2025-09-20,809,67.28,2026-03-08,3665,174,SAV-94748,3072,2026-03-18,2026-03-19,N
East West Bank,EWB-1000542,Conventional,FNMA,Borrower 542,"6680 Main St, Unit 32",Commercial & Multi-Family (5+ Units),CE1,FL,3,FC,Jessica Taylor,2022-09-24,2052-09-16,2026-04-21,4546,Current,0,1149827,0,1462743,2022-08-25,1777304,2025-01-12,781,64.7,2026-02-19,3756,11,SAV-66116,27985,2026-03-13,2026-03-17,N
East West Bank,EWB-1000543,Foreign National,FNMA,Borrower 543,"7114 Main St, Unit 1",Commercial & Multi-Family (5+ Units),CE1,IL,2,DIS,Karen Anderson,2022-10-16,2052-10-08,2026-04-21,3757,30-Day Delinquent,30,218470,0,254195,2022-09-16,318233,2025-08-17,636,68.65,2026-02-18,3074,190,SAV-81348,34722,2026-03-16,2026-03-18,NA
East West Bank,EWB-1000544,Construction,FNMA,Borrower 544,"6805 Main St, Unit 48",Residential Property (1-4 Units),CS1,NY,4,BK,Karen Anderson,2023-03-05,2053-02-25,2026-04-21,2044,Current,0,1339984,0,1488486,2023-02-03,1743672,2024-07-18,583,76.85,2026-01-26,1557,335,SAV-69711,15609,2026-03-14,2026-03-20,NA
East West Bank,EWB-1000545,Foreign National,FNMA,Borrower 545,"7548 Main St, Unit 32",Residential Property (1-4 Units),CR1,NY,1,TRNS,Michael Chen,2023-11-02,2053-10-25,2026-04-21,3075,Current,0,858853,0,1267698,2023-10-03,1582637,2025-03-22,765,54.27,2026-02-17,2419,30,SAV-42625,31713,2026-03-22,2026-03-19,N
East West Bank,EWB-1000546,ARM,GNMA,Borrower 546,"9776 Main St, Unit 2",Commercial & Multi-Family (5+ Units),CS1,IL,2,TRNS,Nancy Jackson,2023-02-17,2053-02-09,2026-04-21,1533,Current,0,582541,0,636275,2023-01-18,761403,2024-09-03,741,76.51,2026-01-30,2046,131,SAV-21937,13142,2026-03-08,2026-03-22,Y
East West Bank,EWB-1000547,Construction,PRIV,Borrower 547,"1644 Main St, Unit 19",Commercial & Multi-Family (5+ Units),SP1,NJ,3,DIS,Daniel Martin,2022-01-05,2051-12-29,2026-04-21,3791,Current,0,473279,0,557442,2021-12-06,565907,2025-09-15,767,83.63,2026-01-29,3423,48,SAV-21438,23735,2026-03-12,2026-03-17,Y
East West Bank,EWB-1000548,ARM,FHLMC,Borrower 548,"1936 Main St, Unit 33",Residential Property (1-4 Units),CS1,TX,4,LOSS,Michael Chen,2022-03-19,2052-03-11,2026-04-21,3025,60-Day Delinquent,60,809939,0,1046816,2022-02-17,1064895,2025-04-08,790,76.06,2026-03-22,2730,355,SAV-76030,2062,2026-03-11,2026-03-21,Y
East West Bank,EWB-1000549,Construction,EWB-INT,Borrower 549,"8441 Main St, Unit 15",Residential Property (1-4 Units),HE1,GA,3,LOSS,John Smith,2023-10-26,2053-10-18,2026-04-21,2014,Current,0,824440,0,1240668,2023-09-26,1312900,2025-12-07,609,62.8,2026-03-16,3899,53,SAV-27213,32860,2026-03-08,2026-03-19,Y
East West Bank,EWB-1000550,Lot Loan,GNMA,Borrower 550,"5925 Main St, Unit 39",Residential Property (1-4 Units),HE1,WA,4,REO,John Smith,2022-11-18,2052-11-10,2026-04-21,1954,90-Day Delinquent,150,203487,3777,325006,2022-10-19,414185,2026-02-02,752,49.13,2026-03-03,2823,122,SAV-44300,37260,2026-03-09,2026-03-17,NA
East West Bank,EWB-1000551,Conventional,FNMA,Borrower 551,"222 Main St, Unit 12",Residential Property (1-4 Units),HE1,WA,3,TRNS,Emily Watson,2023-02-12,2053-02-04,2026-04-21,2639,Current,0,332118,0,440998,2023-01-13,421195,2025-10-31,762,78.85,2026-02-27,3778,464,SAV-84329,4707,2026-03-19,2026-03-18,N
East West Bank,EWB-1000552,Specialty,GNMA,Borrower 552,"9511 Main St, Unit 12",Commercial & Multi-Family (5+ Units),SP1,NY,1,FC,Sarah Jenkins,2022-10-30,2052-10-22,2026-04-21,1783,Current,0,249215,0,331360,2022-09-30,391720,2024-11-02,830,63.62,2026-01-22,2037,285,SAV-19570,20777,2026-03-21,2026-03-19,NA
East West Bank,EWB-1000553,ARM,PRIV,Borrower 553,"2289 Main St, Unit 13",Commercial & Multi-Family (5+ Units),SP1,MA,3,DIS,Lisa Williams,2023-07-16,2053-07-08,2026-04-21,3520,60-Day Delinquent,60,1009788,0,1083688,2023-06-16,1383556,2025-10-26,740,72.98,2026-02-16,1043,137,SAV-35791,32775,2026-03-17,2026-03-18,N
East West Bank,EWB-1000554,Specialty,GNMA,Borrower 554,"652 Main St, Unit 43",Commercial & Multi-Family (5+ Units),HE1,MA,1,DIS,Margaret Harris,2022-08-23,2052-08-15,2026-04-21,2958,Current,0,271129,0,461955,2022-07-24,429589,2026-01-05,777,63.11,2026-02-01,3932,1,SAV-70229,22734,2026-03-12,2026-03-22,N
East West Bank,EWB-1000555,ARM,GNMA,Borrower 555,"3509 Main St, Unit 30",Commercial & Multi-Family (5+ Units),LC1,MA,4,SII,Robert Brown,2023-05-18,2053-05-10,2026-04-21,1510,90-Day Delinquent,150,626017,3331,791147,2023-04-18,804248,2025-12-08,716,77.84,2026-02-24,3989,93,SAV-59998,41537,2026-03-22,2026-03-21,NA
East West Bank,EWB-1000556,Foreign National,FNMA,Borrower 556,"9957 Main St, Unit 43",Commercial & Multi-Family (5+ Units),SP1,GA,1,SII,Margaret Harris,2023-12-18,2053-12-10,2026-04-21,2787,90-Day Delinquent,120,1298625,531,1436980,2023-11-18,1783475,2024-10-04,640,72.81,2026-01-29,3848,411,SAV-79996,12982,2026-03-17,2026-03-20,Y
East West Bank,EWB-1000557,ARM,FNMA,Borrower 557,"2410 Main St, Unit 34",Residential Property (1-4 Units),CE1,MA,1,SII,Susan Martinez,2022-09-14,2052-09-06,2026-04-21,2845,90-Day Delinquent,120,715484,2999,1245426,2022-08-15,1465649,2024-06-12,692,48.82,2026-02-04,1283,131,SAV-25424,28705,2026-03-21,2026-03-20,Y
East West Bank,EWB-1000558,Lot Loan,PRIV,Borrower 558,"6110 Main St, Unit 15",Commercial & Multi-Family (5+ Units),SP1,CA,4,REO,Michael Chen,2022-11-30,2052-11-22,2026-04-21,1055,Current,0,345289,0,378981,2022-10-31,439753,2024-08-07,824,78.52,2026-02-11,1528,305,SAV-74904,30019,2026-03-19,2026-03-17,N
East West Bank,EWB-1000559,Equity,FNMA,Borrower 559,"6245 Main St, Unit 10",Residential Property (1-4 Units),LC1,MA,1,SII,Emily Watson,2023-01-21,2053-01-13,2026-04-21,4031,Current,0,601616,0,961554,2022-12-22,968603,2025-04-25,648,62.11,2026-01-27,1021,167,SAV-87105,10090,2026-03-07,2026-03-18,Y
East West Bank,EWB-1000560,Equity,FHLMC,Borrower 560,"4094 Main St, Unit 45",Commercial & Multi-Family (5+ Units),SP1,IL,2,DIS,John Smith,2023-03-16,2053-03-08,2026-04-21,3581,60-Day Delinquent,60,292013,0,434580,2023-02-14,437848,2026-01-03,653,66.69,2026-03-20,2185,238,SAV-12229,15635,2026-03-08,2026-03-21,N
East West Bank,EWB-1000561,Foreign National,EWB-INT,Borrower 561,"7316 Main St, Unit 12",Commercial & Multi-Family (5+ Units),CS1,NJ,1,PIF,Lisa Williams,2022-06-19,2052-06-11,2026-04-21,3568,90-Day Delinquent,120,705786,2931,919605,2022-05-20,930960,2024-06-29,839,75.81,2026-02-28,1652,183,SAV-71267,22005,2026-03-21,2026-03-21,Y
East West Bank,EWB-1000562,Equity,FHLMC,Borrower 562,"7127 Main St, Unit 27",Commercial & Multi-Family (5+ Units),HE1,FL,1,LEG,John Smith,2023-01-18,2053-01-10,2026-04-21,3361,Current,0,552281,0,599830,2022-12-19,682531,2024-05-21,679,80.92,2026-02-02,1300,192,SAV-91979,4091,2026-03-17,2026-03-21,N
East West Bank,EWB-1000563,ARM,FNMA,Borrower 563,"2565 Main St, Unit 40",Commercial & Multi-Family (5+ Units),CE1,GA,2,PIF,Barbara Taylor,2022-12-01,2052-11-23,2026-04-21,3099,60-Day Delinquent,60,627016,0,1080997,2022-11-01,1238216,2024-04-06,767,50.64,2026-02-27,3022,387,SAV-62580,40455,2026-03-12,2026-03-17,NA
East West Bank,EWB-1000564,Conventional,FHLMC,Borrower 564,"7999 Main St, Unit 31",Residential Property (1-4 Units),LC1,NY,4,DIS,Margaret Harris,2023-04-19,2053-04-11,2026-04-21,4346,Current,0,660647,0,1265731,2023-03-20,1255869,2024-04-28,615,52.6,2026-03-11,3066,157,SAV-37345,45574,2026-03-10,2026-03-17,Y
East West Bank,EWB-1000565,Construction,FHLMC,Borrower 565,"8662 Main St, Unit 35",Residential Property (1-4 Units),CS1,WA,4,BK,Christopher Thomas,2022-02-13,2052-02-06,2026-04-21,3010,Current,0,263172,0,282503,2022-01-14,326875,2024-06-13,799,80.51,2026-02-24,1244,185,SAV-52380,12662,2026-03-14,2026-03-19,N
East West Bank,EWB-1000566,Foreign National,EWB-INT,Borrower 566,"5052 Main St, Unit 45",Commercial & Multi-Family (5+ Units),SP1,WA,4,BK,Matthew Moore,2023-06-07,2053-05-30,2026-04-21,4543,Current,0,792144,0,1102246,2023-05-08,1249266,2025-07-16,849,63.41,2026-02-07,1997,386,SAV-83189,27256,2026-03-20,2026-03-18,Y
East West Bank,EWB-1000567,ARM,PRIV,Borrower 567,"9923 Main St, Unit 48",Residential Property (1-4 Units),CE1,NJ,4,LOSS,Jessica Taylor,2023-08-11,2053-08-03,2026-04-21,3758,Current,0,577123,0,636799,2023-07-12,719402,2025-08-23,685,80.22,2026-02-24,3433,331,SAV-56332,44701,2026-03-20,2026-03-22,Y
East West Bank,EWB-1000568,Equity,EWB-INT,Borrower 568,"578 Main St, Unit 46",Commercial & Multi-Family (5+ Units),HE1,FL,1,BK,Margaret Harris,2023-10-19,2053-10-11,2026-04-21,1754,60-Day Delinquent,60,299134,0,461877,2023-09-19,558859,2024-08-14,807,53.53,2026-03-20,3925,389,SAV-81318,49953,2026-03-15,2026-03-17,Y
East West Bank,EWB-1000569,Conventional,EWB-INT,Borrower 569,"7355 Main St, Unit 16",Residential Property (1-4 Units),HE1,WA,2,FC,Susan Martinez,2022-08-07,2052-07-30,2026-04-21,2959,Current,0,452162,0,808003,2022-07-08,789558,2025-06-16,600,57.27,2026-03-13,2240,464,SAV-94054,44352,2026-03-08,2026-03-20,NA
East West Bank,EWB-1000570,Construction,PRIV,Borrower 570,"6317 Main St, Unit 2",Commercial & Multi-Family (5+ Units),CS1,CA,4,SII,Sarah Jenkins,2023-07-02,2053-06-24,2026-04-21,4400,Current,0,554204,0,903158,2023-06-02,1105061,2025-12-13,706,50.15,2026-03-19,3044,326,SAV-42073,31550,2026-03-16,2026-03-20,Y
East West Bank,EWB-1000571,Conventional,PRIV,Borrower 571,"5661 Main St, Unit 2",Residential Property (1-4 Units),SP1,CA,4,PIF,James Miller,2022-05-19,2052-05-11,2026-04-21,2077,Current,0,231683,0,265359,2022-04-19,241412,2025-08-02,727,95.97,2026-03-13,2696,164,SAV-66040,17261,2026-03-16,2026-03-18,N
East West Bank,EWB-1000572,Specialty,FHLMC,Borrower 572,"9620 Main St, Unit 39",Residential Property (1-4 Units),LC1,WA,1,LEG,Joseph White,2022-02-18,2052-02-11,2026-04-21,2120,Current,0,1270116,0,1437087,2022-01-19,1407359,2025-08-06,733,90.25,2026-02-14,3511,371,SAV-19864,41319,2026-03-09,2026-03-17,N
East West Bank,EWB-1000573,Equity,GNMA,Borrower 573,"7710 Main St, Unit 26",Commercial & Multi-Family (5+ Units),LC1,NJ,4,SII,John Smith,2022-10-05,2052-09-27,2026-04-21,4243,Current,0,318098,0,401924,2022-09-05,486135,2025-12-01,648,65.43,2026-02-26,1173,51,SAV-10231,28432,2026-03-18,2026-03-19,NA
East West Bank,EWB-1000574,ARM,FHLMC,Borrower 574,"7487 Main St, Unit 5",Commercial & Multi-Family (5+ Units),CE1,MA,4,PIF,Barbara Taylor,2023-03-24,2053-03-16,2026-04-21,3929,30-Day Delinquent,30,1234980,0,1321364,2023-02-22,1241125,2025-04-22,740,99.5,2026-02-14,3138,394,SAV-46765,23945,2026-03-07,2026-03-18,Y
East West Bank,EWB-1000575,Construction,PRIV,Borrower 575,"3261 Main St, Unit 13",Commercial & Multi-Family (5+ Units),CE1,MA,2,M,Sandra Garcia,2022-06-15,2052-06-07,2026-04-21,2969,Current,0,873975,0,1091763,2022-05-16,1292574,2024-10-19,665,67.62,2026-02-14,2298,468,SAV-76465,20553,2026-03-11,2026-03-17,Y
East West Bank,EWB-1000576,Lot Loan,PRIV,Borrower 576,"1431 Main St, Unit 28",Commercial & Multi-Family (5+ Units),LC1,NY,4,TRNS,John Smith,2022-06-30,2052-06-22,2026-04-21,4089,Current,0,298087,0,356487,2022-05-31,399195,2024-07-28,640,74.67,2026-03-19,3213,78,SAV-65082,14548,2026-03-19,2026-03-21,N
East West Bank,EWB-1000577,ARM,FNMA,Borrower 577,"1065 Main St, Unit 37",Residential Property (1-4 Units),SP1,NJ,4,FC,Matthew Moore,2022-09-28,2052-09-20,2026-04-21,1486,90-Day Delinquent,90,751835,602,828841,2022-08-29,895577,2026-01-09,748,83.95,2026-02-17,2443,71,SAV-88382,36589,2026-03-11,2026-03-19,NA
East West Bank,EWB-1000578,ARM,PRIV,Borrower 578,"4702 Main St, Unit 12",Commercial & Multi-Family (5+ Units),LC1,NY,3,LEG,Sarah Jenkins,2023-05-10,2053-05-02,2026-04-21,2533,60-Day Delinquent,60,138746,0,195232,2023-04-10,202720,2024-09-10,677,68.44,2026-01-27,2211,438,SAV-43863,46402,2026-03-11,2026-03-20,Y
East West Bank,EWB-1000579,Equity,FHLMC,Borrower 579,"6687 Main St, Unit 41",Residential Property (1-4 Units),CR1,MA,3,TRNS,Susan Martinez,2023-02-08,2053-01-31,2026-04-21,3685,Current,0,831519,0,1407669,2023-01-09,1460746,2024-06-21,644,56.92,2026-03-14,2684,367,SAV-72981,27398,2026-03-10,2026-03-17,Y
East West Bank,EWB-1000580,Specialty,FHLMC,Borrower 580,"7522 Main St, Unit 4",Commercial & Multi-Family (5+ Units),CS1,IL,4,LOSS,Patricia Hernandez,2022-03-08,2052-02-29,2026-04-21,1539,Current,0,567864,0,688645,2022-02-06,870920,2025-11-01,636,65.2,2026-02-16,3266,172,SAV-88339,13432,2026-03-15,2026-03-19,Y
East West Bank,EWB-1000581,Equity,GNMA,Borrower 581,"4300 Main St, Unit 37",Residential Property (1-4 Units),CS1,NJ,2,M,Joseph White,2023-01-21,2053-01-13,2026-04-21,1470,30-Day Delinquent,30,527081,0,882303,2022-12-22,1132791,2024-12-13,704,46.53,2026-02-11,1649,40,SAV-26858,7200,2026-03-11,2026-03-21,N
East West Bank,EWB-1000582,Equity,FNMA,Borrower 582,"6771 Main St, Unit 23",Residential Property (1-4 Units),CS1,IL,3,BK,John Smith,2022-07-12,2052-07-04,2026-04-21,4263,30-Day Delinquent,30,259390,0,408635,2022-06-12,445464,2025-03-14,638,58.23,2026-02-19,3582,459,SAV-73720,4005,2026-03-21,2026-03-19,NA
East West Bank,EWB-1000583,Conventional,GNMA,Borrower 583,"8272 Main St, Unit 21",Residential Property (1-4 Units),LC1,MA,4,BK,Daniel Martin,2022-12-17,2052-12-09,2026-04-21,3860,Current,0,712722,0,1003695,2022-11-17,1148019,2025-06-23,628,62.08,2026-02-01,2447,151,SAV-23371,35707,2026-03-22,2026-03-21,Y
East West Bank,EWB-1000584,ARM,EWB-INT,Borrower 584,"6480 Main St, Unit 4",Commercial & Multi-Family (5+ Units),CR1,FL,1,PIF,Emily Watson,2022-09-14,2052-09-06,2026-04-21,2531,Current,0,331250,0,430852,2022-08-15,470029,2024-09-07,733,70.47,2026-02-21,1230,8,SAV-68662,41660,2026-03-07,2026-03-18,Y
East West Bank,EWB-1000585,Foreign National,FHLMC,Borrower 585,"2474 Main St, Unit 50",Commercial & Multi-Family (5+ Units),CS1,CA,2,LEG,Charles Wilson,2023-09-10,2053-09-02,2026-04-21,4282,Current,0,799316,0,1015139,2023-08-11,1293317,2025-07-22,722,61.8,2026-03-16,1709,306,SAV-48591,20980,2026-03-08,2026-03-18,Y
East West Bank,EWB-1000586,Equity,EWB-INT,Borrower 586,"1634 Main St, Unit 14",Residential Property (1-4 Units),CR1,NY,4,BK,Sandra Garcia,2022-02-13,2052-02-06,2026-04-21,1332,Current,0,621207,0,954565,2022-01-14,1049204,2024-06-03,671,59.21,2026-02-01,3837,349,SAV-53684,22300,2026-03-15,2026-03-19,NA
East West Bank,EWB-1000587,Foreign National,PRIV,Borrower 587,"2044 Main St, Unit 33",Commercial & Multi-Family (5+ Units),CE1,VA,1,M,Nancy Jackson,2022-09-22,2052-09-14,2026-04-21,3361,Current,0,277008,0,439768,2022-08-23,421072,2024-04-12,637,65.79,2026-02-16,3967,298,SAV-69773,5919,2026-03-18,2026-03-22,NA
East West Bank,EWB-1000588,Conventional,GNMA,Borrower 588,"7598 Main St, Unit 30",Residential Property (1-4 Units),LC1,CA,4,SII,Joseph White,2023-03-21,2053-03-13,2026-04-21,1037,60-Day Delinquent,60,1030401,0,1489838,2023-02-19,1638473,2025-12-17,827,62.89,2026-03-06,1767,226,SAV-93625,16109,2026-03-09,2026-03-19,Y
East West Bank,EWB-1000589,Foreign National,FHLMC,Borrower 589,"4440 Main St, Unit 39",Residential Property (1-4 Units),LC1,IL,4,M,Matthew Moore,2022-03-27,2052-03-19,2026-04-21,4423,Current,0,249598,0,324023,2022-02-25,376978,2026-01-08,676,66.21,2026-02-25,2117,229,SAV-61632,32489,2026-03-18,2026-03-20,N
East West Bank,EWB-1000590,Conventional,FHLMC,Borrower 590,"1022 Main St, Unit 50",Residential Property (1-4 Units),CS1,TX,1,FC,Barbara Taylor,2023-06-08,2053-05-31,2026-04-21,1165,Current,0,84631,0,168658,2023-05-09,194648,2024-04-13,668,43.48,2026-02-05,1579,201,SAV-15893,39686,2026-03-16,2026-03-20,Y
East West Bank,EWB-1000591,Lot Loan,FHLMC,Borrower 591,"7499 Main St, Unit 35",Commercial & Multi-Family (5+ Units),LC1,WA,3,TRNS,Matthew Moore,2023-05-06,2053-04-28,2026-04-21,4331,Current,0,697785,0,778138,2023-04-06,942648,2025-04-20,846,74.02,2026-03-01,3258,468,SAV-87135,31719,2026-03-11,2026-03-18,NA
East West Bank,EWB-1000592,ARM,GNMA,Borrower 592,"5346 Main St, Unit 47",Commercial & Multi-Family (5+ Units),CS1,GA,2,BK,David Rodriguez,2022-04-28,2052-04-20,2026-04-21,4944,Current,0,707361,0,1378807,2022-03-29,1590404,2024-10-01,743,44.48,2026-02-14,3232,126,SAV-73528,43067,2026-03-21,2026-03-17,Y
East West Bank,EWB-1000593,Foreign National,GNMA,Borrower 593,"1185 Main St, Unit 18",Commercial & Multi-Family (5+ Units),CS1,VA,1,SII,Daniel Martin,2022-02-04,2052-01-28,2026-04-21,4115,Current,0,387716,0,418854,2022-01-05,507681,2024-08-11,817,76.37,2026-02-02,1143,301,SAV-59814,21696,2026-03-09,2026-03-21,Y
East West Bank,EWB-1000594,Specialty,GNMA,Borrower 594,"7683 Main St, Unit 2",Commercial & Multi-Family (5+ Units),HE1,GA,3,DIS,Emily Watson,2022-01-02,2051-12-26,2026-04-21,4843,Current,0,752506,0,1180697,2021-12-03,1451099,2024-11-10,847,51.86,2026-02-14,1136,114,SAV-74322,31514,2026-03-21,2026-03-22,NA
East West Bank,EWB-1000595,Specialty,EWB-INT,Borrower 595,"3383 Main St, Unit 30",Residential Property (1-4 Units),CR1,NY,4,TRNS,Emily Watson,2023-06-28,2053-06-20,2026-04-21,1834,Current,0,580953,0,974143,2023-05-29,1215112,2025-01-30,838,47.81,2026-03-07,1838,11,SAV-18144,21463,2026-03-18,2026-03-21,NA
East West Bank,EWB-1000596,Conventional,FNMA,Borrower 596,"150 Main St, Unit 31",Residential Property (1-4 Units),HE1,TX,4,PIF,Karen Anderson,2023-12-08,2053-11-30,2026-04-21,2424,90-Day Delinquent,90,600742,4804,678423,2023-11-08,652121,2024-10-23,799,92.12,2026-03-14,1037,203,SAV-89967,7818,2026-03-07,2026-03-22,N
East West Bank,EWB-1000597,Lot Loan,FHLMC,Borrower 597,"775 Main St, Unit 49",Commercial & Multi-Family (5+ Units),CS1,MA,2,LEG,Matthew Moore,2022-11-05,2052-10-28,2026-04-21,3220,Current,0,531797,0,763375,2022-10-06,822292,2024-09-19,680,64.67,2026-03-20,1509,59,SAV-31396,38400,2026-03-07,2026-03-21,N
East West Bank,EWB-1000598,Foreign National,PRIV,Borrower 598,"5370 Main St, Unit 20",Commercial & Multi-Family (5+ Units),SP1,VA,4,TRNS,Nancy Jackson,2022-07-24,2052-07-16,2026-04-21,3501,30-Day Delinquent,30,382179,0,429215,2022-06-24,491303,2024-06-12,680,77.79,2026-03-10,1185,109,SAV-87370,9661,2026-03-12,2026-03-17,Y
East West Bank,EWB-1000599,Construction,FHLMC,Borrower 599,"6166 Main St, Unit 5",Commercial & Multi-Family (5+ Units),CS1,WA,2,LEG,James Miller,2023-12-05,2053-11-27,2026-04-21,4983,Current,0,229372,0,423349,2023-11-05,491542,2025-02-20,825,46.66,2026-02-02,2029,476,SAV-91838,34085,2026-03-22,2026-03-18,N
East West Bank,EWB-1000600,ARM,GNMA,Borrower 600,"1596 Main St, Unit 24",Residential Property (1-4 Units),CS1,TX,1,M,Jessica Taylor,2022-02-07,2052-01-31,2026-04-21,4158,90-Day Delinquent,90,617588,16,728688,2022-01-08,898228,2024-07-26,688,68.76,2026-02-04,3276,208,SAV-70844,37387,2026-03-12,2026-03-17,Y
East West Bank,EWB-1000601,Lot Loan,FNMA,Borrower 601,"5341 Main St, Unit 35",Residential Property (1-4 Units),CS1,MA,1,TRNS,Susan Martinez,2022-02-17,2052-02-10,2026-04-21,3793,90-Day Delinquent,150,394563,4694,527501,2022-01-18,563485,2025-05-28,741,70.02,2026-03-04,3937,22,SAV-70447,13344,2026-03-18,2026-03-22,N
East West Bank,EWB-1000602,Lot Loan,EWB-INT,Borrower 602,"538 Main St, Unit 19",Commercial & Multi-Family (5+ Units),LC1,CA,4,PIF,Michael Chen,2023-12-17,2053-12-09,2026-04-21,2854,Current,0,504051,0,544341,2023-11-17,671772,2024-10-03,802,75.03,2026-01-31,2134,370,SAV-60229,12603,2026-03-10,2026-03-20,N
East West Bank,EWB-1000603,Foreign National,PRIV,Borrower 603,"5405 Main St, Unit 24",Residential Property (1-4 Units),CE1,VA,3,M,Karen Anderson,2023-04-16,2053-04-08,2026-04-21,3901,30-Day Delinquent,30,813733,0,946184,2023-03-17,1084962,2025-10-13,775,75.0,2026-02-03,1580,206,SAV-32683,18648,2026-03-16,2026-03-17,NA
East West Bank,EWB-1000604,Foreign National,PRIV,Borrower 604,"5667 Main St, Unit 25",Residential Property (1-4 Units),CS1,TX,3,TRNS,Sandra Garcia,2023-06-05,2053-05-28,2026-04-21,4691,30-Day Delinquent,30,465382,0,671121,2023-05-06,718989,2024-04-26,712,64.73,2026-03-11,1491,49,SAV-80613,45127,2026-03-17,2026-03-19,Y
East West Bank,EWB-1000605,Conventional,FHLMC,Borrower 605,"1224 Main St, Unit 46",Commercial & Multi-Family (5+ Units),CR1,NJ,1,LOSS,Barbara Taylor,2023-12-25,2053-12-17,2026-04-21,3315,90-Day Delinquent,120,1189177,2472,1296332,2023-11-25,1340535,2025-06-01,713,88.71,2026-03-18,3704,190,SAV-67902,33044,2026-03-21,2026-03-19,Y
East West Bank,EWB-1000606,Equity,EWB-INT,Borrower 606,"6099 Main St, Unit 20",Residential Property (1-4 Units),CE1,WA,1,FC,Richard Davis,2023-05-20,2053-05-12,2026-04-21,1575,30-Day Delinquent,30,1099065,0,1320808,2023-04-20,1439280,2025-01-22,792,76.36,2026-02-10,2973,382,SAV-84915,44637,2026-03-12,2026-03-21,Y
East West Bank,EWB-1000607,ARM,FNMA,Borrower 607,"6012 Main St, Unit 2",Commercial & Multi-Family (5+ Units),CS1,VA,2,TRNS,Susan Martinez,2023-12-02,2053-11-24,2026-04-21,4075,Current,0,484211,0,683634,2023-11-02,737823,2024-07-13,735,65.63,2026-03-14,1034,392,SAV-44522,24639,2026-03-12,2026-03-22,Y
East West Bank,EWB-1000608,Equity,GNMA,Borrower 608,"7026 Main St, Unit 43",Commercial & Multi-Family (5+ Units),LC1,NJ,2,SII,Patricia Hernandez,2023-02-03,2053-01-26,2026-04-21,1213,60-Day Delinquent,60,217200,0,371373,2023-01-04,423480,2024-12-31,742,51.29,2026-02-17,2523,222,SAV-21682,15667,2026-03-17,2026-03-18,Y
East West Bank,EWB-1000609,Lot Loan,EWB-INT,Borrower 609,"2648 Main St, Unit 29",Commercial & Multi-Family (5+ Units),CS1,NJ,1,LEG,Daniel Martin,2022-07-05,2052-06-27,2026-04-21,3548,Current,0,843776,0,1374744,2022-06-05,1594006,2025-04-20,654,52.93,2026-02-09,1584,38,SAV-68360,30309,2026-03-21,2026-03-21,N
East West Bank,EWB-1000610,Conventional,EWB-INT,Borrower 610,"1411 Main St, Unit 16",Residential Property (1-4 Units),SP1,MA,3,TRNS,James Miller,2023-06-05,2053-05-28,2026-04-21,3939,30-Day Delinquent,30,539323,0,585071,2023-05-06,540726,2024-04-30,687,99.74,2026-02-24,3839,209,SAV-49569,2738,2026-03-09,2026-03-19,Y
East West Bank,EWB-1000611,Construction,PRIV,Borrower 611,"2708 Main St, Unit 36",Residential Property (1-4 Units),CR1,NJ,3,BK,Margaret Harris,2022-10-15,2052-10-07,2026-04-21,1471,Current,0,344365,0,583934,2022-09-15,686485,2025-05-08,791,50.16,2026-03-16,2105,141,SAV-40234,16458,2026-03-18,2026-03-21,Y
East West Bank,EWB-1000612,ARM,EWB-INT,Borrower 612,"8174 Main St, Unit 40",Commercial & Multi-Family (5+ Units),HE1,FL,3,DIS,Matthew Moore,2023-12-08,2053-11-30,2026-04-21,3901,30-Day Delinquent,30,801035,0,1404311,2023-11-08,1479423,2025-06-18,735,54.15,2026-03-04,2207,397,SAV-35969,27111,2026-03-16,2026-03-18,Y
East West Bank,EWB-1000613,ARM,PRIV,Borrower 613,"5262 Main St, Unit 4",Residential Property (1-4 Units),HE1,MA,4,PIF,Margaret Harris,2022-08-20,2052-08-12,2026-04-21,2583,30-Day Delinquent,30,640291,0,750517,2022-07-21,785684,2025-08-04,727,81.49,2026-03-02,3392,83,SAV-48317,27410,2026-03-19,2026-03-21,NA
East West Bank,EWB-1000614,Conventional,EWB-INT,Borrower 614,"3885 Main St, Unit 36",Residential Property (1-4 Units),CR1,FL,4,DIS,Sarah Jenkins,2022-12-06,2052-11-28,2026-04-21,2630,Current,0,576067,0,695735,2022-11-06,707394,2024-05-22,770,81.44,2026-02-11,3329,261,SAV-63457,1395,2026-03-11,2026-03-20,Y
East West Bank,EWB-1000615,ARM,PRIV,Borrower 615,"2342 Main St, Unit 38",Residential Property (1-4 Units),HE1,CA,4,M,Donald Martinez,2022-09-04,2052-08-27,2026-04-21,3516,Current,0,676710,0,904105,2022-08-05,1122910,2025-10-01,770,60.26,2026-03-20,3508,270,SAV-55859,35242,2026-03-09,2026-03-21,N
East West Bank,EWB-1000616,Lot Loan,FHLMC,Borrower 616,"4804 Main St, Unit 37",Commercial & Multi-Family (5+ Units),CE1,MA,1,BK,Margaret Harris,2022-05-17,2052-05-09,2026-04-21,3971,Current,0,921426,0,1161316,2022-04-17,1275234,2025-04-25,721,72.26,2026-02-08,3575,206,SAV-20426,18687,2026-03-10,2026-03-18,N
East West Bank,EWB-1000617,Equity,GNMA,Borrower 617,"8283 Main St, Unit 32",Commercial & Multi-Family (5+ Units),CE1,MA,2,DIS,James Miller,2023-12-06,2053-11-28,2026-04-21,4788,90-Day Delinquent,90,916574,379,1297272,2023-11-06,1262653,2025-07-29,789,72.59,2026-03-19,3473,168,SAV-84635,34847,2026-03-21,2026-03-19,Y
East West Bank,EWB-1000618,Conventional,GNMA,Borrower 618,"3476 Main St, Unit 23",Residential Property (1-4 Units),CE1,IL,2,FC,Christopher Thomas,2022-06-26,2052-06-18,2026-04-21,2036,30-Day Delinquent,30,850845,0,1023093,2022-05-27,1018132,2025-06-15,798,83.57,2026-03-07,3000,242,SAV-80671,12441,2026-03-14,2026-03-17,N
East West Bank,EWB-1000619,Lot Loan,FHLMC,Borrower 619,"2285 Main St, Unit 40",Commercial & Multi-Family (5+ Units),CS1,FL,3,M,Emily Watson,2022-12-28,2052-12-20,2026-04-21,1858,Current,0,398366,0,792650,2022-11-28,713486,2025-03-04,625,55.83,2026-02-26,3501,406,SAV-84014,25689,2026-03-13,2026-03-18,N
East West Bank,EWB-1000620,Equity,FNMA,Borrower 620,"3179 Main St, Unit 47",Commercial & Multi-Family (5+ Units),LC1,GA,2,PIF,Barbara Taylor,2023-03-12,2053-03-04,2026-04-21,4229,Current,0,1077390,0,1463379,2023-02-10,1764906,2024-10-08,769,61.05,2026-02-02,2104,474,SAV-46178,25784,2026-03-20,2026-03-22,Y
East West Bank,EWB-1000621,Specialty,FHLMC,Borrower 621,"1244 Main St, Unit 49",Commercial & Multi-Family (5+ Units),CS1,NJ,1,PIF,Karen Anderson,2023-08-10,2053-08-02,2026-04-21,2724,Current,0,861612,0,1171469,2023-07-11,1314729,2024-10-02,663,65.54,2026-02-23,1627,247,SAV-19315,31354,2026-03-20,2026-03-21,N
East West Bank,EWB-1000622,ARM,GNMA,Borrower 622,"143 Main St, Unit 25",Residential Property (1-4 Units),CR1,WA,3,FC,Sandra Garcia,2023-05-20,2053-05-12,2026-04-21,4173,Current,0,216209,0,396183,2023-04-20,472770,2025-05-27,733,45.73,2026-02-09,1789,66,SAV-80722,33790,2026-03-20,2026-03-18,NA
East West Bank,EWB-1000623,Conventional,FHLMC,Borrower 623,"2594 Main St, Unit 45",Residential Property (1-4 Units),CR1,IL,2,FC,John Smith,2023-10-01,2053-09-23,2026-04-21,3834,90-Day Delinquent,120,150004,3906,203909,2023-09-01,259144,2025-11-30,689,57.88,2026-03-06,2398,413,SAV-59599,13474,2026-03-10,2026-03-22,N
East West Bank,EWB-1000624,Construction,PRIV,Borrower 624,"5186 Main St, Unit 28",Residential Property (1-4 Units),LC1,NJ,4,FC,Patricia Hernandez,2023-11-02,2053-10-25,2026-04-21,2916,90-Day Delinquent,90,269667,1009,389017,2023-10-03,352485,2025-05-22,780,76.5,2026-02-25,2336,213,SAV-93102,14042,2026-03-07,2026-03-20,Y
East West Bank,EWB-1000625,ARM,GNMA,Borrower 625,"6900 Main St, Unit 27",Residential Property (1-4 Units),CE1,VA,4,M,Joseph White,2022-07-10,2052-07-02,2026-04-21,1553,60-Day Delinquent,60,1029058,0,1226941,2022-06-10,1486612,2025-12-20,652,69.22,2026-02-25,1744,329,SAV-93216,46111,2026-03-07,2026-03-22,NA
East West Bank,EWB-1000626,Conventional,GNMA,Borrower 626,"7144 Main St, Unit 14",Commercial & Multi-Family (5+ Units),SP1,GA,3,LEG,Joseph White,2023-08-06,2053-07-29,2026-04-21,1476,Current,0,1206898,0,1408870,2023-07-07,1605711,2024-05-29,699,75.16,2026-02-13,3656,403,SAV-75787,49452,2026-03-09,2026-03-21,Y
East West Bank,EWB-1000627,ARM,FNMA,Borrower 627,"7453 Main St, Unit 3",Residential Property (1-4 Units),SP1,NY,3,BK,Thomas Thompson,2023-02-21,2053-02-13,2026-04-21,2665,30-Day Delinquent,30,776724,0,885036,2023-01-22,1081194,2024-04-16,844,71.84,2026-02-17,3898,477,SAV-69750,13625,2026-03-22,2026-03-21,Y
East West Bank,EWB-1000628,Conventional,FNMA,Borrower 628,"8556 Main St, Unit 16",Residential Property (1-4 Units),CE1,MA,3,FC,Thomas Thompson,2022-06-26,2052-06-18,2026-04-21,4507,Current,0,143131,0,227175,2022-05-27,232300,2025-11-24,721,61.61,2026-03-07,1332,24,SAV-47006,34103,2026-03-13,2026-03-19,NA
East West Bank,EWB-1000629,Specialty,EWB-INT,Borrower 629,"2480 Main St, Unit 15",Commercial & Multi-Family (5+ Units),LC1,CA,4,LEG,Robert Brown,2022-02-12,2052-02-05,2026-04-21,2141,Current,0,733603,0,1340888,2022-01-13,1714353,2025-03-24,801,42.79,2026-02-19,3323,112,SAV-32436,37499,2026-03-07,2026-03-17,NA
East West Bank,EWB-1000630,Construction,GNMA,Borrower 630,"4691 Main St, Unit 24",Residential Property (1-4 Units),CS1,CA,4,FC,Richard Davis,2022-04-08,2052-03-31,2026-04-21,2465,Current,0,285539,0,313834,2022-03-09,332149,2025-12-15,843,85.97,2026-02-27,3662,350,SAV-57490,3821,2026-03-21,2026-03-21,NA
East West Bank,EWB-1000631,Equity,PRIV,Borrower 631,"5155 Main St, Unit 14",Residential Property (1-4 Units),CE1,IL,3,LEG,James Miller,2022-12-02,2052-11-24,2026-04-21,4811,90-Day Delinquent,90,436485,2540,467013,2022-11-02,596910,2024-05-30,706,73.12,2026-02-04,2396,137,SAV-76142,26530,2026-03-21,2026-03-19,Y
East West Bank,EWB-1000632,Lot Loan,EWB-INT,Borrower 632,"9534 Main St, Unit 31",Commercial & Multi-Family (5+ Units),SP1,TX,2,M,Margaret Harris,2022-04-27,2052-04-19,2026-04-21,1403,30-Day Delinquent,30,353805,0,435711,2022-03-28,467828,2024-11-01,641,75.63,2026-01-25,1667,306,SAV-86104,43786,2026-03-19,2026-03-20,Y
East West Bank,EWB-1000633,Conventional,FNMA,Borrower 633,"7991 Main St, Unit 50",Residential Property (1-4 Units),CR1,CA,3,PIF,Thomas Thompson,2023-09-09,2053-09-01,2026-04-21,2913,60-Day Delinquent,60,124112,0,159885,2023-08-10,185014,2025-05-29,614,67.08,2026-03-21,1134,10,SAV-36757,48064,2026-03-12,2026-03-20,N
East West Bank,EWB-1000634,Foreign National,FHLMC,Borrower 634,"9634 Main St, Unit 14",Residential Property (1-4 Units),HE1,TX,1,TRNS,Thomas Thompson,2023-02-11,2053-02-03,2026-04-21,3679,Current,0,486173,0,572381,2023-01-12,674147,2024-08-08,834,72.12,2026-03-05,3584,151,SAV-59680,22979,2026-03-12,2026-03-17,N
East West Bank,EWB-1000635,Specialty,FHLMC,Borrower 635,"5969 Main St, Unit 41",Residential Property (1-4 Units),SP1,VA,2,BK,Michael Chen,2023-08-29,2053-08-21,2026-04-21,1823,30-Day Delinquent,30,108832,0,194900,2023-07-30,231306,2024-04-08,780,47.05,2026-03-22,1976,353,SAV-96232,43987,2026-03-16,2026-03-21,Y
East West Bank,EWB-1000636,ARM,PRIV,Borrower 636,"7911 Main St, Unit 44",Residential Property (1-4 Units),CR1,IL,4,REO,David Rodriguez,2022-09-03,2052-08-26,2026-04-21,1167,90-Day Delinquent,90,1107857,2344,1244979,2022-08-04,1353201,2026-01-17,795,81.87,2026-03-11,3726,40,SAV-15149,33400,2026-03-20,2026-03-21,Y
East West Bank,EWB-1000637,Construction,FHLMC,Borrower 637,"4671 Main St, Unit 43",Commercial & Multi-Family (5+ Units),HE1,NJ,1,TRNS,Charles Wilson,2023-03-06,2053-02-26,2026-04-21,1114,90-Day Delinquent,120,634524,838,1179127,2023-02-04,1163338,2025-04-26,655,54.54,2026-03-11,2248,433,SAV-13511,2984,2026-03-21,2026-03-18,N
East West Bank,EWB-1000638,Lot Loan,GNMA,Borrower 638,"3172 Main St, Unit 1",Residential Property (1-4 Units),CS1,CA,2,LEG,Sarah Jenkins,2023-07-25,2053-07-17,2026-04-21,4501,Current,0,1143201,0,1326371,2023-06-25,1285468,2024-06-26,811,88.93,2026-03-04,3168,253,SAV-39359,30240,2026-03-10,2026-03-17,NA
East West Bank,EWB-1000639,Lot Loan,PRIV,Borrower 639,"3984 Main St, Unit 43",Residential Property (1-4 Units),LC1,MA,2,BK,Emily Watson,2023-01-24,2053-01-16,2026-04-21,2126,90-Day Delinquent,120,910881,58,1129448,2022-12-25,1028820,2024-04-23,758,88.54,2026-01-23,1986,434,SAV-92866,12009,2026-03-15,2026-03-17,N
East West Bank,EWB-1000640,Conventional,PRIV,Borrower 640,"4964 Main St, Unit 21",Residential Property (1-4 Units),CS1,WA,2,M,Susan Martinez,2023-01-26,2053-01-18,2026-04-21,2998,Current,0,481229,0,823222,2022-12-27,888509,2025-03-10,607,54.16,2026-02-25,2545,162,SAV-15390,24310,2026-03-22,2026-03-18,Y
East West Bank,EWB-1000641,Lot Loan,GNMA,Borrower 641,"7080 Main St, Unit 36",Residential Property (1-4 Units),LC1,CA,4,TRNS,Barbara Taylor,2022-04-28,2052-04-20,2026-04-21,2398,Current,0,655296,0,705083,2022-03-29,688914,2024-07-22,773,95.12,2026-02-16,2511,445,SAV-71839,13763,2026-03-22,2026-03-21,Y
East West Bank,EWB-1000642,Specialty,FNMA,Borrower 642,"5784 Main St, Unit 1",Residential Property (1-4 Units),HE1,VA,4,LEG,Jessica Taylor,2022-03-17,2052-03-09,2026-04-21,3792,Current,0,830618,0,1184586,2022-02-15,1422921,2025-02-25,836,58.37,2026-02-21,1540,277,SAV-37616,8107,2026-03-21,2026-03-17,N
East West Bank,EWB-1000643,Specialty,PRIV,Borrower 643,"2855 Main St, Unit 10",Residential Property (1-4 Units),HE1,NJ,1,BK,John Smith,2022-02-14,2052-02-07,2026-04-21,3715,Current,0,1068630,0,1153429,2022-01-15,1236868,2025-06-04,793,86.4,2026-02-21,3107,344,SAV-86094,38651,2026-03-18,2026-03-20,NA
East West Bank,EWB-1000644,Foreign National,GNMA,Borrower 644,"3028 Main St, Unit 6",Residential Property (1-4 Units),CS1,VA,1,FC,Patricia Hernandez,2022-10-21,2052-10-13,2026-04-21,2622,Current,0,191272,0,307584,2022-09-21,327852,2024-07-28,847,58.34,2026-01-23,3169,264,SAV-76935,17443,2026-03-22,2026-03-17,N
East West Bank,EWB-1000645,ARM,FHLMC,Borrower 645,"698 Main St, Unit 10",Residential Property (1-4 Units),SP1,CA,2,TRNS,Margaret Harris,2023-09-06,2053-08-29,2026-04-21,4749,30-Day Delinquent,30,682111,0,809738,2023-08-07,1040611,2024-05-14,672,65.55,2026-03-01,1265,220,SAV-60916,1589,2026-03-21,2026-03-17,Y
East West Bank,EWB-1000646,Conventional,EWB-INT,Borrower 646,"9389 Main St, Unit 20",Residential Property (1-4 Units),SP1,NY,1,SII,Linda Garcia,2022-11-03,2052-10-26,2026-04-21,4593,Current,0,995663,0,1425303,2022-10-04,1459111,2025-10-02,816,68.24,2026-01-24,1948,265,SAV-48367,42101,2026-03-09,2026-03-18,Y
East West Bank,EWB-1000647,Construction,FNMA,Borrower 647,"1700 Main St, Unit 13",Residential Property (1-4 Units),HE1,CA,3,PIF,Richard Davis,2023-08-21,2053-08-13,2026-04-21,1835,Current,0,235667,0,352416,2023-07-22,367975,2024-05-09,768,64.04,2026-03-16,1574,420,SAV-87619,30005,2026-03-11,2026-03-21,N
East West Bank,EWB-1000648,Conventional,FHLMC,Borrower 648,"4112 Main St, Unit 11",Commercial & Multi-Family (5+ Units),LC1,VA,2,DIS,Margaret Harris,2023-06-21,2053-06-13,2026-04-21,1062,Current,0,599633,0,925024,2023-05-22,843186,2025-08-15,715,71.12,2026-03-05,1508,140,SAV-27568,6504,2026-03-22,2026-03-22,N
East West Bank,EWB-1000649,Construction,GNMA,Borrower 649,"7752 Main St, Unit 33",Commercial & Multi-Family (5+ Units),LC1,TX,2,FC,Susan Martinez,2022-12-10,2052-12-02,2026-04-21,3263,Current,0,549904,0,646507,2022-11-10,775415,2024-06-29,824,70.92,2026-03-04,2782,374,SAV-96433,45030,2026-03-21,2026-03-19,Y
East West Bank,EWB-1000650,Equity,EWB-INT,Borrower 650,"9964 Main St, Unit 30",Residential Property (1-4 Units),HE1,TX,3,LOSS,Sandra Garcia,2023-07-04,2053-06-26,2026-04-21,3835,Current,0,1383715,0,1492057,2023-06-04,1570574,2025-02-23,812,88.1,2026-03-02,3791,245,SAV-87869,21489,2026-03-14,2026-03-22,Y
East West Bank,EWB-1000651,Specialty,FHLMC,Borrower 651,"8683 Main St, Unit 31",Commercial & Multi-Family (5+ Units),HE1,VA,2,DIS,James Miller,2022-01-12,2052-01-05,2026-04-21,2281,Current,0,750397,0,917524,2021-12-13,981670,2024-08-17,596,76.44,2026-03-13,1524,331,SAV-16137,24536,2026-03-08,2026-03-22,NA
East West Bank,EWB-1000652,Specialty,FNMA,Borrower 652,"5416 Main St, Unit 34",Residential Property (1-4 Units),CE1,GA,4,BK,James Miller,2023-04-13,2053-04-05,2026-04-21,4055,Current,0,139981,0,185634,2023-03-14,198933,2024-07-30,762,70.37,2026-02-12,1219,197,SAV-72204,32840,2026-03-14,2026-03-19,NA
East West Bank,EWB-1000653,ARM,EWB-INT,Borrower 653,"626 Main St, Unit 24",Commercial & Multi-Family (5+ Units),LC1,GA,3,BK,Susan Martinez,2023-02-15,2053-02-07,2026-04-21,3287,90-Day Delinquent,90,564012,1208,696495,2023-01-16,801762,2024-10-15,726,70.35,2026-02-14,3074,396,SAV-62902,48458,2026-03-09,2026-03-22,NA
East West Bank,EWB-1000654,Specialty,PRIV,Borrower 654,"8453 Main St, Unit 41",Commercial & Multi-Family (5+ Units),CS1,MA,2,M,Christopher Thomas,2023-08-31,2053-08-23,2026-04-21,3371,Current,0,853147,0,1127022,2023-08-01,1432529,2024-08-12,624,59.56,2026-03-09,1680,265,SAV-72964,4398,2026-03-08,2026-03-19,Y
East West Bank,EWB-1000655,Lot Loan,GNMA,Borrower 655,"8007 Main St, Unit 49",Residential Property (1-4 Units),SP1,WA,3,DIS,Thomas Thompson,2022-03-16,2052-03-08,2026-04-21,1499,Current,0,210981,0,341420,2022-02-14,408207,2025-11-04,847,51.68,2026-02-03,1269,21,SAV-22078,751,2026-03-18,2026-03-20,N
East West Bank,EWB-1000656,Specialty,GNMA,Borrower 656,"9724 Main St, Unit 35",Residential Property (1-4 Units),CS1,NY,3,DIS,Emily Watson,2023-03-22,2053-03-14,2026-04-21,1411,30-Day Delinquent,30,367100,0,407324,2023-02-20,459904,2024-06-29,682,79.82,2026-01-22,1643,437,SAV-79353,35993,2026-03-08,2026-03-17,NA
East West Bank,EWB-1000657,Lot Loan,FNMA,Borrower 657,"2950 Main St, Unit 1",Residential Property (1-4 Units),CR1,CA,3,BK,Emily Watson,2022-09-12,2052-09-04,2026-04-21,4874,90-Day Delinquent,120,654607,4577,1017780,2022-08-13,1321023,2024-09-19,732,49.55,2026-03-10,2957,232,SAV-64442,37502,2026-03-21,2026-03-17,Y
East West Bank,EWB-1000658,Foreign National,PRIV,Borrower 658,"1692 Main St, Unit 42",Residential Property (1-4 Units),SP1,GA,1,LOSS,Christopher Thomas,2023-08-24,2053-08-16,2026-04-21,3645,30-Day Delinquent,30,1225990,0,1382541,2023-07-25,1297807,2024-12-17,794,94.47,2026-01-29,1289,330,SAV-71729,36272,2026-03-17,2026-03-20,Y
East West Bank,EWB-1000659,Lot Loan,FNMA,Borrower 659,"365 Main St, Unit 47",Residential Property (1-4 Units),CR1,GA,4,PIF,Nancy Jackson,2023-03-03,2053-02-23,2026-04-21,2034,Current,0,176511,0,217411,2023-02-01,235259,2024-05-04,740,75.03,2026-03-13,1502,7,SAV-67190,43200,2026-03-08,2026-03-19,N
East West Bank,EWB-1000660,Conventional,EWB-INT,Borrower 660,"1216 Main St, Unit 11",Commercial & Multi-Family (5+ Units),CE1,GA,3,FC,Robert Brown,2023-07-28,2053-07-20,2026-04-21,3631,Current,0,373074,0,708830,2023-06-28,756348,2025-01-05,663,49.33,2026-02-25,3239,253,SAV-49900,15933,2026-03-08,2026-03-21,N
East West Bank,EWB-1000661,Foreign National,GNMA,Borrower 661,"8087 Main St, Unit 19",Commercial & Multi-Family (5+ Units),SP1,TX,1,REO,Barbara Taylor,2022-01-01,2051-12-25,2026-04-21,3120,90-Day Delinquent,90,363417,409,587625,2021-12-02,746424,2024-05-07,620,48.69,2026-02-26,2484,308,SAV-16888,49912,2026-03-11,2026-03-19,Y
East West Bank,EWB-1000662,ARM,FHLMC,Borrower 662,"7581 Main St, Unit 14",Residential Property (1-4 Units),CS1,GA,3,DIS,Robert Brown,2023-01-28,2053-01-20,2026-04-21,4446,90-Day Delinquent,120,605666,2305,646574,2022-12-29,775718,2025-11-08,781,78.08,2026-02-05,1865,68,SAV-15621,27706,2026-03-14,2026-03-20,Y
East West Bank,EWB-1000663,Specialty,FNMA,Borrower 663,"7344 Main St, Unit 46",Residential Property (1-4 Units),CS1,GA,2,DIS,Susan Martinez,2022-10-11,2052-10-03,2026-04-21,3329,Current,0,245764,0,405948,2022-09-11,440055,2025-05-31,789,55.85,2026-03-10,3244,0,SAV-82994,45489,2026-03-15,2026-03-21,N
East West Bank,EWB-1000664,Equity,GNMA,Borrower 664,"8698 Main St, Unit 21",Commercial & Multi-Family (5+ Units),CR1,NJ,1,SII,Barbara Taylor,2022-06-19,2052-06-11,2026-04-21,3869,Current,0,120401,0,214200,2022-05-20,248772,2025-02-09,618,48.4,2026-02-19,2998,344,SAV-66593,6583,2026-03-13,2026-03-19,N
East West Bank,EWB-1000665,Conventional,FNMA,Borrower 665,"8540 Main St, Unit 41",Residential Property (1-4 Units),HE1,VA,2,PIF,Donald Martinez,2023-02-24,2053-02-16,2026-04-21,2998,90-Day Delinquent,90,850435,4177,930741,2023-01-25,1150665,2024-04-25,696,73.91,2026-02-24,3914,308,SAV-15562,36003,2026-03-07,2026-03-21,N
East West Bank,EWB-1000666,Equity,FHLMC,Borrower 666,"665 Main St, Unit 38",Residential Property (1-4 Units),CE1,FL,2,LEG,Joseph White,2023-01-16,2053-01-08,2026-04-21,1602,90-Day Delinquent,90,214786,3821,311445,2022-12-17,385109,2025-01-30,837,55.77,2026-02-16,2559,386,SAV-94109,20023,2026-03-15,2026-03-20,N
East West Bank,EWB-1000667,Construction,FNMA,Borrower 667,"7698 Main St, Unit 25",Commercial & Multi-Family (5+ Units),HE1,TX,1,M,Jessica Taylor,2022-01-16,2052-01-09,2026-04-21,1108,Current,0,639821,0,834029,2021-12-17,1078539,2025-05-29,814,59.32,2026-03-11,2391,300,SAV-38969,20701,2026-03-20,2026-03-22,N
East West Bank,EWB-1000668,Specialty,FHLMC,Borrower 668,"1584 Main St, Unit 29",Residential Property (1-4 Units),SP1,GA,4,LEG,Nancy Jackson,2022-10-01,2052-09-23,2026-04-21,4319,Current,0,208358,0,370972,2022-09-01,450035,2025-03-01,792,46.3,2026-02-27,3487,278,SAV-58455,34182,2026-03-16,2026-03-18,N
East West Bank,EWB-1000669,Lot Loan,EWB-INT,Borrower 669,"9227 Main St, Unit 1",Commercial & Multi-Family (5+ Units),CS1,NY,4,TRNS,Matthew Moore,2023-05-04,2053-04-26,2026-04-21,1180,60-Day Delinquent,60,693594,0,1142382,2023-04-04,1318655,2025-07-13,686,52.6,2026-02-23,1068,451,SAV-74903,42462,2026-03-19,2026-03-20,N
East West Bank,EWB-1000670,Lot Loan,FNMA,Borrower 670,"3177 Main St, Unit 16",Residential Property (1-4 Units),SP1,IL,4,PIF,Linda Garcia,2022-03-20,2052-03-12,2026-04-21,1541,Current,0,574690,0,644178,2022-02-18,706335,2024-12-19,652,81.36,2026-03-11,2078,297,SAV-56468,43601,2026-03-18,2026-03-22,Y
East West Bank,EWB-1000671,Specialty,EWB-INT,Borrower 671,"9410 Main St, Unit 39",Commercial & Multi-Family (5+ Units),HE1,GA,3,DIS,Robert Brown,2022-02-02,2052-01-26,2026-04-21,1612,Current,0,507789,0,710315,2022-01-03,777840,2025-02-22,774,65.28,2026-03-06,3149,218,SAV-51233,29498,2026-03-20,2026-03-17,NA
East West Bank,EWB-1000672,ARM,FNMA,Borrower 672,"4308 Main St, Unit 33",Commercial & Multi-Family (5+ Units),LC1,NJ,4,BK,Barbara Taylor,2023-04-25,2053-04-17,2026-04-21,2512,90-Day Delinquent,90,383032,501,714046,2023-03-26,836119,2026-01-11,642,45.81,2026-02-04,3278,16,SAV-39967,6306,2026-03-09,2026-03-19,NA
East West Bank,EWB-1000673,Conventional,FHLMC,Borrower 673,"3866 Main St, Unit 7",Commercial & Multi-Family (5+ Units),LC1,GA,1,LOSS,Christopher Thomas,2023-06-08,2053-05-31,2026-04-21,1102,Current,0,84730,0,165434,2023-05-09,180968,2024-08-10,739,46.82,2026-03-11,2865,12,SAV-57402,11896,2026-03-15,2026-03-21,NA
East West Bank,EWB-1000674,Foreign National,FHLMC,Borrower 674,"9093 Main St, Unit 17",Commercial & Multi-Family (5+ Units),CR1,MA,4,M,Michael Chen,2023-06-24,2053-06-16,2026-04-21,3868,Current,0,411552,0,478821,2023-05-25,558934,2024-06-19,746,73.63,2026-03-03,3399,276,SAV-40120,38256,2026-03-11,2026-03-20,NA
East West Bank,EWB-1000675,Conventional,FHLMC,Borrower 675,"5446 Main St, Unit 15",Commercial & Multi-Family (5+ Units),SP1,IL,1,DIS,Barbara Taylor,2022-09-25,2052-09-17,2026-04-21,3340,Current,0,510863,0,583819,2022-08-26,648059,2026-02-14,775,78.83,2026-01-26,1108,109,SAV-32433,22367,2026-03-22,2026-03-21,Y
East West Bank,EWB-1000676,Specialty,GNMA,Borrower 676,"8253 Main St, Unit 24",Residential Property (1-4 Units),CR1,FL,2,M,Susan Martinez,2023-09-27,2053-09-19,2026-04-21,1354,Current,0,801997,0,957744,2023-08-28,1136870,2025-08-12,626,70.54,2026-03-13,3792,153,SAV-25430,4384,2026-03-13,2026-03-17,N
East West Bank,EWB-1000677,Specialty,PRIV,Borrower 677,"1396 Main St, Unit 4",Residential Property (1-4 Units),HE1,WA,4,LOSS,Margaret Harris,2023-09-01,2053-08-24,2026-04-21,4504,Current,0,309662,0,395404,2023-08-02,369333,2025-08-03,705,83.84,2026-02-06,1294,108,SAV-30939,23718,2026-03-10,2026-03-17,Y
East West Bank,EWB-1000678,Specialty,GNMA,Borrower 678,"8516 Main St, Unit 23",Commercial & Multi-Family (5+ Units),LC1,FL,1,LEG,Barbara Taylor,2022-04-25,2052-04-17,2026-04-21,4620,Current,0,869997,0,947552,2022-03-26,931168,2024-07-25,755,93.43,2026-03-03,2312,338,SAV-27628,13491,2026-03-19,2026-03-21,N
East West Bank,EWB-1000679,Specialty,FNMA,Borrower 679,"7228 Main St, Unit 4",Commercial & Multi-Family (5+ Units),HE1,GA,4,DIS,Robert Brown,2022-06-07,2052-05-30,2026-04-21,1147,Current,0,851665,0,1193659,2022-05-08,1289168,2024-10-23,610,66.06,2026-02-02,1745,249,SAV-19126,7773,2026-03-16,2026-03-20,N
East West Bank,EWB-1000680,Lot Loan,GNMA,Borrower 680,"5258 Main St, Unit 8",Residential Property (1-4 Units),LC1,MA,3,LEG,Charles Wilson,2023-01-24,2053-01-16,2026-04-21,1010,30-Day Delinquent,30,656554,0,1172788,2022-12-25,1450972,2025-02-10,646,45.25,2026-02-13,1410,73,SAV-29865,35260,2026-03-09,2026-03-19,N
East West Bank,EWB-1000681,Lot Loan,FNMA,Borrower 681,"2307 Main St, Unit 32",Residential Property (1-4 Units),CS1,WA,2,REO,David Rodriguez,2023-05-31,2053-05-23,2026-04-21,2103,90-Day Delinquent,120,631095,529,927881,2023-05-01,1164410,2025-09-19,813,54.2,2026-01-22,1860,206,SAV-35624,49764,2026-03-12,2026-03-18,Y
East West Bank,EWB-1000682,Foreign National,FHLMC,Borrower 682,"6978 Main St, Unit 34",Commercial & Multi-Family (5+ Units),HE1,IL,2,M,David Rodriguez,2023-05-10,2053-05-02,2026-04-21,2477,Current,0,925655,0,1086197,2023-04-10,1225357,2025-10-19,824,75.54,2026-03-16,3437,16,SAV-71153,10909,2026-03-18,2026-03-18,NA
East West Bank,EWB-1000683,Foreign National,FNMA,Borrower 683,"9289 Main St, Unit 36",Commercial & Multi-Family (5+ Units),SP1,FL,1,M,Barbara Taylor,2022-05-14,2052-05-06,2026-04-21,2816,Current,0,543105,0,926676,2022-04-14,941043,2025-10-22,704,57.71,2026-02-05,1032,461,SAV-72023,26063,2026-03-19,2026-03-17,NA
East West Bank,EWB-1000684,Specialty,FHLMC,Borrower 684,"1854 Main St, Unit 19",Commercial & Multi-Family (5+ Units),CS1,MA,1,REO,Daniel Martin,2023-08-15,2053-08-07,2026-04-21,3288,Current,0,1086509,0,1403499,2023-07-16,1396408,2026-01-17,666,77.81,2026-03-05,3463,474,SAV-95100,15251,2026-03-19,2026-03-22,NA
East West Bank,EWB-1000685,Equity,PRIV,Borrower 685,"349 Main St, Unit 32",Residential Property (1-4 Units),CE1,GA,1,BK,Nancy Jackson,2022-04-13,2052-04-05,2026-04-21,2591,Current,0,674953,0,1133825,2022-03-14,1329747,2025-08-04,656,50.76,2026-03-06,2888,111,SAV-31834,13938,2026-03-12,2026-03-20,NA
East West Bank,EWB-1000686,Construction,FHLMC,Borrower 686,"4665 Main St, Unit 32",Commercial & Multi-Family (5+ Units),CS1,WA,3,SII,James Miller,2022-11-15,2052-11-07,2026-04-21,1217,30-Day Delinquent,30,913999,0,1082477,2022-10-16,1355824,2024-10-09,688,67.41,2026-02-24,3298,445,SAV-61195,45293,2026-03-17,2026-03-17,Y
East West Bank,EWB-1000687,Equity,EWB-INT,Borrower 687,"6255 Main St, Unit 48",Commercial & Multi-Family (5+ Units),CS1,MA,2,TRNS,Daniel Martin,2023-08-12,2053-08-04,2026-04-21,3224,90-Day Delinquent,120,345690,422,585477,2023-07-13,535294,2025-12-15,648,64.58,2026-02-01,3110,227,SAV-80987,35171,2026-03-18,2026-03-22,Y
East West Bank,EWB-1000688,Construction,FHLMC,Borrower 688,"3498 Main St, Unit 50",Commercial & Multi-Family (5+ Units),CS1,CA,2,PIF,Sandra Garcia,2022-07-01,2052-06-23,2026-04-21,2466,Current,0,105719,0,152352,2022-06-01,179715,2024-04-18,621,58.83,2026-02-12,1896,71,SAV-72840,32920,2026-03-21,2026-03-19,NA
East West Bank,EWB-1000689,Construction,FNMA,Borrower 689,"5095 Main St, Unit 17",Commercial & Multi-Family (5+ Units),CS1,NY,2,LEG,Sarah Jenkins,2023-10-24,2053-10-16,2026-04-21,1060,60-Day Delinquent,60,216224,0,276060,2023-09-24,314074,2024-08-07,829,68.84,2026-01-22,2463,152,SAV-26195,34979,2026-03-16,2026-03-18,NA
East West Bank,EWB-1000690,Foreign National,GNMA,Borrower 690,"7736 Main St, Unit 46",Commercial & Multi-Family (5+ Units),SP1,MA,1,M,Karen Anderson,2022-01-07,2051-12-31,2026-04-21,1662,Current,0,630876,0,849309,2021-12-08,963364,2025-02-03,600,65.49,2026-02-21,2700,300,SAV-93107,30130,2026-03-13,2026-03-18,N
East West Bank,EWB-1000691,Equity,GNMA,Borrower 691,"3193 Main St, Unit 50",Commercial & Multi-Family (5+ Units),LC1,GA,1,LEG,James Miller,2022-11-28,2052-11-20,2026-04-21,2916,90-Day Delinquent,120,373785,4517,543574,2022-10-29,628587,2024-10-10,671,59.46,2026-02-18,2318,382,SAV-77895,27250,2026-03-15,2026-03-21,NA
East West Bank,EWB-1000692,Specialty,GNMA,Borrower 692,"595 Main St, Unit 37",Residential Property (1-4 Units),SP1,NJ,3,M,David Rodriguez,2023-11-16,2053-11-08,2026-04-21,4939,Current,0,617183,0,1017964,2023-10-17,1155441,2024-10-26,690,53.42,2026-01-25,2788,228,SAV-20202,36298,2026-03-07,2026-03-22,Y
East West Bank,EWB-1000693,Lot Loan,EWB-INT,Borrower 693,"5045 Main St, Unit 4",Residential Property (1-4 Units),CR1,IL,4,DIS,Jessica Taylor,2023-01-07,2052-12-30,2026-04-21,3765,60-Day Delinquent,60,885470,0,1342931,2022-12-08,1641585,2024-12-13,678,53.94,2026-02-27,1265,236,SAV-72366,49343,2026-03-19,2026-03-20,Y
East West Bank,EWB-1000694,ARM,EWB-INT,Borrower 694,"7724 Main St, Unit 50",Commercial & Multi-Family (5+ Units),LC1,CA,1,BK,Patricia Hernandez,2022-01-21,2052-01-14,2026-04-21,2634,90-Day Delinquent,90,698827,3419,749253,2021-12-22,824697,2024-04-28,829,84.74,2026-02-03,2862,253,SAV-80256,17259,2026-03-19,2026-03-17,Y
East West Bank,EWB-1000695,Specialty,FHLMC,Borrower 695,"873 Main St, Unit 21",Residential Property (1-4 Units),HE1,WA,1,REO,Thomas Thompson,2023-12-18,2053-12-10,2026-04-21,2463,Current,0,415252,0,657732,2023-11-18,595419,2024-09-19,584,69.74,2026-02-15,3946,268,SAV-66636,39214,2026-03-16,2026-03-17,NA
East West Bank,EWB-1000696,Construction,EWB-INT,Borrower 696,"7316 Main St, Unit 41",Commercial & Multi-Family (5+ Units),CE1,MA,4,DIS,John Smith,2022-04-08,2052-03-31,2026-04-21,4451,Current,0,281083,0,389779,2022-03-09,408947,2024-05-03,643,68.73,2026-01-24,3343,33,SAV-34917,15927,2026-03-12,2026-03-20,Y
East West Bank,EWB-1000697,Conventional,FNMA,Borrower 697,"8067 Main St, Unit 18",Residential Property (1-4 Units),CR1,VA,1,BK,Donald Martinez,2022-12-26,2052-12-18,2026-04-21,3253,Current,0,695883,0,938140,2022-11-26,1129765,2024-08-11,719,61.6,2026-03-13,2341,448,SAV-68320,11177,2026-03-15,2026-03-21,Y
East West Bank,EWB-1000698,Specialty,FNMA,Borrower 698,"7184 Main St, Unit 24",Commercial & Multi-Family (5+ Units),HE1,IL,3,BK,Daniel Martin,2022-10-09,2052-10-01,2026-04-21,1577,Current,0,643088,0,1243365,2022-09-09,1540192,2025-01-22,584,41.75,2026-01-27,2286,225,SAV-86249,38620,2026-03-11,2026-03-18,N
East West Bank,EWB-1000699,Equity,PRIV,Borrower 699,"7317 Main St, Unit 30",Residential Property (1-4 Units),SP1,FL,1,BK,Emily Watson,2022-11-13,2052-11-05,2026-04-21,3185,60-Day Delinquent,60,498837,0,740381,2022-10-14,847254,2024-09-15,649,58.88,2026-02-15,1846,288,SAV-59795,43041,2026-03-10,2026-03-17,Y
East West Bank,EWB-1000700,Specialty,FNMA,Borrower 700,"1809 Main St, Unit 20",Commercial & Multi-Family (5+ Units),SP1,GA,2,LOSS,John Smith,2023-07-27,2053-07-19,2026-04-21,1533,Current,0,1228920,0,1323650,2023-06-27,1265471,2024-04-26,687,97.11,2026-02-17,1737,183,SAV-71692,36503,2026-03-20,2026-03-17,Y
East West Bank,EWB-1000701,Foreign National,GNMA,Borrower 701,"599 Main St, Unit 41",Commercial & Multi-Family (5+ Units),CE1,NJ,3,PIF,Karen Anderson,2022-12-15,2052-12-07,2026-04-21,2992,Current,0,776718,0,1293647,2022-11-15,1547961,2024-07-19,762,50.18,2026-03-14,2643,3,SAV-62786,20644,2026-03-21,2026-03-21,N
East West Bank,EWB-1000702,Construction,FNMA,Borrower 702,"1560 Main St, Unit 9",Residential Property (1-4 Units),LC1,NJ,1,TRNS,Daniel Martin,2023-02-23,2053-02-15,2026-04-21,3202,Current,0,545237,0,747093,2023-01-24,907989,2024-07-14,795,60.05,2026-01-27,3329,301,SAV-55371,9677,2026-03-10,2026-03-20,N
East West Bank,EWB-1000703,Conventional,PRIV,Borrower 703,"2819 Main St, Unit 25",Residential Property (1-4 Units),HE1,MA,4,M,Richard Davis,2022-01-11,2052-01-04,2026-04-21,4139,Current,0,1121003,0,1380746,2021-12-12,1551512,2024-10-10,821,72.25,2026-02-20,3503,392,SAV-63834,40361,2026-03-18,2026-03-17,NA
East West Bank,EWB-1000704,Foreign National,FNMA,Borrower 704,"1377 Main St, Unit 14",Residential Property (1-4 Units),CE1,IL,1,PIF,Joseph White,2023-01-16,2053-01-08,2026-04-21,4222,30-Day Delinquent,30,1148701,0,1312189,2022-12-17,1308597,2025-12-01,671,87.78,2026-01-29,2914,486,SAV-61018,33250,2026-03-07,2026-03-20,Y
East West Bank,EWB-1000705,Specialty,EWB-INT,Borrower 705,"4525 Main St, Unit 39",Residential Property (1-4 Units),CE1,TX,4,TRNS,Charles Wilson,2023-10-29,2053-10-21,2026-04-21,1509,60-Day Delinquent,60,448824,0,571614,2023-09-29,674099,2025-02-21,742,66.58,2026-01-27,3777,178,SAV-92088,30699,2026-03-15,2026-03-19,NA
East West Bank,EWB-1000706,Equity,PRIV,Borrower 706,"3980 Main St, Unit 11",Residential Property (1-4 Units),CS1,NY,2,SII,Christopher Thomas,2022-04-30,2052-04-22,2026-04-21,3712,Current,0,997987,0,1172892,2022-03-31,1335228,2025-03-21,804,74.74,2026-03-02,3557,356,SAV-88178,18422,2026-03-10,2026-03-21,Y
East West Bank,EWB-1000707,Lot Loan,PRIV,Borrower 707,"4824 Main St, Unit 14",Residential Property (1-4 Units),LC1,VA,4,SII,Patricia Hernandez,2022-05-19,2052-05-11,2026-04-21,1542,90-Day Delinquent,90,653672,2515,854293,2022-04-19,1004647,2025-04-04,592,65.06,2026-03-01,2539,334,SAV-92633,21392,2026-03-15,2026-03-17,Y
East West Bank,EWB-1000708,Conventional,FHLMC,Borrower 708,"2378 Main St, Unit 41",Residential Property (1-4 Units),LC1,GA,3,M,Linda Garcia,2023-07-29,2053-07-21,2026-04-21,4168,90-Day Delinquent,120,202597,3077,331948,2023-06-29,357525,2025-05-10,787,56.67,2026-03-17,3368,285,SAV-26880,39942,2026-03-14,2026-03-18,NA
East West Bank,EWB-1000709,ARM,FNMA,Borrower 709,"2892 Main St, Unit 29",Commercial & Multi-Family (5+ Units),CE1,GA,2,REO,Robert Brown,2023-03-16,2053-03-08,2026-04-21,4921,60-Day Delinquent,60,273132,0,399877,2023-02-14,420953,2025-03-09,793,64.88,2026-02-26,3727,271,SAV-77595,40394,2026-03-16,2026-03-22,Y
East West Bank,EWB-1000710,Foreign National,FHLMC,Borrower 710,"3859 Main St, Unit 13",Commercial & Multi-Family (5+ Units),SP1,MA,4,DIS,Joseph White,2022-06-20,2052-06-12,2026-04-21,3837,30-Day Delinquent,30,452151,0,792613,2022-05-21,856675,2025-04-07,705,52.78,2026-02-16,1173,490,SAV-80733,20527,2026-03-09,2026-03-20,Y
East West Bank,EWB-1000711,Construction,PRIV,Borrower 711,"4654 Main St, Unit 6",Commercial & Multi-Family (5+ Units),LC1,FL,3,BK,Lisa Williams,2022-02-15,2052-02-08,2026-04-21,3889,30-Day Delinquent,30,816824,0,1172145,2022-01-16,1141200,2024-04-11,731,71.58,2026-03-19,2151,428,SAV-30699,49407,2026-03-07,2026-03-19,NA
East West Bank,EWB-1000712,Foreign National,EWB-INT,Borrower 712,"7337 Main St, Unit 6",Residential Property (1-4 Units),CS1,NJ,1,DIS,Linda Garcia,2023-03-13,2053-03-05,2026-04-21,1339,30-Day Delinquent,30,1011134,0,1257229,2023-02-11,1374091,2025-12-26,801,73.59,2026-02-07,1595,177,SAV-43526,39997,2026-03-18,2026-03-17,Y
East West Bank,EWB-1000713,Foreign National,PRIV,Borrower 713,"468 Main St, Unit 40",Residential Property (1-4 Units),LC1,IL,4,SII,Robert Brown,2022-01-27,2052-01-20,2026-04-21,4007,Current,0,1008372,0,1276418,2021-12-28,1498189,2025-02-16,843,67.31,2026-02-04,2760,41,SAV-73609,40006,2026-03-20,2026-03-17,NA
East West Bank,EWB-1000714,Construction,GNMA,Borrower 714,"1791 Main St, Unit 50",Residential Property (1-4 Units),CR1,NY,3,PIF,Joseph White,2023-04-04,2053-03-27,2026-04-21,4291,90-Day Delinquent,150,562942,3759,948022,2023-03-05,1203554,2024-08-28,714,46.77,2026-02-11,3759,352,SAV-82214,30745,2026-03-08,2026-03-19,N
East West Bank,EWB-1000715,Foreign National,FNMA,Borrower 715,"1399 Main St, Unit 37",Commercial & Multi-Family (5+ Units),CS1,GA,2,M,Joseph White,2023-09-22,2053-09-14,2026-04-21,4396,Current,0,501515,0,838152,2023-08-23,876809,2024-08-21,580,57.2,2026-01-24,2270,101,SAV-95031,14359,2026-03-10,2026-03-20,N
East West Bank,EWB-1000716,Foreign National,GNMA,Borrower 716,"9292 Main St, Unit 41",Commercial & Multi-Family (5+ Units),CE1,TX,4,BK,Barbara Taylor,2023-06-22,2053-06-14,2026-04-21,2859,Current,0,1026417,0,1415804,2023-05-23,1731799,2024-05-14,767,59.27,2026-02-24,3311,405,SAV-33416,47375,2026-03-08,2026-03-20,N
East West Bank,EWB-1000717,Foreign National,GNMA,Borrower 717,"8942 Main St, Unit 30",Commercial & Multi-Family (5+ Units),HE1,NJ,2,M,Christopher Thomas,2022-07-29,2052-07-21,2026-04-21,2127,30-Day Delinquent,30,98429,0,161390,2022-06-29,208691,2025-06-09,743,47.16,2026-03-09,3258,430,SAV-10498,38711,2026-03-21,2026-03-21,N
East West Bank,EWB-1000718,Equity,FHLMC,Borrower 718,"4653 Main St, Unit 18",Residential Property (1-4 Units),HE1,NY,1,REO,Margaret Harris,2022-10-05,2052-09-27,2026-04-21,4151,30-Day Delinquent,30,1063219,0,1119831,2022-09-05,1342358,2024-09-04,844,79.21,2026-02-11,1789,377,SAV-82242,20179,2026-03-14,2026-03-20,NA
East West Bank,EWB-1000719,Foreign National,GNMA,Borrower 719,"2772 Main St, Unit 30",Residential Property (1-4 Units),CS1,NY,3,PIF,Richard Davis,2022-02-28,2052-02-21,2026-04-21,1326,30-Day Delinquent,30,304183,0,412093,2022-01-29,526732,2025-02-02,839,57.75,2026-02-23,2004,266,SAV-42283,19158,2026-03-19,2026-03-20,NA
East West Bank,EWB-1000720,Conventional,EWB-INT,Borrower 720,"9513 Main St, Unit 41",Commercial & Multi-Family (5+ Units),CR1,FL,4,TRNS,Robert Brown,2023-10-31,2053-10-23,2026-04-21,4013,Current,0,333409,0,544597,2023-10-01,690634,2025-12-08,651,48.28,2026-02-15,2158,173,SAV-58661,21379,2026-03-22,2026-03-19,Y
East West Bank,EWB-1000721,Foreign National,EWB-INT,Borrower 721,"7941 Main St, Unit 33",Commercial & Multi-Family (5+ Units),SP1,NY,2,TRNS,Patricia Hernandez,2024-01-02,2053-12-25,2026-04-21,3713,Current,0,553256,0,707243,2023-12-03,719393,2024-04-07,624,76.91,2026-02-07,2717,425,SAV-84414,42967,2026-03-10,2026-03-19,Y
East West Bank,EWB-1000722,Equity,GNMA,Borrower 722,"7711 Main St, Unit 43",Residential Property (1-4 Units),LC1,CA,1,M,Linda Garcia,2023-10-16,2053-10-08,2026-04-21,1961,90-Day Delinquent,120,605772,203,646762,2023-09-16,598499,2025-02-28,595,101.22,2026-02-06,1083,219,SAV-16873,48381,2026-03-17,2026-03-21,NA
East West Bank,EWB-1000723,Foreign National,EWB-INT,Borrower 723,"4560 Main St, Unit 43",Commercial & Multi-Family (5+ Units),CS1,CA,2,FC,Emily Watson,2022-05-22,2052-05-14,2026-04-21,3334,30-Day Delinquent,30,605378,0,745600,2022-04-22,832775,2025-02-11,741,72.69,2026-03-09,1604,365,SAV-15210,6243,2026-03-18,2026-03-22,N
East West Bank,EWB-1000724,Equity,EWB-INT,Borrower 724,"2640 Main St, Unit 22",Commercial & Multi-Family (5+ Units),CE1,GA,3,LEG,Daniel Martin,2023-09-19,2053-09-11,2026-04-21,1673,60-Day Delinquent,60,341716,0,387199,2023-08-20,374738,2025-02-28,767,91.19,2026-02-04,1443,376,SAV-14895,7538,2026-03-17,2026-03-20,N
East West Bank,EWB-1000725,Equity,PRIV,Borrower 725,"2683 Main St, Unit 32",Commercial & Multi-Family (5+ Units),CR1,FL,2,BK,Robert Brown,2023-06-26,2053-06-18,2026-04-21,2136,Current,0,557762,0,790473,2023-05-27,999685,2026-02-08,763,55.79,2026-01-26,1821,493,SAV-50184,3178,2026-03-16,2026-03-21,NA
East West Bank,EWB-1000726,ARM,PRIV,Borrower 726,"880 Main St, Unit 10",Residential Property (1-4 Units),SP1,CA,1,SII,Michael Chen,2023-07-19,2053-07-11,2026-04-21,4388,Current,0,339692,0,663313,2023-06-19,655272,2025-05-02,794,51.84,2026-03-05,3555,43,SAV-30626,2080,2026-03-08,2026-03-17,NA
East West Bank,EWB-1000727,Foreign National,FHLMC,Borrower 727,"7357 Main St, Unit 8",Commercial & Multi-Family (5+ Units),CR1,MA,2,REO,Charles Wilson,2023-12-02,2053-11-24,2026-04-21,2246,90-Day Delinquent,90,243987,4381,385062,2023-11-02,478276,2026-01-25,697,51.01,2026-02-01,2959,96,SAV-14391,46223,2026-03-07,2026-03-19,Y
East West Bank,EWB-1000728,ARM,EWB-INT,Borrower 728,"8393 Main St, Unit 12",Residential Property (1-4 Units),CE1,NJ,2,DIS,Christopher Thomas,2023-11-01,2053-10-24,2026-04-21,1875,Current,0,547364,0,804224,2023-10-02,825608,2025-07-03,737,66.3,2026-02-07,2873,118,SAV-88290,8121,2026-03-12,2026-03-19,Y
East West Bank,EWB-1000729,ARM,EWB-INT,Borrower 729,"5859 Main St, Unit 44",Commercial & Multi-Family (5+ Units),LC1,GA,3,SII,Patricia Hernandez,2023-10-04,2053-09-26,2026-04-21,3084,90-Day Delinquent,120,956741,2470,1320834,2023-09-04,1407385,2025-12-30,793,67.98,2026-02-25,2909,64,SAV-27765,40578,2026-03-09,2026-03-22,NA
East West Bank,EWB-1000730,Construction,PRIV,Borrower 730,"986 Main St, Unit 36",Commercial & Multi-Family (5+ Units),HE1,NY,2,FC,Patricia Hernandez,2022-07-12,2052-07-04,2026-04-21,4691,Current,0,394238,0,428710,2022-06-12,421580,2026-01-29,611,93.51,2026-01-21,1531,414,SAV-81075,20011,2026-03-11,2026-03-22,N
East West Bank,EWB-1000731,Specialty,EWB-INT,Borrower 731,"1875 Main St, Unit 41",Commercial & Multi-Family (5+ Units),HE1,FL,3,PIF,Michael Chen,2022-11-25,2052-11-17,2026-04-21,4096,Current,0,650720,0,763859,2022-10-26,763682,2024-11-22,633,85.21,2026-02-11,3762,488,SAV-59357,5997,2026-03-08,2026-03-20,NA
East West Bank,EWB-1000732,Construction,FHLMC,Borrower 732,"8770 Main St, Unit 44",Residential Property (1-4 Units),HE1,WA,4,M,Charles Wilson,2023-03-20,2053-03-12,2026-04-21,1695,Current,0,125760,0,150159,2023-02-18,194966,2026-02-07,757,64.5,2026-01-23,2960,254,SAV-99960,46398,2026-03-09,2026-03-19,NA
East West Bank,EWB-1000733,Foreign National,PRIV,Borrower 733,"4619 Main St, Unit 23",Residential Property (1-4 Units),LC1,CA,2,DIS,Emily Watson,2023-07-27,2053-07-19,2026-04-21,1518,30-Day Delinquent,30,781048,0,1306083,2023-06-27,1357563,2025-12-30,601,57.53,2026-03-10,2050,413,SAV-51151,38165,2026-03-15,2026-03-19,N
East West Bank,EWB-1000734,Conventional,PRIV,Borrower 734,"1701 Main St, Unit 26",Commercial & Multi-Family (5+ Units),CE1,TX,3,LOSS,David Rodriguez,2023-07-19,2053-07-11,2026-04-21,3196,Current,0,1144511,0,1429180,2023-06-19,1632306,2025-12-24,843,70.12,2026-02-03,2815,42,SAV-54028,45754,2026-03-09,2026-03-19,N
East West Bank,EWB-1000735,Construction,PRIV,Borrower 735,"3376 Main St, Unit 49",Commercial & Multi-Family (5+ Units),LC1,NY,3,REO,Charles Wilson,2023-10-31,2053-10-23,2026-04-21,2062,Current,0,580314,0,637030,2023-10-01,742187,2025-05-07,827,78.19,2026-01-21,3104,358,SAV-10329,13444,2026-03-16,2026-03-17,Y
East West Bank,EWB-1000736,Equity,GNMA,Borrower 736,"7365 Main St, Unit 37",Commercial & Multi-Family (5+ Units),CR1,TX,1,DIS,Patricia Hernandez,2023-08-12,2053-08-04,2026-04-21,1632,30-Day Delinquent,30,621208,0,720442,2023-07-13,895293,2024-08-09,658,69.39,2026-01-30,3304,452,SAV-60011,31778,2026-03-17,2026-03-19,Y
East West Bank,EWB-1000737,Foreign National,FHLMC,Borrower 737,"9685 Main St, Unit 35",Commercial & Multi-Family (5+ Units),LC1,CA,3,REO,James Miller,2022-02-06,2052-01-30,2026-04-21,4156,Current,0,347625,0,470752,2022-01-07,477867,2025-09-20,675,72.75,2026-03-14,1557,140,SAV-85174,47258,2026-03-09,2026-03-20,N
East West Bank,EWB-1000738,ARM,FHLMC,Borrower 738,"2528 Main St, Unit 25",Commercial & Multi-Family (5+ Units),SP1,IL,1,FC,Lisa Williams,2022-08-28,2052-08-20,2026-04-21,2286,Current,0,632278,0,1090240,2022-07-29,1310919,2025-03-15,667,48.23,2026-01-29,2099,449,SAV-20897,21724,2026-03-14,2026-03-22,N
East West Bank,EWB-1000739,Construction,FHLMC,Borrower 739,"6335 Main St, Unit 11",Residential Property (1-4 Units),HE1,WA,1,DIS,Robert Brown,2023-07-27,2053-07-19,2026-04-21,4403,60-Day Delinquent,60,294896,0,316277,2023-06-27,367484,2025-04-02,736,80.25,2026-02-25,2590,445,SAV-54457,6025,2026-03-18,2026-03-21,N
East West Bank,EWB-1000740,Foreign National,FNMA,Borrower 740,"9683 Main St, Unit 30",Commercial & Multi-Family (5+ Units),CR1,FL,2,REO,Donald Martinez,2023-10-26,2053-10-18,2026-04-21,3216,90-Day Delinquent,120,281240,1166,384104,2023-09-26,486002,2024-07-24,686,57.87,2026-03-16,1898,327,SAV-87825,21559,2026-03-12,2026-03-19,N
East West Bank,EWB-1000741,ARM,PRIV,Borrower 741,"4926 Main St, Unit 9",Residential Property (1-4 Units),LC1,CA,2,TRNS,Nancy Jackson,2022-02-05,2052-01-29,2026-04-21,2527,Current,0,162444,0,286643,2022-01-06,363392,2024-06-19,720,44.7,2026-02-04,3817,249,SAV-31316,44788,2026-03-18,2026-03-19,NA
East West Bank,EWB-1000742,Construction,EWB-INT,Borrower 742,"4398 Main St, Unit 12",Residential Property (1-4 Units),CR1,FL,1,REO,Matthew Moore,2022-10-29,2052-10-21,2026-04-21,1573,Current,0,973648,0,1378343,2022-09-29,1381853,2024-04-01,765,70.46,2026-02-17,3278,151,SAV-45209,44066,2026-03-20,2026-03-22,Y
East West Bank,EWB-1000743,Foreign National,GNMA,Borrower 743,"3034 Main St, Unit 47",Commercial & Multi-Family (5+ Units),LC1,NJ,4,BK,James Miller,2022-12-22,2052-12-14,2026-04-21,2901,Current,0,851542,0,905612,2022-11-22,1003928,2024-05-30,754,84.82,2026-03-14,2284,3,SAV-65824,29529,2026-03-13,2026-03-20,Y
East West Bank,EWB-1000744,Foreign National,PRIV,Borrower 744,"9268 Main St, Unit 42",Commercial & Multi-Family (5+ Units),CE1,MA,2,DIS,Thomas Thompson,2022-02-16,2052-02-09,2026-04-21,4440,Current,0,761950,0,817540,2022-01-17,885590,2025-07-01,592,86.04,2026-02-24,2037,28,SAV-10744,38323,2026-03-08,2026-03-21,N
East West Bank,EWB-1000745,Construction,EWB-INT,Borrower 745,"9730 Main St, Unit 21",Commercial & Multi-Family (5+ Units),LC1,NY,3,LOSS,Robert Brown,2023-04-19,2053-04-11,2026-04-21,1619,Current,0,435500,0,661511,2023-03-20,740605,2024-09-16,673,58.8,2026-03-19,3202,307,SAV-53816,35314,2026-03-10,2026-03-21,Y
East West Bank,EWB-1000746,Construction,FHLMC,Borrower 746,"8740 Main St, Unit 5",Commercial & Multi-Family (5+ Units),LC1,TX,1,TRNS,Emily Watson,2022-07-22,2052-07-14,2026-04-21,1670,Current,0,789412,0,1476931,2022-06-22,1783311,2024-05-10,680,44.27,2026-03-04,1257,390,SAV-52424,32997,2026-03-09,2026-03-21,NA
East West Bank,EWB-1000747,ARM,FNMA,Borrower 747,"3258 Main St, Unit 41",Commercial & Multi-Family (5+ Units),CR1,TX,4,LOSS,Joseph White,2023-11-26,2053-11-18,2026-04-21,4713,Current,0,425575,0,568815,2023-10-27,641407,2024-08-17,725,66.35,2026-03-09,1547,419,SAV-99637,9231,2026-03-20,2026-03-21,N
East West Bank,EWB-1000748,Foreign National,EWB-INT,Borrower 748,"9739 Main St, Unit 41",Residential Property (1-4 Units),LC1,GA,4,PIF,Thomas Thompson,2023-03-22,2053-03-14,2026-04-21,2447,30-Day Delinquent,30,1047036,0,1321682,2023-02-20,1464080,2025-06-30,592,71.51,2026-02-02,2678,310,SAV-75486,20816,2026-03-21,2026-03-19,NA
East West Bank,EWB-1000749,Specialty,EWB-INT,Borrower 749,"979 Main St, Unit 20",Commercial & Multi-Family (5+ Units),CE1,MA,4,TRNS,Christopher Thomas,2022-04-14,2052-04-06,2026-04-21,2635,Current,0,1216467,0,1310291,2022-03-15,1680518,2026-01-21,595,72.39,2026-02-10,2407,486,SAV-28432,8416,2026-03-11,2026-03-20,NA
East West Bank,EWB-1000750,Foreign National,PRIV,Borrower 750,"2259 Main St, Unit 10",Residential Property (1-4 Units),HE1,NJ,3,FC,Jessica Taylor,2022-05-11,2052-05-03,2026-04-21,3698,Current,0,614626,0,726677,2022-04-11,836209,2024-11-19,679,73.5,2026-03-11,2698,77,SAV-77176,34315,2026-03-14,2026-03-17,NA
East West Bank,EWB-1000751,Equity,PRIV,Borrower 751,"6690 Main St, Unit 15",Residential Property (1-4 Units),LC1,WA,4,M,Richard Davis,2022-05-18,2052-05-10,2026-04-21,2578,30-Day Delinquent,30,858919,0,1413340,2022-04-18,1465259,2025-09-12,795,58.62,2026-01-31,3528,40,SAV-66452,27142,2026-03-16,2026-03-22,N
East West Bank,EWB-1000752,Equity,GNMA,Borrower 752,"4593 Main St, Unit 22",Residential Property (1-4 Units),HE1,NY,1,DIS,John Smith,2022-01-24,2052-01-17,2026-04-21,4089,90-Day Delinquent,120,610752,2184,1163539,2021-12-25,1189214,2025-05-23,582,51.36,2026-02-14,1719,396,SAV-26763,10185,2026-03-11,2026-03-19,N
East West Bank,EWB-1000753,Construction,PRIV,Borrower 753,"4751 Main St, Unit 30",Residential Property (1-4 Units),LC1,NY,4,LOSS,Donald Martinez,2023-09-20,2053-09-12,2026-04-21,4850,Current,0,1029210,0,1444315,2023-08-21,1642788,2025-09-25,607,62.65,2026-03-17,2550,140,SAV-61341,8081,2026-03-12,2026-03-17,Y
East West Bank,EWB-1000754,Foreign National,FNMA,Borrower 754,"8460 Main St, Unit 13",Commercial & Multi-Family (5+ Units),LC1,VA,1,LOSS,Robert Brown,2022-04-09,2052-04-01,2026-04-21,1126,30-Day Delinquent,30,302983,0,466480,2022-03-10,464754,2025-03-02,600,65.19,2026-01-25,1438,117,SAV-97077,35662,2026-03-21,2026-03-21,NA
East West Bank,EWB-1000755,Foreign National,EWB-INT,Borrower 755,"8604 Main St, Unit 28",Commercial & Multi-Family (5+ Units),HE1,TX,3,BK,Christopher Thomas,2022-12-08,2052-11-30,2026-04-21,4723,Current,0,402875,0,623314,2022-11-08,796795,2024-09-14,628,50.56,2026-03-05,2444,253,SAV-93827,2859,2026-03-08,2026-03-17,N
East West Bank,EWB-1000756,Conventional,GNMA,Borrower 756,"6678 Main St, Unit 37",Commercial & Multi-Family (5+ Units),SP1,GA,3,DIS,Joseph White,2022-03-11,2052-03-03,2026-04-21,4150,Current,0,792703,0,1167481,2022-02-09,1156663,2024-08-05,623,68.53,2026-01-23,3772,368,SAV-96376,43974,2026-03-11,2026-03-18,NA
East West Bank,EWB-1000757,Equity,PRIV,Borrower 757,"3368 Main St, Unit 49",Commercial & Multi-Family (5+ Units),CE1,VA,3,M,Sandra Garcia,2022-08-26,2052-08-18,2026-04-21,1312,Current,0,259537,0,391225,2022-07-27,360565,2024-08-12,592,71.98,2026-02-20,2586,314,SAV-59246,37804,2026-03-18,2026-03-20,N
East West Bank,EWB-1000758,Specialty,PRIV,Borrower 758,"710 Main St, Unit 16",Residential Property (1-4 Units),CE1,WA,1,DIS,Donald Martinez,2022-06-10,2052-06-02,2026-04-21,2433,Current,0,1288650,0,1372613,2022-05-11,1480264,2025-01-19,717,87.06,2026-03-20,3697,81,SAV-80762,5953,2026-03-14,2026-03-22,Y
East West Bank,EWB-1000759,Equity,EWB-INT,Borrower 759,"3267 Main St, Unit 23",Commercial & Multi-Family (5+ Units),SP1,MA,4,PIF,Robert Brown,2022-07-04,2052-06-26,2026-04-21,2995,Current,0,719792,0,857173,2022-06-04,1100144,2026-02-04,847,65.43,2026-03-19,3325,470,SAV-85903,38264,2026-03-17,2026-03-20,N
East West Bank,EWB-1000760,Foreign National,FHLMC,Borrower 760,"7786 Main St, Unit 40",Commercial & Multi-Family (5+ Units),CR1,NY,3,BK,Donald Martinez,2022-06-28,2052-06-20,2026-04-21,3153,Current,0,769453,0,829447,2022-05-29,880686,2024-08-29,750,87.37,2026-02-22,3413,314,SAV-28597,28505,2026-03-07,2026-03-20,N
East West Bank,EWB-1000761,Construction,FNMA,Borrower 761,"3835 Main St, Unit 40",Commercial & Multi-Family (5+ Units),HE1,NJ,3,FC,Matthew Moore,2023-02-14,2053-02-06,2026-04-21,3434,90-Day Delinquent,90,466665,2084,806761,2023-01-15,740662,2025-08-17,809,63.01,2026-02-22,3183,448,SAV-46809,5718,2026-03-17,2026-03-17,NA
East West Bank,EWB-1000762,Specialty,GNMA,Borrower 762,"6240 Main St, Unit 33",Commercial & Multi-Family (5+ Units),SP1,IL,1,REO,Lisa Williams,2022-10-01,2052-09-23,2026-04-21,1729,60-Day Delinquent,60,356363,0,431755,2022-09-01,391493,2024-04-05,683,91.03,2026-03-07,3130,398,SAV-57647,35896,2026-03-13,2026-03-22,Y
East West Bank,EWB-1000763,Foreign National,FNMA,Borrower 763,"1442 Main St, Unit 8",Commercial & Multi-Family (5+ Units),LC1,TX,1,PIF,Robert Brown,2023-11-06,2053-10-29,2026-04-21,3953,Current,0,583500,0,991675,2023-10-07,1073512,2024-10-07,760,54.35,2026-03-19,1913,271,SAV-72595,9175,2026-03-18,2026-03-17,Y
East West Bank,EWB-1000764,Construction,FNMA,Borrower 764,"1282 Main St, Unit 31",Commercial & Multi-Family (5+ Units),LC1,FL,1,BK,John Smith,2023-01-06,2052-12-29,2026-04-21,4490,Current,0,763973,0,1249950,2022-12-07,1246912,2024-04-18,713,61.27,2026-03-06,1981,432,SAV-48844,49839,2026-03-22,2026-03-20,NA
East West Bank,EWB-1000765,Equity,PRIV,Borrower 765,"5303 Main St, Unit 48",Residential Property (1-4 Units),SP1,FL,3,SII,Margaret Harris,2022-02-19,2052-02-12,2026-04-21,2259,Current,0,409534,0,442575,2022-01-20,495579,2024-10-08,732,82.64,2026-02-10,3007,238,SAV-66654,35621,2026-03-09,2026-03-19,Y
East West Bank,EWB-1000766,Specialty,PRIV,Borrower 766,"7231 Main St, Unit 27",Commercial & Multi-Family (5+ Units),LC1,VA,1,PIF,Patricia Hernandez,2022-01-28,2052-01-21,2026-04-21,1333,60-Day Delinquent,60,371593,0,660470,2021-12-29,720051,2024-05-24,591,51.61,2026-01-25,2175,100,SAV-44062,49991,2026-03-10,2026-03-18,NA
East West Bank,EWB-1000767,Construction,GNMA,Borrower 767,"8129 Main St, Unit 8",Residential Property (1-4 Units),CR1,FL,1,DIS,Nancy Jackson,2022-12-23,2052-12-15,2026-04-21,1806,Current,0,259316,0,331196,2022-11-23,358866,2024-05-15,807,72.26,2026-03-11,1436,205,SAV-11375,37138,2026-03-07,2026-03-19,N
East West Bank,EWB-1000768,Construction,FHLMC,Borrower 768,"1896 Main St, Unit 3",Commercial & Multi-Family (5+ Units),CE1,NY,1,FC,David Rodriguez,2022-09-14,2052-09-06,2026-04-21,1782,60-Day Delinquent,60,558708,0,826296,2022-08-15,852833,2025-09-14,843,65.51,2026-02-24,1204,188,SAV-59694,23061,2026-03-21,2026-03-19,N
East West Bank,EWB-1000769,Lot Loan,GNMA,Borrower 769,"6792 Main St, Unit 21",Residential Property (1-4 Units),SP1,FL,3,M,Karen Anderson,2022-05-30,2052-05-22,2026-04-21,2930,60-Day Delinquent,60,411729,0,591048,2022-04-30,593898,2024-10-05,624,69.33,2026-03-13,3188,344,SAV-51351,10040,2026-03-07,2026-03-21,NA
East West Bank,EWB-1000770,Foreign National,GNMA,Borrower 770,"4600 Main St, Unit 39",Commercial & Multi-Family (5+ Units),SP1,NY,3,BK,Jessica Taylor,2023-09-10,2053-09-02,2026-04-21,3912,Current,0,787733,0,928883,2023-08-11,1060714,2024-06-15,774,74.26,2026-02-16,2067,47,SAV-41403,43910,2026-03-07,2026-03-20,NA
East West Bank,EWB-1000771,Construction,PRIV,Borrower 771,"761 Main St, Unit 45",Commercial & Multi-Family (5+ Units),CE1,GA,2,LEG,David Rodriguez,2023-05-17,2053-05-09,2026-04-21,4775,30-Day Delinquent,30,202642,0,242769,2023-04-17,224508,2025-07-10,784,90.26,2026-03-15,1628,262,SAV-80494,25234,2026-03-08,2026-03-20,Y
East West Bank,EWB-1000772,Foreign National,FHLMC,Borrower 772,"3102 Main St, Unit 24",Residential Property (1-4 Units),SP1,CA,1,DIS,Emily Watson,2023-07-17,2053-07-09,2026-04-21,1847,30-Day Delinquent,30,681285,0,910278,2023-06-17,1029351,2025-07-18,583,66.19,2026-03-18,2421,319,SAV-73614,29133,2026-03-15,2026-03-21,NA
East West Bank,EWB-1000773,ARM,FNMA,Borrower 773,"6395 Main St, Unit 6",Residential Property (1-4 Units),LC1,CA,3,REO,Nancy Jackson,2022-01-15,2052-01-08,2026-04-21,2877,90-Day Delinquent,120,261562,4711,292980,2021-12-16,333417,2024-06-23,722,78.45,2026-01-30,1788,233,SAV-43953,6707,2026-03-19,2026-03-22,Y
East West Bank,EWB-1000774,Lot Loan,EWB-INT,Borrower 774,"6086 Main St, Unit 26",Residential Property (1-4 Units),CR1,WA,4,M,Sarah Jenkins,2022-07-17,2052-07-09,2026-04-21,4975,Current,0,398215,0,461573,2022-06-17,490594,2025-07-03,596,81.17,2026-01-22,1391,358,SAV-31567,22766,2026-03-07,2026-03-20,N
East West Bank,EWB-1000775,ARM,EWB-INT,Borrower 775,"2946 Main St, Unit 23",Commercial & Multi-Family (5+ Units),HE1,IL,4,BK,Robert Brown,2023-12-21,2053-12-13,2026-04-21,2360,Current,0,235284,0,288731,2023-11-21,366423,2025-08-06,605,64.21,2026-02-08,1190,224,SAV-11338,31434,2026-03-20,2026-03-21,N
East West Bank,EWB-1000776,Equity,FNMA,Borrower 776,"1301 Main St, Unit 26",Residential Property (1-4 Units),CE1,NY,3,REO,John Smith,2022-05-12,2052-05-04,2026-04-21,1014,60-Day Delinquent,60,717019,0,1033194,2022-04-12,1311599,2025-04-26,846,54.67,2026-03-20,1358,378,SAV-36503,24801,2026-03-10,2026-03-17,NA
East West Bank,EWB-1000777,Conventional,FNMA,Borrower 777,"869 Main St, Unit 10",Residential Property (1-4 Units),SP1,IL,2,LOSS,Patricia Hernandez,2022-08-09,2052-08-01,2026-04-21,1978,90-Day Delinquent,150,802382,358,1062743,2022-07-10,1148788,2025-12-15,628,69.85,2026-03-12,3383,73,SAV-20699,45601,2026-03-21,2026-03-20,Y
East West Bank,EWB-1000778,Construction,EWB-INT,Borrower 778,"3709 Main St, Unit 19",Residential Property (1-4 Units),CS1,MA,3,TRNS,Lisa Williams,2023-06-02,2053-05-25,2026-04-21,3120,90-Day Delinquent,120,929584,2773,1274027,2023-05-03,1646841,2024-08-01,626,56.45,2026-03-08,2134,224,SAV-28945,11478,2026-03-11,2026-03-19,NA
East West Bank,EWB-1000779,Foreign National,PRIV,Borrower 779,"8999 Main St, Unit 5",Commercial & Multi-Family (5+ Units),CE1,MA,3,DIS,Susan Martinez,2023-02-13,2053-02-05,2026-04-21,1110,Current,0,216494,0,400541,2023-01-14,491056,2025-06-24,820,44.09,2026-02-19,3363,115,SAV-93047,14357,2026-03-13,2026-03-22,NA
East West Bank,EWB-1000780,Foreign National,FNMA,Borrower 780,"7714 Main St, Unit 35",Commercial & Multi-Family (5+ Units),SP1,MA,1,SII,Nancy Jackson,2022-09-27,2052-09-19,2026-04-21,3301,90-Day Delinquent,120,862831,99,1189955,2022-08-28,1357977,2025-02-25,827,63.54,2026-03-07,1687,220,SAV-84224,15834,2026-03-13,2026-03-21,NA
East West Bank,EWB-1000781,Equity,GNMA,Borrower 781,"9474 Main St, Unit 10",Commercial & Multi-Family (5+ Units),SP1,MA,3,BK,Patricia Hernandez,2022-12-26,2052-12-18,2026-04-21,2027,Current,0,544434,0,832405,2022-11-26,960965,2026-02-06,803,56.65,2026-02-11,3668,232,SAV-50069,17973,2026-03-13,2026-03-20,N
East West Bank,EWB-1000782,Equity,FNMA,Borrower 782,"1877 Main St, Unit 16",Residential Property (1-4 Units),LC1,VA,1,FC,Robert Brown,2022-03-16,2052-03-08,2026-04-21,3380,Current,0,387837,0,439220,2022-02-14,482986,2025-01-27,641,80.3,2026-02-25,3847,39,SAV-87486,27254,2026-03-15,2026-03-22,Y
East West Bank,EWB-1000783,Conventional,GNMA,Borrower 783,"3050 Main St, Unit 28",Commercial & Multi-Family (5+ Units),SP1,GA,2,PIF,Christopher Thomas,2023-03-24,2053-03-16,2026-04-21,4854,60-Day Delinquent,60,559385,0,975553,2023-02-22,1187886,2024-07-11,781,47.09,2026-01-25,1195,98,SAV-54877,41193,2026-03-07,2026-03-17,Y
East West Bank,EWB-1000784,Conventional,PRIV,Borrower 784,"1226 Main St, Unit 42",Commercial & Multi-Family (5+ Units),CE1,CA,2,TRNS,Richard Davis,2023-06-08,2053-05-31,2026-04-21,1556,Current,0,503951,0,587470,2023-05-09,664275,2026-02-18,585,75.86,2026-03-17,1890,249,SAV-91583,11999,2026-03-11,2026-03-21,NA
East West Bank,EWB-1000785,Specialty,PRIV,Borrower 785,"5763 Main St, Unit 23",Residential Property (1-4 Units),CR1,NY,1,REO,Emily Watson,2022-09-03,2052-08-26,2026-04-21,1605,Current,0,858474,0,1013659,2022-08-04,1131020,2024-10-16,814,75.9,2026-02-05,2686,289,SAV-49804,37006,2026-03-18,2026-03-19,Y
East West Bank,EWB-1000786,ARM,GNMA,Borrower 786,"9710 Main St, Unit 30",Residential Property (1-4 Units),SP1,NJ,3,SII,Joseph White,2023-10-13,2053-10-05,2026-04-21,4391,30-Day Delinquent,30,1057806,0,1353920,2023-09-13,1568879,2025-03-27,629,67.42,2026-02-24,1081,473,SAV-35916,35702,2026-03-20,2026-03-20,Y
East West Bank,EWB-1000787,ARM,FNMA,Borrower 787,"2438 Main St, Unit 7",Commercial & Multi-Family (5+ Units),CR1,NJ,1,M,Sandra Garcia,2023-09-17,2053-09-09,2026-04-21,1520,90-Day Delinquent,90,1085573,766,1343627,2023-08-18,1376582,2024-10-17,649,78.86,2026-03-08,2624,181,SAV-68206,44610,2026-03-21,2026-03-17,NA
East West Bank,EWB-1000788,Lot Loan,FHLMC,Borrower 788,"562 Main St, Unit 17",Residential Property (1-4 Units),CE1,IL,1,FC,John Smith,2023-05-10,2053-05-02,2026-04-21,4898,Current,0,1035682,0,1473587,2023-04-10,1361417,2025-06-14,627,76.07,2026-03-11,1672,474,SAV-44749,23667,2026-03-13,2026-03-20,Y
East West Bank,EWB-1000789,Foreign National,EWB-INT,Borrower 789,"7000 Main St, Unit 1",Commercial & Multi-Family (5+ Units),CE1,MA,2,LOSS,James Miller,2023-01-01,2052-12-24,2026-04-21,2820,Current,0,622751,0,951881,2022-12-02,1011547,2024-12-02,718,61.56,2026-03-05,1824,301,SAV-70315,35669,2026-03-08,2026-03-22,Y
East West Bank,EWB-1000790,ARM,EWB-INT,Borrower 790,"6667 Main St, Unit 25",Residential Property (1-4 Units),SP1,CA,1,FC,Barbara Taylor,2022-02-10,2052-02-03,2026-04-21,1466,Current,0,837352,0,1435138,2022-01-11,1659651,2025-04-16,733,50.45,2026-02-03,1727,461,SAV-71568,31587,2026-03-17,2026-03-17,Y
East West Bank,EWB-1000791,Foreign National,EWB-INT,Borrower 791,"2972 Main St, Unit 28",Commercial & Multi-Family (5+ Units),SP1,IL,2,M,Thomas Thompson,2022-11-14,2052-11-06,2026-04-21,3223,Current,0,1250492,0,1395803,2022-10-15,1726691,2024-07-30,704,72.42,2026-03-04,3880,223,SAV-48582,34352,2026-03-14,2026-03-20,NA
East West Bank,EWB-1000792,Lot Loan,EWB-INT,Borrower 792,"6892 Main St, Unit 2",Residential Property (1-4 Units),CR1,TX,1,PIF,Joseph White,2023-01-11,2053-01-03,2026-04-21,3123,90-Day Delinquent,120,516423,3877,900186,2022-12-12,1039355,2025-06-21,826,49.69,2026-02-19,1152,144,SAV-25854,41968,2026-03-10,2026-03-22,NA
East West Bank,EWB-1000793,Construction,GNMA,Borrower 793,"1437 Main St, Unit 33",Commercial & Multi-Family (5+ Units),CS1,NJ,4,REO,Emily Watson,2022-10-19,2052-10-11,2026-04-21,2782,Current,0,1011153,0,1086297,2022-09-19,1148945,2026-02-13,673,88.01,2026-02-27,3001,407,SAV-32484,528,2026-03-22,2026-03-18,N
East West Bank,EWB-1000794,ARM,FHLMC,Borrower 794,"3250 Main St, Unit 12",Commercial & Multi-Family (5+ Units),CS1,NJ,1,PIF,Linda Garcia,2022-04-08,2052-03-31,2026-04-21,2299,30-Day Delinquent,30,299027,0,564758,2022-03-09,681824,2024-07-08,766,43.86,2026-03-16,3422,79,SAV-27645,22677,2026-03-11,2026-03-21,NA
East West Bank,EWB-1000795,Construction,FHLMC,Borrower 795,"7688 Main St, Unit 43",Residential Property (1-4 Units),CR1,NY,3,DIS,Margaret Harris,2022-12-07,2052-11-29,2026-04-21,3779,90-Day Delinquent,120,680606,4783,762181,2022-11-07,833262,2025-11-20,665,81.68,2026-02-07,2035,170,SAV-19224,23825,2026-03-21,2026-03-18,Y
East West Bank,EWB-1000796,Lot Loan,FNMA,Borrower 796,"8339 Main St, Unit 11",Residential Property (1-4 Units),SP1,NY,2,DIS,Matthew Moore,2023-02-08,2053-01-31,2026-04-21,3238,30-Day Delinquent,30,1000537,0,1221177,2023-01-09,1474317,2024-08-22,680,67.86,2026-01-23,1550,388,SAV-88380,34850,2026-03-18,2026-03-21,NA
East West Bank,EWB-1000797,ARM,FHLMC,Borrower 797,"7960 Main St, Unit 31",Commercial & Multi-Family (5+ Units),LC1,WA,3,FC,Matthew Moore,2022-11-17,2052-11-09,2026-04-21,4972,Current,0,694805,0,1148555,2022-10-18,1353789,2025-06-11,750,51.32,2026-02-04,1507,397,SAV-98403,49032,2026-03-20,2026-03-17,Y
East West Bank,EWB-1000798,ARM,GNMA,Borrower 798,"3358 Main St, Unit 19",Residential Property (1-4 Units),LC1,NJ,2,LOSS,Daniel Martin,2023-06-15,2053-06-07,2026-04-21,4501,Current,0,755227,0,810327,2023-05-16,963227,2025-04-05,634,78.41,2026-03-06,3697,134,SAV-36857,4451,2026-03-08,2026-03-19,NA
East West Bank,EWB-1000799,Equity,FHLMC,Borrower 799,"8069 Main St, Unit 31",Commercial & Multi-Family (5+ Units),LC1,TX,3,M,Thomas Thompson,2022-02-17,2052-02-10,2026-04-21,4130,30-Day Delinquent,30,871927,0,942154,2022-01-18,1047472,2024-06-18,734,83.24,2026-03-16,1036,308,SAV-60752,46498,2026-03-09,2026-03-18,N
East West Bank,EWB-1000800,Construction,FNMA,Borrower 800,"6165 Main St, Unit 21",Commercial & Multi-Family (5+ Units),HE1,VA,2,FC,Michael Chen,2023-11-28,2053-11-20,2026-04-21,2414,Current,0,429050,0,629083,2023-10-29,790161,2024-05-09,752,54.3,2026-02-02,2258,35,SAV-50543,23749,2026-03-08,2026-03-20,N
East West Bank,EWB-1000801,Lot Loan,GNMA,Borrower 801,"1661 Main St, Unit 43",Commercial & Multi-Family (5+ Units),LC1,NJ,1,REO,Patricia Hernandez,2022-06-13,2052-06-05,2026-04-21,1609,Current,0,855174,0,1484536,2022-05-14,1809109,2024-12-10,827,47.27,2026-02-02,1376,57,SAV-82169,22538,2026-03-10,2026-03-22,Y
East West Bank,EWB-1000802,Specialty,PRIV,Borrower 802,"9517 Main St, Unit 14",Commercial & Multi-Family (5+ Units),CS1,CA,1,M,Sandra Garcia,2023-05-25,2053-05-17,2026-04-21,1157,90-Day Delinquent,150,738843,4156,1254417,2023-04-25,1289290,2024-10-10,708,57.31,2026-03-10,2342,170,SAV-34205,33283,2026-03-20,2026-03-18,Y
East West Bank,EWB-1000803,Specialty,FNMA,Borrower 803,"1396 Main St, Unit 45",Residential Property (1-4 Units),HE1,IL,2,M,Linda Garcia,2023-11-20,2053-11-12,2026-04-21,4928,Current,0,1048675,0,1291340,2023-10-21,1501005,2025-03-31,820,69.86,2026-01-26,1846,352,SAV-35350,46175,2026-03-18,2026-03-18,NA
East West Bank,EWB-1000804,Conventional,FNMA,Borrower 804,"5806 Main St, Unit 11",Commercial & Multi-Family (5+ Units),SP1,NY,3,M,Nancy Jackson,2022-11-09,2052-11-01,2026-04-21,2542,30-Day Delinquent,30,410549,0,518226,2022-10-10,589295,2024-06-06,670,69.67,2026-03-07,2838,85,SAV-25157,34947,2026-03-13,2026-03-18,Y
East West Bank,EWB-1000805,Conventional,FNMA,Borrower 805,"2131 Main St, Unit 34",Residential Property (1-4 Units),HE1,CA,3,LOSS,Joseph White,2023-02-12,2053-02-04,2026-04-21,3903,Current,0,736965,0,1244316,2023-01-13,1616111,2025-10-28,760,45.6,2026-03-16,2628,297,SAV-29483,43241,2026-03-22,2026-03-21,N
East West Bank,EWB-1000806,Conventional,GNMA,Borrower 806,"186 Main St, Unit 38",Residential Property (1-4 Units),CR1,WA,1,TRNS,John Smith,2023-08-24,2053-08-16,2026-04-21,4890,Current,0,493345,0,595376,2023-07-25,730615,2025-10-30,836,67.52,2026-02-16,1468,290,SAV-95859,43045,2026-03-11,2026-03-17,N
East West Bank,EWB-1000807,ARM,GNMA,Borrower 807,"749 Main St, Unit 41",Residential Property (1-4 Units),CR1,TX,1,M,Nancy Jackson,2023-01-26,2053-01-18,2026-04-21,2803,Current,0,755173,0,1311068,2022-12-27,1592942,2025-01-13,695,47.41,2026-03-04,1905,302,SAV-25529,3555,2026-03-19,2026-03-18,NA
East West Bank,EWB-1000808,Lot Loan,GNMA,Borrower 808,"743 Main St, Unit 24",Residential Property (1-4 Units),CE1,NJ,1,LEG,Richard Davis,2022-11-19,2052-11-11,2026-04-21,2758,Current,0,741589,0,792762,2022-10-20,780707,2026-01-11,684,94.99,2026-02-18,1079,137,SAV-16595,20331,2026-03-20,2026-03-19,NA
East West Bank,EWB-1000809,Lot Loan,PRIV,Borrower 809,"3881 Main St, Unit 12",Residential Property (1-4 Units),HE1,FL,4,BK,Margaret Harris,2023-11-15,2053-11-07,2026-04-21,3015,Current,0,1056982,0,1289904,2023-10-16,1604270,2025-01-16,816,65.89,2026-03-12,1302,260,SAV-29463,3207,2026-03-08,2026-03-18,N
East West Bank,EWB-1000810,Specialty,FNMA,Borrower 810,"8310 Main St, Unit 25",Residential Property (1-4 Units),LC1,WA,3,BK,Margaret Harris,2023-06-16,2053-06-08,2026-04-21,1221,Current,0,628842,0,1130547,2023-05-17,1321505,2025-06-10,718,47.59,2026-03-10,1476,189,SAV-27379,25617,2026-03-11,2026-03-17,N
East West Bank,EWB-1000811,Lot Loan,FHLMC,Borrower 811,"5160 Main St, Unit 16",Residential Property (1-4 Units),CE1,TX,1,SII,Joseph White,2022-04-18,2052-04-10,2026-04-21,1862,Current,0,966513,0,1248388,2022-03-19,1337244,2025-11-14,655,72.28,2026-03-11,2026,179,SAV-52664,22016,2026-03-07,2026-03-22,NA
East West Bank,EWB-1000812,Foreign National,FHLMC,Borrower 812,"6264 Main St, Unit 20",Commercial & Multi-Family (5+ Units),SP1,NY,3,PIF,Margaret Harris,2023-12-08,2053-11-30,2026-04-21,3091,60-Day Delinquent,60,1147603,0,1307522,2023-11-08,1692184,2025-11-04,767,67.82,2026-03-15,3908,378,SAV-29793,29295,2026-03-22,2026-03-18,Y
East West Bank,EWB-1000813,Equity,PRIV,Borrower 813,"4659 Main St, Unit 46",Commercial & Multi-Family (5+ Units),CR1,GA,3,PIF,Sarah Jenkins,2022-10-05,2052-09-27,2026-04-21,2793,Current,0,793086,0,869174,2022-09-05,872147,2025-09-20,619,90.93,2026-01-26,1602,385,SAV-49004,21666,2026-03-09,2026-03-21,Y
East West Bank,EWB-1000814,Conventional,PRIV,Borrower 814,"6889 Main St, Unit 22",Residential Property (1-4 Units),HE1,IL,1,LEG,Michael Chen,2022-03-02,2052-02-23,2026-04-21,2099,Current,0,314855,0,545395,2022-01-31,514286,2025-11-29,821,61.22,2026-02-18,2109,359,SAV-87503,44495,2026-03-19,2026-03-21,NA
East West Bank,EWB-1000815,Specialty,EWB-INT,Borrower 815,"7012 Main St, Unit 43",Residential Property (1-4 Units),CR1,MA,2,DIS,Sandra Garcia,2022-03-14,2052-03-06,2026-04-21,1160,Current,0,1157228,0,1481420,2022-02-12,1566341,2024-08-17,726,73.88,2026-01-23,1295,261,SAV-50434,26933,2026-03-18,2026-03-17,Y
East West Bank,EWB-1000816,Construction,FNMA,Borrower 816,"5327 Main St, Unit 30",Residential Property (1-4 Units),SP1,NY,2,TRNS,Michael Chen,2022-12-17,2052-12-09,2026-04-21,2634,Current,0,323475,0,557085,2022-11-17,616687,2024-10-15,774,52.45,2026-03-19,2995,264,SAV-26661,7736,2026-03-22,2026-03-21,NA
East West Bank,EWB-1000817,Specialty,FHLMC,Borrower 817,"1842 Main St, Unit 45",Residential Property (1-4 Units),LC1,IL,1,PIF,Karen Anderson,2022-12-07,2052-11-29,2026-04-21,3793,Current,0,477338,0,521994,2022-11-07,563102,2026-01-12,768,84.77,2026-03-20,2721,351,SAV-72194,20351,2026-03-17,2026-03-19,NA
East West Bank,EWB-1000818,Conventional,FNMA,Borrower 818,"650 Main St, Unit 27",Residential Property (1-4 Units),LC1,VA,2,DIS,David Rodriguez,2023-05-02,2053-04-24,2026-04-21,4596,30-Day Delinquent,30,526135,0,694279,2023-04-02,675761,2024-09-03,583,77.86,2026-02-18,3985,171,SAV-33159,19241,2026-03-19,2026-03-21,Y
East West Bank,EWB-1000819,ARM,FHLMC,Borrower 819,"8705 Main St, Unit 5",Commercial & Multi-Family (5+ Units),HE1,WA,3,DIS,Linda Garcia,2023-06-18,2053-06-10,2026-04-21,3247,Current,0,201289,0,287686,2023-05-19,366539,2025-08-24,827,54.92,2026-02-23,2374,49,SAV-26979,7582,2026-03-12,2026-03-17,NA
East West Bank,EWB-1000820,Foreign National,FHLMC,Borrower 820,"4479 Main St, Unit 37",Commercial & Multi-Family (5+ Units),SP1,NY,1,PIF,Patricia Hernandez,2023-04-27,2053-04-19,2026-04-21,4395,Current,0,687696,0,1105230,2023-03-28,1052089,2025-06-12,760,65.36,2026-01-31,1041,341,SAV-15717,40955,2026-03-07,2026-03-17,N
East West Bank,EWB-1000821,Specialty,GNMA,Borrower 821,"1771 Main St, Unit 28",Commercial & Multi-Family (5+ Units),LC1,TX,4,M,Christopher Thomas,2022-10-22,2052-10-14,2026-04-21,2143,60-Day Delinquent,60,178559,0,199976,2022-09-22,246345,2024-09-30,828,72.48,2026-02-12,1849,132,SAV-28098,23473,2026-03-11,2026-03-17,NA
East West Bank,EWB-1000822,ARM,GNMA,Borrower 822,"2571 Main St, Unit 7",Residential Property (1-4 Units),CS1,NY,1,PIF,Sandra Garcia,2023-05-31,2053-05-23,2026-04-21,1220,Current,0,297433,0,369526,2023-05-01,362211,2024-06-16,664,82.12,2026-01-29,1614,53,SAV-99827,22932,2026-03-22,2026-03-21,N
East West Bank,EWB-1000823,Equity,PRIV,Borrower 823,"7469 Main St, Unit 24",Commercial & Multi-Family (5+ Units),LC1,NJ,2,FC,Charles Wilson,2023-10-01,2053-09-23,2026-04-21,3067,Current,0,177192,0,188578,2023-09-01,182742,2025-03-16,617,96.96,2026-02-06,1553,185,SAV-61326,22073,2026-03-17,2026-03-22,N
East West Bank,EWB-1000824,Lot Loan,GNMA,Borrower 824,"8401 Main St, Unit 22",Commercial & Multi-Family (5+ Units),LC1,MA,4,LOSS,Sarah Jenkins,2022-11-17,2052-11-09,2026-04-21,1257,30-Day Delinquent,30,101351,0,195475,2022-10-18,187013,2025-09-05,609,54.19,2026-03-09,3985,438,SAV-41977,33432,2026-03-14,2026-03-17,NA
East West Bank,EWB-1000825,Conventional,EWB-INT,Borrower 825,"3395 Main St, Unit 50",Commercial & Multi-Family (5+ Units),CR1,NY,4,LEG,Thomas Thompson,2023-07-14,2053-07-06,2026-04-21,1940,Current,0,553945,0,1090568,2023-06-14,1115266,2025-11-01,785,49.67,2026-03-22,3540,352,SAV-79516,27672,2026-03-20,2026-03-22,NA
East West Bank,EWB-1000826,ARM,GNMA,Borrower 826,"3287 Main St, Unit 31",Residential Property (1-4 Units),CE1,MA,4,BK,James Miller,2023-02-07,2053-01-30,2026-04-21,3930,Current,0,315011,0,367583,2023-01-08,434050,2025-02-07,626,72.57,2026-02-09,2671,310,SAV-54059,28996,2026-03-17,2026-03-20,N
East West Bank,EWB-1000827,Construction,PRIV,Borrower 827,"7311 Main St, Unit 28",Residential Property (1-4 Units),CE1,VA,1,PIF,Thomas Thompson,2023-06-21,2053-06-13,2026-04-21,2438,60-Day Delinquent,60,842099,0,1325055,2023-05-22,1406221,2024-10-05,601,59.88,2026-03-03,2362,391,SAV-22164,12428,2026-03-07,2026-03-22,NA
East West Bank,EWB-1000828,ARM,FNMA,Borrower 828,"7660 Main St, Unit 23",Commercial & Multi-Family (5+ Units),HE1,WA,1,TRNS,Michael Chen,2022-12-03,2052-11-25,2026-04-21,2371,Current,0,1372613,0,1463428,2022-11-03,1367345,2025-05-25,638,100.39,2026-03-12,1823,500,SAV-84194,37552,2026-03-16,2026-03-22,Y
East West Bank,EWB-1000829,Conventional,FHLMC,Borrower 829,"3712 Main St, Unit 34",Commercial & Multi-Family (5+ Units),CR1,MA,3,BK,Donald Martinez,2022-11-17,2052-11-09,2026-04-21,4628,Current,0,750583,0,852495,2022-10-18,776931,2024-12-05,741,96.61,2026-03-11,2896,60,SAV-58318,37082,2026-03-13,2026-03-21,NA
East West Bank,EWB-1000830,ARM,FHLMC,Borrower 830,"8736 Main St, Unit 26",Residential Property (1-4 Units),HE1,CA,2,LOSS,Matthew Moore,2023-09-27,2053-09-19,2026-04-21,3239,60-Day Delinquent,60,828921,0,1338360,2023-08-28,1671067,2024-05-11,589,49.6,2026-02-06,1523,155,SAV-36102,49671,2026-03-20,2026-03-21,Y
East West Bank,EWB-1000831,Conventional,GNMA,Borrower 831,"4032 Main St, Unit 17",Commercial & Multi-Family (5+ Units),HE1,NY,2,TRNS,Sandra Garcia,2022-06-18,2052-06-10,2026-04-21,2237,Current,0,486241,0,893859,2022-05-19,1026336,2025-11-02,732,47.38,2026-03-22,2279,316,SAV-76675,38027,2026-03-12,2026-03-20,N
East West Bank,EWB-1000832,Conventional,PRIV,Borrower 832,"6947 Main St, Unit 49",Residential Property (1-4 Units),SP1,CA,2,DIS,Sarah Jenkins,2023-01-05,2052-12-28,2026-04-21,3261,Current,0,176157,0,292180,2022-12-06,263870,2025-11-11,820,66.76,2026-01-30,2761,475,SAV-39404,48876,2026-03-12,2026-03-21,Y
East West Bank,EWB-1000833,Foreign National,GNMA,Borrower 833,"845 Main St, Unit 24",Commercial & Multi-Family (5+ Units),CE1,TX,4,LEG,Daniel Martin,2023-01-27,2053-01-19,2026-04-21,2800,Current,0,516551,0,585928,2022-12-28,558017,2024-08-07,660,92.57,2026-03-17,2893,34,SAV-45031,4648,2026-03-12,2026-03-20,NA
East West Bank,EWB-1000834,Construction,EWB-INT,Borrower 834,"1269 Main St, Unit 19",Commercial & Multi-Family (5+ Units),CE1,VA,3,PIF,Daniel Martin,2022-08-23,2052-08-15,2026-04-21,2432,90-Day Delinquent,120,223286,2185,235774,2022-07-24,299640,2025-11-17,777,74.52,2026-03-16,2977,395,SAV-52549,43255,2026-03-11,2026-03-17,Y
East West Bank,EWB-1000835,ARM,FHLMC,Borrower 835,"7299 Main St, Unit 42",Commercial & Multi-Family (5+ Units),CR1,WA,4,M,Margaret Harris,2022-09-19,2052-09-11,2026-04-21,1177,90-Day Delinquent,90,1120006,2717,1264518,2022-08-20,1443894,2025-02-08,746,77.57,2026-03-10,3057,26,SAV-21928,23614,2026-03-20,2026-03-19,NA
East West Bank,EWB-1000836,Foreign National,PRIV,Borrower 836,"9357 Main St, Unit 48",Residential Property (1-4 Units),CS1,WA,1,FC,Emily Watson,2023-09-02,2053-08-25,2026-04-21,1405,90-Day Delinquent,90,698397,4934,776256,2023-08-03,817131,2024-12-30,830,85.47,2026-02-21,3582,371,SAV-16270,19818,2026-03-09,2026-03-17,N
East West Bank,EWB-1000837,Lot Loan,EWB-INT,Borrower 837,"7343 Main St, Unit 7",Commercial & Multi-Family (5+ Units),SP1,TX,3,FC,Donald Martinez,2023-05-06,2053-04-28,2026-04-21,1383,Current,0,295112,0,496184,2023-04-06,474384,2025-10-03,649,62.21,2026-01-21,1009,104,SAV-17854,37101,2026-03-11,2026-03-20,N
East West Bank,EWB-1000838,Equity,GNMA,Borrower 838,"4868 Main St, Unit 19",Residential Property (1-4 Units),LC1,NY,4,LEG,Nancy Jackson,2023-04-28,2053-04-20,2026-04-21,3787,Current,0,168950,0,192291,2023-03-29,230559,2025-06-21,582,73.28,2026-03-08,3259,143,SAV-53249,11814,2026-03-08,2026-03-22,N
East West Bank,EWB-1000839,Conventional,EWB-INT,Borrower 839,"8680 Main St, Unit 28",Commercial & Multi-Family (5+ Units),CE1,WA,2,LOSS,Linda Garcia,2022-05-26,2052-05-18,2026-04-21,4174,Current,0,407669,0,453664,2022-04-26,536453,2025-12-07,754,75.99,2026-03-10,3721,256,SAV-19300,21374,2026-03-18,2026-03-17,Y
East West Bank,EWB-1000840,Specialty,FHLMC,Borrower 840,"6105 Main St, Unit 23",Commercial & Multi-Family (5+ Units),SP1,CA,2,FC,Richard Davis,2023-10-11,2053-10-03,2026-04-21,2324,Current,0,558821,0,858672,2023-09-11,829436,2024-11-04,679,67.37,2026-02-12,2544,71,SAV-51108,20263,2026-03-13,2026-03-17,NA
East West Bank,EWB-1000841,ARM,FHLMC,Borrower 841,"3630 Main St, Unit 2",Residential Property (1-4 Units),CE1,MA,2,SII,Donald Martinez,2022-02-27,2052-02-20,2026-04-21,4163,60-Day Delinquent,60,331387,0,446063,2022-01-28,508361,2024-11-26,622,65.19,2026-01-31,3105,360,SAV-43870,17185,2026-03-18,2026-03-19,NA
East West Bank,EWB-1000842,Specialty,PRIV,Borrower 842,"1541 Main St, Unit 36",Commercial & Multi-Family (5+ Units),CR1,CA,2,PIF,Sandra Garcia,2023-12-03,2053-11-25,2026-04-21,2359,60-Day Delinquent,60,573184,0,955351,2023-11-03,985705,2025-12-05,849,58.15,2026-02-07,3418,394,SAV-18835,30360,2026-03-14,2026-03-18,N
East West Bank,EWB-1000843,Foreign National,PRIV,Borrower 843,"1622 Main St, Unit 47",Commercial & Multi-Family (5+ Units),HE1,MA,1,TRNS,Lisa Williams,2023-03-08,2053-02-28,2026-04-21,1781,60-Day Delinquent,60,323355,0,622963,2023-02-06,584460,2025-04-12,747,55.33,2026-02-02,3916,493,SAV-79679,14955,2026-03-07,2026-03-17,NA
East West Bank,EWB-1000844,Equity,GNMA,Borrower 844,"3663 Main St, Unit 30",Commercial & Multi-Family (5+ Units),CS1,GA,4,LOSS,Linda Garcia,2022-08-13,2052-08-05,2026-04-21,3018,Current,0,797362,0,1183668,2022-07-14,1523921,2025-05-14,592,52.32,2026-03-13,3965,232,SAV-69861,28572,2026-03-22,2026-03-19,NA
East West Bank,EWB-1000845,Conventional,FHLMC,Borrower 845,"5839 Main St, Unit 32",Residential Property (1-4 Units),CR1,FL,2,LOSS,Emily Watson,2022-02-16,2052-02-09,2026-04-21,2316,90-Day Delinquent,120,270667,4570,387501,2022-01-17,473340,2024-10-26,726,57.18,2026-03-05,2344,337,SAV-10688,24000,2026-03-11,2026-03-18,N
East West Bank,EWB-1000846,Lot Loan,EWB-INT,Borrower 846,"4540 Main St, Unit 33",Residential Property (1-4 Units),LC1,WA,4,LOSS,Richard Davis,2022-07-20,2052-07-12,2026-04-21,2122,Current,0,295781,0,413625,2022-06-20,533246,2025-11-24,727,55.47,2026-03-18,2877,46,SAV-25474,840,2026-03-14,2026-03-21,Y
East West Bank,EWB-1000847,ARM,PRIV,Borrower 847,"3898 Main St, Unit 45",Residential Property (1-4 Units),SP1,IL,2,LEG,Richard Davis,2023-10-08,2053-09-30,2026-04-21,4773,30-Day Delinquent,30,196394,0,275355,2023-09-08,259071,2025-09-23,581,75.81,2026-02-06,1934,106,SAV-41816,8122,2026-03-21,2026-03-22,N
East West Bank,EWB-1000848,Equity,FNMA,Borrower 848,"3566 Main St, Unit 38",Residential Property (1-4 Units),CR1,MA,4,DIS,Linda Garcia,2023-08-12,2053-08-04,2026-04-21,1007,90-Day Delinquent,90,255903,2729,367400,2023-07-13,381860,2024-09-20,785,67.01,2026-02-08,2865,255,SAV-33566,27619,2026-03-15,2026-03-18,N
East West Bank,EWB-1000849,Equity,FNMA,Borrower 849,"3623 Main St, Unit 48",Residential Property (1-4 Units),SP1,MA,2,FC,Thomas Thompson,2022-02-21,2052-02-14,2026-04-21,3425,30-Day Delinquent,30,409216,0,555105,2022-01-22,549865,2024-07-06,758,74.42,2026-02-04,1373,431,SAV-27070,27771,2026-03-08,2026-03-22,N
East West Bank,EWB-1000850,ARM,PRIV,Borrower 850,"3991 Main St, Unit 42",Commercial & Multi-Family (5+ Units),HE1,TX,3,PIF,Patricia Hernandez,2023-12-01,2053-11-23,2026-04-21,1830,Current,0,662804,0,973759,2023-11-01,915025,2025-10-20,692,72.44,2026-01-27,3624,374,SAV-38025,49300,2026-03-07,2026-03-19,NA
East West Bank,EWB-1000851,Lot Loan,FHLMC,Borrower 851,"7395 Main St, Unit 25",Commercial & Multi-Family (5+ Units),LC1,NY,2,FC,Jessica Taylor,2022-08-10,2052-08-02,2026-04-21,1750,Current,0,313356,0,395300,2022-07-11,470667,2025-03-27,719,66.58,2026-03-10,2889,135,SAV-31675,32931,2026-03-10,2026-03-17,N
East West Bank,EWB-1000852,Construction,PRIV,Borrower 852,"9239 Main St, Unit 7",Commercial & Multi-Family (5+ Units),LC1,FL,3,TRNS,Jessica Taylor,2023-06-03,2053-05-26,2026-04-21,3431,30-Day Delinquent,30,346958,0,431696,2023-05-04,478849,2024-09-22,636,72.46,2026-03-19,2315,496,SAV-60810,29702,2026-03-16,2026-03-17,N
East West Bank,EWB-1000853,Lot Loan,FHLMC,Borrower 853,"6540 Main St, Unit 28",Residential Property (1-4 Units),SP1,GA,4,FC,James Miller,2023-08-04,2053-07-27,2026-04-21,3412,90-Day Delinquent,90,184142,2396,304692,2023-07-05,361363,2025-10-26,638,50.96,2026-01-25,1835,427,SAV-67093,33644,2026-03-19,2026-03-22,Y
East West Bank,EWB-1000854,Conventional,FNMA,Borrower 854,"4291 Main St, Unit 39",Residential Property (1-4 Units),SP1,MA,2,M,Robert Brown,2022-01-07,2051-12-31,2026-04-21,4785,Current,0,563605,0,792927,2021-12-08,748176,2024-10-20,598,75.33,2026-02-03,2998,41,SAV-62146,30247,2026-03-08,2026-03-20,N
East West Bank,EWB-1000855,Specialty,FNMA,Borrower 855,"991 Main St, Unit 21",Residential Property (1-4 Units),CS1,GA,2,BK,Robert Brown,2023-07-19,2053-07-11,2026-04-21,2602,30-Day Delinquent,30,320377,0,551062,2023-06-19,566962,2024-11-26,720,56.51,2026-01-29,1901,208,SAV-46544,14227,2026-03-13,2026-03-21,N
East West Bank,EWB-1000856,Lot Loan,FHLMC,Borrower 856,"3243 Main St, Unit 42",Commercial & Multi-Family (5+ Units),SP1,IL,4,BK,Sandra Garcia,2023-03-31,2053-03-23,2026-04-21,4739,60-Day Delinquent,60,356703,0,529270,2023-03-01,671601,2024-07-10,794,53.11,2026-02-02,2998,0,SAV-70971,45871,2026-03-21,2026-03-18,Y
East West Bank,EWB-1000857,Specialty,FHLMC,Borrower 857,"7317 Main St, Unit 28",Commercial & Multi-Family (5+ Units),HE1,CA,4,LEG,Joseph White,2023-02-04,2053-01-27,2026-04-21,2535,Current,0,544359,0,633455,2023-01-05,612812,2024-11-01,827,88.83,2026-03-14,1556,169,SAV-11487,41547,2026-03-22,2026-03-21,N
East West Bank,EWB-1000858,Foreign National,FHLMC,Borrower 858,"3375 Main St, Unit 15",Residential Property (1-4 Units),CE1,FL,4,LOSS,Linda Garcia,2023-04-05,2053-03-28,2026-04-21,2350,90-Day Delinquent,150,295595,4699,401671,2023-03-06,364804,2025-03-20,781,81.03,2026-02-15,3141,251,SAV-22922,10871,2026-03-21,2026-03-19,Y
East West Bank,EWB-1000859,Specialty,PRIV,Borrower 859,"6219 Main St, Unit 25",Residential Property (1-4 Units),CE1,CA,4,FC,Karen Anderson,2023-01-19,2053-01-11,2026-04-21,1481,90-Day Delinquent,90,748350,2507,1224567,2022-12-20,1459906,2025-07-18,641,51.26,2026-03-10,3086,5,SAV-37919,46360,2026-03-10,2026-03-17,NA
East West Bank,EWB-1000860,ARM,PRIV,Borrower 860,"7395 Main St, Unit 14",Residential Property (1-4 Units),LC1,TX,4,M,Sarah Jenkins,2022-07-07,2052-06-29,2026-04-21,4566,Current,0,782992,0,860672,2022-06-07,864759,2025-04-05,585,90.54,2026-03-14,2476,41,SAV-29577,46424,2026-03-13,2026-03-17,Y
East West Bank,EWB-1000861,Foreign National,FNMA,Borrower 861,"9902 Main St, Unit 32",Commercial & Multi-Family (5+ Units),CS1,VA,4,TRNS,Lisa Williams,2022-05-05,2052-04-27,2026-04-21,1074,Current,0,1250624,0,1355565,2022-04-05,1740321,2024-04-11,661,71.86,2026-03-12,2864,339,SAV-67424,20455,2026-03-13,2026-03-17,Y
East West Bank,EWB-1000862,Specialty,EWB-INT,Borrower 862,"6238 Main St, Unit 22",Commercial & Multi-Family (5+ Units),LC1,TX,2,FC,Lisa Williams,2023-07-29,2053-07-21,2026-04-21,1015,30-Day Delinquent,30,586021,0,893088,2023-06-29,818999,2025-08-01,650,71.55,2026-02-28,3034,160,SAV-29620,10127,2026-03-17,2026-03-20,Y
East West Bank,EWB-1000863,Construction,PRIV,Borrower 863,"512 Main St, Unit 31",Commercial & Multi-Family (5+ Units),SP1,VA,2,LOSS,Daniel Martin,2022-07-18,2052-07-10,2026-04-21,1073,Current,0,874298,0,1244409,2022-06-18,1377196,2025-11-15,787,63.48,2026-02-20,1588,193,SAV-22261,25883,2026-03-12,2026-03-19,NA
East West Bank,EWB-1000864,Equity,PRIV,Borrower 864,"5419 Main St, Unit 50",Commercial & Multi-Family (5+ Units),HE1,WA,1,LEG,Lisa Williams,2022-02-06,2052-01-30,2026-04-21,1111,30-Day Delinquent,30,1166004,0,1394951,2022-01-07,1349792,2024-07-15,745,86.38,2026-01-26,1823,366,SAV-57107,1513,2026-03-16,2026-03-17,NA
East West Bank,EWB-1000865,ARM,FNMA,Borrower 865,"4349 Main St, Unit 50",Residential Property (1-4 Units),LC1,NY,1,SII,Sandra Garcia,2022-05-22,2052-05-14,2026-04-21,2518,90-Day Delinquent,120,379792,1467,672154,2022-04-22,827348,2024-12-09,798,45.9,2026-01-27,1788,433,SAV-80220,19062,2026-03-18,2026-03-17,Y
East West Bank,EWB-1000866,Specialty,FNMA,Borrower 866,"8260 Main St, Unit 5",Residential Property (1-4 Units),CR1,VA,3,FC,Margaret Harris,2023-10-29,2053-10-21,2026-04-21,2699,Current,0,1024126,0,1229525,2023-09-29,1271932,2026-02-01,620,80.52,2026-02-08,2358,313,SAV-18843,34727,2026-03-16,2026-03-21,N
East West Bank,EWB-1000867,ARM,PRIV,Borrower 867,"6271 Main St, Unit 32",Residential Property (1-4 Units),CE1,VA,4,LEG,Jessica Taylor,2022-02-23,2052-02-16,2026-04-21,2987,Current,0,137679,0,211842,2022-01-24,239089,2024-07-05,713,57.58,2026-02-01,2518,170,SAV-61404,4153,2026-03-12,2026-03-19,Y
East West Bank,EWB-1000868,Construction,GNMA,Borrower 868,"5633 Main St, Unit 3",Residential Property (1-4 Units),SP1,GA,1,LEG,Thomas Thompson,2023-03-11,2053-03-03,2026-04-21,2227,Current,0,911780,0,1202425,2023-02-09,1512595,2025-12-10,627,60.28,2026-02-21,1022,345,SAV-96498,49621,2026-03-21,2026-03-18,N
East West Bank,EWB-1000869,Lot Loan,FNMA,Borrower 869,"9912 Main St, Unit 42",Residential Property (1-4 Units),SP1,VA,3,BK,Matthew Moore,2023-07-28,2053-07-20,2026-04-21,3280,Current,0,386773,0,580179,2023-06-28,672415,2025-12-24,837,57.52,2026-03-11,3894,193,SAV-12895,41430,2026-03-13,2026-03-17,NA
East West Bank,EWB-1000870,Lot Loan,PRIV,Borrower 870,"5323 Main St, Unit 13",Commercial & Multi-Family (5+ Units),CE1,VA,4,TRNS,Donald Martinez,2023-03-24,2053-03-16,2026-04-21,3672,90-Day Delinquent,90,281229,1297,336633,2023-02-22,404879,2025-12-04,729,69.46,2026-02-16,1573,186,SAV-43334,12295,2026-03-14,2026-03-18,NA
East West Bank,EWB-1000871,Specialty,EWB-INT,Borrower 871,"7110 Main St, Unit 33",Commercial & Multi-Family (5+ Units),HE1,NJ,3,DIS,Margaret Harris,2023-01-09,2053-01-01,2026-04-21,4349,90-Day Delinquent,120,865533,1569,938245,2022-12-10,1215050,2024-06-21,604,71.23,2026-01-27,1866,455,SAV-46192,10778,2026-03-15,2026-03-18,NA
East West Bank,EWB-1000872,Specialty,FNMA,Borrower 872,"8628 Main St, Unit 38",Commercial & Multi-Family (5+ Units),CE1,IL,2,TRNS,Lisa Williams,2023-08-01,2053-07-24,2026-04-21,2512,Current,0,199395,0,343984,2023-07-02,326709,2025-04-26,647,61.03,2026-02-13,1821,329,SAV-85295,30142,2026-03-12,2026-03-21,Y
East West Bank,EWB-1000873,Lot Loan,GNMA,Borrower 873,"8310 Main St, Unit 30",Residential Property (1-4 Units),CS1,VA,1,M,Jessica Taylor,2022-09-11,2052-09-03,2026-04-21,1413,90-Day Delinquent,120,243591,4248,403091,2022-08-12,477825,2025-11-30,717,50.98,2026-02-26,2988,70,SAV-71697,500,2026-03-07,2026-03-20,Y
East West Bank,EWB-1000874,Lot Loan,FHLMC,Borrower 874,"1272 Main St, Unit 45",Commercial & Multi-Family (5+ Units),CS1,NY,4,BK,Daniel Martin,2023-08-17,2053-08-09,2026-04-21,2426,Current,0,263433,0,414237,2023-07-18,520570,2024-06-13,841,50.6,2026-03-22,2384,300,SAV-86359,28722,2026-03-07,2026-03-17,N
East West Bank,EWB-1000875,Conventional,FHLMC,Borrower 875,"9961 Main St, Unit 15",Commercial & Multi-Family (5+ Units),CS1,NY,4,SII,Richard Davis,2023-02-05,2053-01-28,2026-04-21,2806,90-Day Delinquent,120,124950,4543,232289,2023-01-06,222649,2025-12-29,757,56.12,2026-03-10,2081,141,SAV-55209,38458,2026-03-19,2026-03-21,N
East West Bank,EWB-1000876,Foreign National,PRIV,Borrower 876,"3770 Main St, Unit 38",Residential Property (1-4 Units),SP1,WA,1,DIS,Daniel Martin,2022-12-12,2052-12-04,2026-04-21,3839,Current,0,377541,0,409480,2022-11-12,478737,2025-02-19,711,78.86,2026-03-04,1284,333,SAV-42123,42597,2026-03-18,2026-03-21,NA
East West Bank,EWB-1000877,Foreign National,FNMA,Borrower 877,"5609 Main St, Unit 28",Commercial & Multi-Family (5+ Units),CS1,FL,1,PIF,Karen Anderson,2022-01-25,2052-01-18,2026-04-21,4784,Current,0,1339520,0,1452600,2021-12-26,1793818,2025-06-18,622,74.67,2026-03-02,3316,84,SAV-59516,8336,2026-03-08,2026-03-20,N
East West Bank,EWB-1000878,Specialty,GNMA,Borrower 878,"3613 Main St, Unit 50",Commercial & Multi-Family (5+ Units),LC1,IL,3,DIS,Nancy Jackson,2022-08-31,2052-08-23,2026-04-21,3888,30-Day Delinquent,30,666077,0,940449,2022-08-01,1028454,2025-07-24,747,64.76,2026-02-22,1607,124,SAV-16637,39014,2026-03-19,2026-03-18,Y
East West Bank,EWB-1000879,Specialty,FNMA,Borrower 879,"5776 Main St, Unit 43",Residential Property (1-4 Units),CS1,TX,2,M,Joseph White,2022-09-18,2052-09-10,2026-04-21,1912,30-Day Delinquent,30,102970,0,193764,2022-08-19,235387,2025-09-23,690,43.74,2026-02-09,1283,335,SAV-27089,26409,2026-03-16,2026-03-18,Y
East West Bank,EWB-1000880,ARM,EWB-INT,Borrower 880,"998 Main St, Unit 43",Residential Property (1-4 Units),LC1,TX,2,FC,James Miller,2023-04-23,2053-04-15,2026-04-21,2146,30-Day Delinquent,30,438719,0,466462,2023-03-24,475350,2024-07-26,804,92.29,2026-02-10,2918,385,SAV-90285,1051,2026-03-07,2026-03-18,Y
East West Bank,EWB-1000881,Specialty,FNMA,Borrower 881,"9743 Main St, Unit 6",Commercial & Multi-Family (5+ Units),SP1,GA,2,SII,James Miller,2022-01-23,2052-01-16,2026-04-21,1886,Current,0,1294901,0,1432116,2021-12-24,1298210,2025-04-28,782,99.75,2026-02-07,1871,256,SAV-66029,25629,2026-03-17,2026-03-19,NA
East West Bank,EWB-1000882,ARM,FHLMC,Borrower 882,"8134 Main St, Unit 23",Commercial & Multi-Family (5+ Units),CR1,IL,4,M,John Smith,2022-08-21,2052-08-13,2026-04-21,1621,Current,0,1199190,0,1488306,2022-07-22,1584685,2025-04-13,740,75.67,2026-02-04,3870,432,SAV-87070,35509,2026-03-14,2026-03-19,NA
East West Bank,EWB-1000883,Conventional,FNMA,Borrower 883,"1306 Main St, Unit 22",Residential Property (1-4 Units),CE1,CA,1,PIF,Christopher Thomas,2022-04-08,2052-03-31,2026-04-21,3091,30-Day Delinquent,30,322991,0,555841,2022-03-09,689434,2024-06-25,717,46.85,2026-02-27,3390,403,SAV-96722,23355,2026-03-22,2026-03-22,N
East West Bank,EWB-1000884,Lot Loan,FNMA,Borrower 884,"504 Main St, Unit 21",Commercial & Multi-Family (5+ Units),CR1,NJ,3,FC,Donald Martinez,2023-04-17,2053-04-09,2026-04-21,2537,90-Day Delinquent,90,632483,1452,1137410,2023-03-18,1381131,2025-09-10,656,45.79,2026-03-07,1892,23,SAV-69539,42693,2026-03-21,2026-03-19,Y
East West Bank,EWB-1000885,Construction,EWB-INT,Borrower 885,"5108 Main St, Unit 12",Commercial & Multi-Family (5+ Units),SP1,TX,1,LEG,Karen Anderson,2023-08-20,2053-08-12,2026-04-21,3409,60-Day Delinquent,60,428946,0,512441,2023-07-21,612404,2024-06-28,817,70.04,2026-03-07,2230,16,SAV-63046,24920,2026-03-20,2026-03-22,NA
East West Bank,EWB-1000886,Foreign National,GNMA,Borrower 886,"4988 Main St, Unit 2",Residential Property (1-4 Units),CR1,FL,3,BK,Barbara Taylor,2022-07-17,2052-07-09,2026-04-21,2721,Current,0,958378,0,1158109,2022-06-17,1293337,2024-10-19,788,74.1,2026-01-25,3964,180,SAV-48350,5177,2026-03-08,2026-03-18,Y
East West Bank,EWB-1000887,Foreign National,FNMA,Borrower 887,"9821 Main St, Unit 27",Commercial & Multi-Family (5+ Units),CR1,WA,3,LEG,Robert Brown,2022-05-23,2052-05-15,2026-04-21,3790,90-Day Delinquent,90,634520,801,1206600,2022-04-23,1171390,2025-05-02,761,54.17,2026-03-17,1044,409,SAV-68381,18631,2026-03-07,2026-03-18,Y
East West Bank,EWB-1000888,Construction,EWB-INT,Borrower 888,"1641 Main St, Unit 18",Residential Property (1-4 Units),LC1,WA,2,LOSS,Lisa Williams,2022-10-18,2052-10-10,2026-04-21,1049,90-Day Delinquent,90,1091317,4355,1342503,2022-09-18,1534407,2025-08-18,837,71.12,2026-02-14,1755,226,SAV-79452,36591,2026-03-19,2026-03-20,N
East West Bank,EWB-1000889,Construction,PRIV,Borrower 889,"2936 Main St, Unit 2",Commercial & Multi-Family (5+ Units),HE1,VA,1,BK,Donald Martinez,2022-04-09,2052-04-01,2026-04-21,4024,30-Day Delinquent,30,695716,0,1262186,2022-03-10,1176481,2025-08-17,809,59.14,2026-02-01,3334,375,SAV-68942,49742,2026-03-17,2026-03-22,N
East West Bank,EWB-1000890,Equity,FHLMC,Borrower 890,"2691 Main St, Unit 49",Commercial & Multi-Family (5+ Units),CR1,NY,3,LOSS,Barbara Taylor,2022-07-21,2052-07-13,2026-04-21,4733,Current,0,716696,0,848787,2022-06-21,842685,2024-06-05,831,85.05,2026-02-09,2969,273,SAV-11930,7285,2026-03-18,2026-03-17,Y
East West Bank,EWB-1000891,Specialty,EWB-INT,Borrower 891,"6589 Main St, Unit 43",Commercial & Multi-Family (5+ Units),CR1,IL,1,REO,Robert Brown,2022-11-28,2052-11-20,2026-04-21,2103,Current,0,1292106,0,1421118,2022-10-29,1464143,2025-11-21,597,88.25,2026-02-12,1012,94,SAV-97331,1023,2026-03-16,2026-03-18,Y
East West Bank,EWB-1000892,ARM,FNMA,Borrower 892,"281 Main St, Unit 16",Residential Property (1-4 Units),SP1,IL,3,DIS,Sarah Jenkins,2023-01-14,2053-01-06,2026-04-21,2389,60-Day Delinquent,60,263688,0,458362,2022-12-15,536315,2024-03-25,764,49.17,2026-02-06,2640,9,SAV-36673,32664,2026-03-21,2026-03-19,Y
East West Bank,EWB-1000893,Equity,GNMA,Borrower 893,"5581 Main St, Unit 29",Residential Property (1-4 Units),SP1,MA,1,LEG,Christopher Thomas,2022-11-20,2052-11-12,2026-04-21,1788,Current,0,811852,0,965359,2022-10-21,1079284,2025-10-09,640,75.22,2026-03-17,2203,27,SAV-96076,24173,2026-03-21,2026-03-21,NA
East West Bank,EWB-1000894,Equity,GNMA,Borrower 894,"7164 Main St, Unit 36",Commercial & Multi-Family (5+ Units),CR1,CA,2,LEG,Richard Davis,2023-08-19,2053-08-11,2026-04-21,4975,Current,0,327007,0,443851,2023-07-20,534302,2025-07-29,708,61.2,2026-02-28,3592,436,SAV-52103,7587,2026-03-10,2026-03-22,N
East West Bank,EWB-1000895,Foreign National,GNMA,Borrower 895,"7087 Main St, Unit 20",Commercial & Multi-Family (5+ Units),CE1,WA,4,BK,Linda Garcia,2023-06-07,2053-05-30,2026-04-21,4750,60-Day Delinquent,60,154607,0,163261,2023-05-08,212037,2025-10-23,681,72.92,2026-02-27,3279,162,SAV-18419,21148,2026-03-22,2026-03-18,NA
East West Bank,EWB-1000896,Foreign National,FHLMC,Borrower 896,"6719 Main St, Unit 8",Residential Property (1-4 Units),LC1,MA,4,M,Patricia Hernandez,2022-02-13,2052-02-06,2026-04-21,1825,Current,0,1371891,0,1465823,2022-01-14,1716618,2024-05-17,781,79.92,2026-02-12,2404,483,SAV-66223,24021,2026-03-18,2026-03-17,NA
East West Bank,EWB-1000897,ARM,GNMA,Borrower 897,"3398 Main St, Unit 2",Residential Property (1-4 Units),CR1,TX,3,TRNS,Susan Martinez,2023-10-21,2053-10-13,2026-04-21,3627,90-Day Delinquent,120,625535,1398,985825,2023-09-21,991511,2024-11-23,688,63.09,2026-03-09,3593,231,SAV-16395,21708,2026-03-11,2026-03-17,Y
East West Bank,EWB-1000898,ARM,GNMA,Borrower 898,"6741 Main St, Unit 45",Commercial & Multi-Family (5+ Units),CE1,WA,3,BK,Lisa Williams,2023-06-16,2053-06-08,2026-04-21,3898,60-Day Delinquent,60,315152,0,494866,2023-05-17,527467,2025-12-14,708,59.75,2026-01-25,3768,98,SAV-35584,43453,2026-03-19,2026-03-20,N
East West Bank,EWB-1000899,Equity,EWB-INT,Borrower 899,"5324 Main St, Unit 8",Residential Property (1-4 Units),SP1,NY,1,SII,Robert Brown,2023-01-30,2053-01-22,2026-04-21,3165,Current,0,503053,0,826585,2022-12-31,966683,2024-09-04,732,52.04,2026-03-18,2046,257,SAV-25028,49161,2026-03-13,2026-03-18,NA
East West Bank,EWB-1000900,Specialty,EWB-INT,Borrower 900,"109 Main St, Unit 8",Residential Property (1-4 Units),CR1,VA,2,PIF,Patricia Hernandez,2023-04-28,2053-04-20,2026-04-21,2659,Current,0,971077,0,1324846,2023-03-29,1545983,2025-12-31,732,62.81,2026-03-09,1922,302,SAV-27635,32838,2026-03-18,2026-03-22,NA
East West Bank,EWB-1000901,ARM,FHLMC,Borrower 901,"8179 Main St, Unit 32",Residential Property (1-4 Units),CE1,NY,1,M,Barbara Taylor,2023-05-03,2053-04-25,2026-04-21,2254,60-Day Delinquent,60,1079996,0,1179933,2023-04-03,1255346,2024-08-26,634,86.03,2026-02-13,3917,40,SAV-68711,2487,2026-03-18,2026-03-17,Y
East West Bank,EWB-1000902,Specialty,FNMA,Borrower 902,"658 Main St, Unit 11",Commercial & Multi-Family (5+ Units),HE1,GA,2,BK,Robert Brown,2022-10-28,2052-10-20,2026-04-21,4305,90-Day Delinquent,120,280072,3032,503827,2022-09-28,485556,2024-06-09,756,57.68,2026-02-15,3853,140,SAV-80528,3293,2026-03-08,2026-03-20,Y
East West Bank,EWB-1000903,ARM,PRIV,Borrower 903,"5542 Main St, Unit 27",Residential Property (1-4 Units),LC1,MA,2,PIF,Sarah Jenkins,2022-10-17,2052-10-09,2026-04-21,1672,Current,0,680136,0,1021206,2022-09-17,1108834,2025-11-16,792,61.34,2026-03-01,2478,292,SAV-91463,3841,2026-03-10,2026-03-20,Y
East West Bank,EWB-1000904,Conventional,FHLMC,Borrower 904,"2229 Main St, Unit 45",Residential Property (1-4 Units),HE1,TX,3,M,Jessica Taylor,2022-03-31,2052-03-23,2026-04-21,1593,90-Day Delinquent,90,127447,4590,167413,2022-03-01,208547,2025-11-04,614,61.11,2026-01-31,1984,358,SAV-10727,28289,2026-03-08,2026-03-18,Y
East West Bank,EWB-1000905,Lot Loan,EWB-INT,Borrower 905,"3700 Main St, Unit 19",Commercial & Multi-Family (5+ Units),CR1,WA,4,LOSS,Christopher Thomas,2023-02-24,2053-02-16,2026-04-21,2520,Current,0,480585,0,643992,2023-01-25,829375,2024-06-01,840,57.95,2026-01-21,1175,77,SAV-98013,23779,2026-03-11,2026-03-21,NA
East West Bank,EWB-1000906,Conventional,EWB-INT,Borrower 906,"9876 Main St, Unit 21",Commercial & Multi-Family (5+ Units),LC1,NY,4,BK,Emily Watson,2022-03-15,2052-03-07,2026-04-21,4959,30-Day Delinquent,30,209999,0,226240,2022-02-13,217311,2025-12-07,793,96.64,2026-02-21,1245,95,SAV-80706,46732,2026-03-19,2026-03-18,N
East West Bank,EWB-1000907,Conventional,FHLMC,Borrower 907,"6851 Main St, Unit 34",Residential Property (1-4 Units),LC1,MA,1,REO,Jessica Taylor,2023-05-28,2053-05-20,2026-04-21,2450,Current,0,896215,0,1029854,2023-04-28,988276,2024-04-15,666,90.68,2026-02-05,3699,272,SAV-81949,46236,2026-03-19,2026-03-22,NA
East West Bank,EWB-1000908,Conventional,GNMA,Borrower 908,"9782 Main St, Unit 30",Residential Property (1-4 Units),CS1,FL,3,FC,Lisa Williams,2022-01-16,2052-01-09,2026-04-21,4300,Current,0,408182,0,587805,2021-12-17,564932,2025-02-14,691,72.25,2026-03-10,1505,279,SAV-59957,1681,2026-03-19,2026-03-21,Y
East West Bank,EWB-1000909,ARM,EWB-INT,Borrower 909,"1822 Main St, Unit 35",Residential Property (1-4 Units),SP1,IL,4,TRNS,Emily Watson,2022-04-15,2052-04-07,2026-04-21,1302,Current,0,1130536,0,1204096,2022-03-16,1175833,2025-06-19,683,96.15,2026-02-15,1618,148,SAV-47671,10706,2026-03-08,2026-03-17,N
East West Bank,EWB-1000910,ARM,FNMA,Borrower 910,"6720 Main St, Unit 14",Commercial & Multi-Family (5+ Units),HE1,NJ,4,BK,Robert Brown,2022-05-29,2052-05-21,2026-04-21,4722,90-Day Delinquent,90,467565,949,797652,2022-04-29,1012261,2024-05-16,687,46.19,2026-03-17,3083,353,SAV-83345,40202,2026-03-13,2026-03-19,N
East West Bank,EWB-1000911,Equity,FNMA,Borrower 911,"9072 Main St, Unit 1",Commercial & Multi-Family (5+ Units),HE1,TX,2,DIS,Patricia Hernandez,2022-02-28,2052-02-21,2026-04-21,4779,Current,0,982330,0,1137797,2022-01-29,1025210,2025-05-08,788,95.82,2026-02-21,3229,18,SAV-92597,26825,2026-03-10,2026-03-20,N
East West Bank,EWB-1000912,Specialty,FNMA,Borrower 912,"6431 Main St, Unit 47",Commercial & Multi-Family (5+ Units),CS1,VA,4,SII,Barbara Taylor,2023-03-29,2053-03-21,2026-04-21,3786,Current,0,701187,0,1140121,2023-02-27,1238702,2024-10-10,701,56.61,2026-01-28,1959,90,SAV-79720,14871,2026-03-20,2026-03-20,Y
East West Bank,EWB-1000913,ARM,FNMA,Borrower 913,"1295 Main St, Unit 17",Residential Property (1-4 Units),SP1,NY,2,BK,Robert Brown,2023-01-14,2053-01-06,2026-04-21,4651,Current,0,445105,0,633442,2022-12-15,679693,2024-04-18,780,65.49,2026-03-10,1208,52,SAV-12305,27478,2026-03-08,2026-03-20,N
East West Bank,EWB-1000914,Construction,EWB-INT,Borrower 914,"3265 Main St, Unit 7",Commercial & Multi-Family (5+ Units),SP1,GA,3,REO,Susan Martinez,2022-10-18,2052-10-10,2026-04-21,4824,Current,0,971749,0,1159869,2022-09-18,1497045,2024-04-13,826,64.91,2026-03-06,1721,426,SAV-69949,33209,2026-03-10,2026-03-17,N
East West Bank,EWB-1000915,Construction,FHLMC,Borrower 915,"601 Main St, Unit 27",Commercial & Multi-Family (5+ Units),HE1,NY,4,M,Christopher Thomas,2023-01-25,2053-01-17,2026-04-21,4349,Current,0,134438,0,247406,2022-12-26,290171,2025-09-27,697,46.33,2026-02-14,1613,421,SAV-84405,21571,2026-03-22,2026-03-17,NA
East West Bank,EWB-1000916,ARM,PRIV,Borrower 916,"9443 Main St, Unit 22",Residential Property (1-4 Units),LC1,CA,3,TRNS,Jessica Taylor,2022-06-12,2052-06-04,2026-04-21,4931,Current,0,369361,0,729223,2022-05-13,712369,2024-07-17,716,51.85,2026-01-29,1425,92,SAV-83159,26305,2026-03-10,2026-03-21,Y
East West Bank,EWB-1000917,Equity,EWB-INT,Borrower 917,"6589 Main St, Unit 45",Commercial & Multi-Family (5+ Units),HE1,NY,3,LOSS,Charles Wilson,2022-10-01,2052-09-23,2026-04-21,2790,Current,0,946974,0,1152429,2022-09-01,1048854,2024-10-28,598,90.29,2026-03-20,1405,369,SAV-23439,1787,2026-03-16,2026-03-18,Y
East West Bank,EWB-1000918,Equity,PRIV,Borrower 918,"1234 Main St, Unit 36",Residential Property (1-4 Units),CR1,GA,2,SII,Sarah Jenkins,2023-11-03,2053-10-26,2026-04-21,4598,30-Day Delinquent,30,881536,0,1196439,2023-10-04,1342434,2025-08-30,720,65.67,2026-02-21,2724,413,SAV-36783,11492,2026-03-17,2026-03-18,Y
East West Bank,EWB-1000919,Equity,FNMA,Borrower 919,"6980 Main St, Unit 42",Residential Property (1-4 Units),SP1,TX,3,FC,Michael Chen,2023-08-04,2053-07-27,2026-04-21,1395,90-Day Delinquent,90,318892,270,456081,2023-07-05,448009,2025-11-20,818,71.18,2026-03-10,2616,496,SAV-32528,38641,2026-03-08,2026-03-17,N
East West Bank,EWB-1000920,Specialty,PRIV,Borrower 920,"6429 Main St, Unit 19",Residential Property (1-4 Units),LC1,IL,2,BK,James Miller,2023-12-11,2053-12-03,2026-04-21,1381,Current,0,470633,0,876448,2023-11-11,1068866,2025-06-21,707,44.03,2026-03-22,2412,124,SAV-76001,41257,2026-03-12,2026-03-22,N
East West Bank,EWB-1000921,Specialty,EWB-INT,Borrower 921,"1757 Main St, Unit 39",Residential Property (1-4 Units),CE1,VA,3,LEG,Margaret Harris,2023-04-08,2053-03-31,2026-04-21,3704,90-Day Delinquent,150,352527,2570,483840,2023-03-09,547103,2025-12-12,848,64.44,2026-02-02,2187,147,SAV-72701,19770,2026-03-21,2026-03-21,N
East West Bank,EWB-1000922,Construction,PRIV,Borrower 922,"2903 Main St, Unit 3",Commercial & Multi-Family (5+ Units),CS1,VA,2,DIS,Thomas Thompson,2023-05-19,2053-05-11,2026-04-21,2568,Current,0,628289,0,867104,2023-04-19,959458,2024-11-27,586,65.48,2026-03-16,3196,458,SAV-72494,48746,2026-03-16,2026-03-20,NA
East West Bank,EWB-1000923,Foreign National,FHLMC,Borrower 923,"3301 Main St, Unit 4",Commercial & Multi-Family (5+ Units),CS1,VA,1,BK,Jessica Taylor,2022-07-06,2052-06-28,2026-04-21,4267,60-Day Delinquent,60,656711,0,1310294,2022-06-06,1223196,2025-08-12,820,53.69,2026-02-13,2888,359,SAV-45165,5172,2026-03-14,2026-03-18,Y
East West Bank,EWB-1000924,Conventional,EWB-INT,Borrower 924,"8053 Main St, Unit 25",Commercial & Multi-Family (5+ Units),LC1,TX,2,FC,Barbara Taylor,2022-12-29,2052-12-21,2026-04-21,2693,30-Day Delinquent,30,691671,0,1001480,2022-11-29,1083241,2025-06-15,832,63.85,2026-01-30,1483,186,SAV-67308,3372,2026-03-19,2026-03-17,N
East West Bank,EWB-1000925,Specialty,GNMA,Borrower 925,"6509 Main St, Unit 32",Commercial & Multi-Family (5+ Units),LC1,WA,2,PIF,Robert Brown,2022-02-20,2052-02-13,2026-04-21,3544,Current,0,132519,0,186468,2022-01-21,191185,2025-01-01,723,69.31,2026-02-08,3997,190,SAV-94709,19065,2026-03-11,2026-03-21,Y
East West Bank,EWB-1000926,Conventional,FNMA,Borrower 926,"8643 Main St, Unit 34",Residential Property (1-4 Units),CR1,IL,4,LOSS,James Miller,2022-04-02,2052-03-25,2026-04-21,4157,Current,0,1214041,0,1434763,2022-03-03,1864534,2025-12-10,699,65.11,2026-02-06,3519,25,SAV-23197,43763,2026-03-14,2026-03-19,N
East West Bank,EWB-1000927,Lot Loan,FHLMC,Borrower 927,"7189 Main St, Unit 28",Commercial & Multi-Family (5+ Units),CE1,VA,2,SII,David Rodriguez,2023-07-13,2053-07-05,2026-04-21,4836,60-Day Delinquent,60,601405,0,1058380,2023-06-13,1261752,2024-10-04,665,47.66,2026-03-05,3888,200,SAV-93587,14252,2026-03-21,2026-03-21,NA
East West Bank,EWB-1000928,Construction,GNMA,Borrower 928,"1247 Main St, Unit 25",Residential Property (1-4 Units),HE1,TX,1,SII,Sandra Garcia,2023-08-27,2053-08-19,2026-04-21,2246,60-Day Delinquent,60,782897,0,1143778,2023-07-28,1218249,2025-02-22,697,64.26,2026-01-28,2354,321,SAV-80092,38552,2026-03-08,2026-03-18,NA
East West Bank,EWB-1000929,Conventional,FHLMC,Borrower 929,"1976 Main St, Unit 43",Residential Property (1-4 Units),LC1,FL,2,FC,James Miller,2022-05-05,2052-04-27,2026-04-21,2890,60-Day Delinquent,60,639547,0,675005,2022-04-05,722250,2025-01-04,726,88.55,2026-02-03,3303,46,SAV-36153,35200,2026-03-17,2026-03-21,Y
East West Bank,EWB-1000930,ARM,EWB-INT,Borrower 930,"9355 Main St, Unit 30",Residential Property (1-4 Units),CR1,MA,3,LEG,Karen Anderson,2023-08-18,2053-08-10,2026-04-21,3768,90-Day Delinquent,90,1070010,2900,1162140,2023-07-19,1446611,2025-10-05,760,73.97,2026-03-01,1034,133,SAV-31645,16681,2026-03-19,2026-03-17,NA
East West Bank,EWB-1000931,ARM,FHLMC,Borrower 931,"3091 Main St, Unit 25",Residential Property (1-4 Units),LC1,NJ,1,LOSS,Matthew Moore,2022-05-20,2052-05-12,2026-04-21,4003,Current,0,785343,0,1495592,2022-04-20,1534146,2025-07-04,725,51.19,2026-02-13,2830,453,SAV-73065,36933,2026-03-08,2026-03-21,NA
East West Bank,EWB-1000932,Specialty,FHLMC,Borrower 932,"5802 Main St, Unit 30",Commercial & Multi-Family (5+ Units),SP1,CA,2,M,Christopher Thomas,2022-10-08,2052-09-30,2026-04-21,4427,90-Day Delinquent,90,449259,4205,489679,2022-09-08,486568,2024-05-14,601,92.33,2026-03-21,2967,432,SAV-85290,29164,2026-03-15,2026-03-17,NA
East West Bank,EWB-1000933,Specialty,PRIV,Borrower 933,"8733 Main St, Unit 49",Commercial & Multi-Family (5+ Units),CR1,TX,2,M,Donald Martinez,2023-09-08,2053-08-31,2026-04-21,2355,Current,0,271596,0,505054,2023-08-09,471403,2025-08-20,799,57.61,2026-03-19,3780,409,SAV-55199,26040,2026-03-17,2026-03-21,NA
East West Bank,EWB-1000934,Foreign National,GNMA,Borrower 934,"4234 Main St, Unit 2",Residential Property (1-4 Units),CE1,GA,4,M,Margaret Harris,2023-07-14,2053-07-06,2026-04-21,4131,Current,0,693310,0,1275424,2023-06-14,1397851,2024-04-07,661,49.6,2026-03-06,3213,399,SAV-44053,48603,2026-03-19,2026-03-18,Y
East West Bank,EWB-1000935,Conventional,GNMA,Borrower 935,"3862 Main St, Unit 17",Commercial & Multi-Family (5+ Units),CR1,TX,1,DIS,Richard Davis,2023-11-30,2053-11-22,2026-04-21,3450,Current,0,453851,0,594972,2023-10-31,744967,2025-03-23,599,60.92,2026-02-17,1788,324,SAV-91249,44912,2026-03-15,2026-03-18,N
East West Bank,EWB-1000936,Equity,FNMA,Borrower 936,"1576 Main St, Unit 40",Commercial & Multi-Family (5+ Units),HE1,VA,2,SII,Joseph White,2022-11-05,2052-10-28,2026-04-21,4118,90-Day Delinquent,150,485582,1362,570162,2022-10-06,708362,2026-02-18,761,68.55,2026-03-11,2671,415,SAV-44188,11840,2026-03-21,2026-03-22,N
East West Bank,EWB-1000937,Foreign National,EWB-INT,Borrower 937,"1774 Main St, Unit 20",Residential Property (1-4 Units),HE1,WA,1,DIS,Charles Wilson,2022-11-18,2052-11-10,2026-04-21,4468,30-Day Delinquent,30,142101,0,195095,2022-10-19,235237,2025-12-24,641,60.41,2026-02-09,3027,241,SAV-81535,31921,2026-03-17,2026-03-19,NA
East West Bank,EWB-1000938,Lot Loan,FNMA,Borrower 938,"9313 Main St, Unit 4",Commercial & Multi-Family (5+ Units),SP1,TX,4,SII,Linda Garcia,2023-10-17,2053-10-09,2026-04-21,1797,Current,0,325281,0,500067,2023-09-17,456227,2025-10-22,686,71.3,2026-02-27,3922,72,SAV-44755,31173,2026-03-19,2026-03-17,NA
East West Bank,EWB-1000939,Specialty,PRIV,Borrower 939,"5915 Main St, Unit 25",Residential Property (1-4 Units),HE1,VA,1,PIF,Sarah Jenkins,2023-02-02,2053-01-25,2026-04-21,2702,90-Day Delinquent,90,1163299,2497,1494385,2023-01-03,1403646,2025-12-21,835,82.88,2026-02-22,3118,132,SAV-76904,19267,2026-03-22,2026-03-19,N
East West Bank,EWB-1000940,Lot Loan,FNMA,Borrower 940,"3260 Main St, Unit 5",Commercial & Multi-Family (5+ Units),HE1,MA,1,PIF,Jessica Taylor,2023-07-12,2053-07-04,2026-04-21,3808,Current,0,709670,0,806030,2023-06-12,936369,2025-10-20,786,75.79,2026-01-21,3141,429,SAV-96463,27958,2026-03-19,2026-03-19,Y
East West Bank,EWB-1000941,Foreign National,PRIV,Borrower 941,"3178 Main St, Unit 6",Residential Property (1-4 Units),HE1,VA,2,M,David Rodriguez,2023-07-27,2053-07-19,2026-04-21,2624,Current,0,1224122,0,1394360,2023-06-27,1691850,2025-06-16,788,72.35,2026-03-09,2257,299,SAV-97388,49887,2026-03-20,2026-03-17,NA
East West Bank,EWB-1000942,Construction,FHLMC,Borrower 942,"9224 Main St, Unit 31",Commercial & Multi-Family (5+ Units),CE1,NY,2,PIF,Thomas Thompson,2023-11-09,2053-11-01,2026-04-21,1369,Current,0,719742,0,1056450,2023-10-10,1281215,2026-01-08,608,56.18,2026-02-18,1620,366,SAV-14594,47264,2026-03-22,2026-03-21,NA
East West Bank,EWB-1000943,Conventional,PRIV,Borrower 943,"4847 Main St, Unit 1",Residential Property (1-4 Units),LC1,CA,3,M,Matthew Moore,2022-08-29,2052-08-21,2026-04-21,3216,Current,0,461277,0,798456,2022-07-30,1023539,2025-07-16,794,45.07,2026-02-08,1279,294,SAV-66995,40830,2026-03-11,2026-03-21,Y
East West Bank,EWB-1000944,Construction,GNMA,Borrower 944,"1778 Main St, Unit 21",Commercial & Multi-Family (5+ Units),CS1,IL,4,SII,Barbara Taylor,2022-08-17,2052-08-09,2026-04-21,4769,30-Day Delinquent,30,230466,0,397572,2022-07-18,408097,2024-07-25,824,56.47,2026-03-14,1495,129,SAV-70433,17640,2026-03-17,2026-03-17,Y
East West Bank,EWB-1000945,ARM,GNMA,Borrower 945,"3530 Main St, Unit 34",Residential Property (1-4 Units),CS1,CA,4,SII,Emily Watson,2023-11-04,2053-10-27,2026-04-21,4286,30-Day Delinquent,30,984296,0,1123737,2023-10-05,1394199,2024-04-10,848,70.6,2026-01-23,3358,374,SAV-14025,7298,2026-03-14,2026-03-21,Y
East West Bank,EWB-1000946,Specialty,EWB-INT,Borrower 946,"4474 Main St, Unit 42",Residential Property (1-4 Units),LC1,WA,1,REO,Charles Wilson,2022-08-11,2052-08-03,2026-04-21,4118,30-Day Delinquent,30,527906,0,604151,2022-07-12,696618,2024-06-15,638,75.78,2026-01-31,3467,391,SAV-82324,562,2026-03-12,2026-03-19,N
East West Bank,EWB-1000947,Conventional,FNMA,Borrower 947,"1873 Main St, Unit 34",Residential Property (1-4 Units),LC1,GA,4,FC,Linda Garcia,2023-07-09,2053-07-01,2026-04-21,3062,Current,0,597702,0,845532,2023-06-09,1082282,2025-01-31,673,55.23,2026-02-28,1545,126,SAV-50663,6495,2026-03-17,2026-03-18,Y
East West Bank,EWB-1000948,ARM,PRIV,Borrower 948,"4223 Main St, Unit 23",Residential Property (1-4 Units),CS1,NJ,1,BK,Lisa Williams,2023-08-25,2053-08-17,2026-04-21,3477,90-Day Delinquent,90,731564,1051,1109113,2023-07-26,1075292,2025-04-27,786,68.03,2026-02-15,2223,389,SAV-30138,49394,2026-03-20,2026-03-19,Y
East West Bank,EWB-1000949,ARM,EWB-INT,Borrower 949,"9287 Main St, Unit 24",Residential Property (1-4 Units),CE1,NJ,1,DIS,Charles Wilson,2022-09-22,2052-09-14,2026-04-21,2216,Current,0,837172,0,989385,2022-08-23,957859,2024-09-25,757,87.4,2026-01-28,2266,87,SAV-94765,30453,2026-03-09,2026-03-18,Y
East West Bank,EWB-1000950,Specialty,FHLMC,Borrower 950,"9024 Main St, Unit 34",Residential Property (1-4 Units),SP1,TX,3,REO,Charles Wilson,2023-05-01,2053-04-23,2026-04-21,1944,Current,0,255170,0,380233,2023-04-01,359971,2024-05-04,803,70.89,2026-02-14,2308,497,SAV-27962,48873,2026-03-13,2026-03-18,N
East West Bank,EWB-1000951,Equity,FHLMC,Borrower 951,"1907 Main St, Unit 33",Commercial & Multi-Family (5+ Units),LC1,WA,4,PIF,Charles Wilson,2022-03-14,2052-03-06,2026-04-21,1973,Current,0,199732,0,262701,2022-02-12,326715,2024-10-04,818,61.13,2026-01-28,1775,261,SAV-53006,25546,2026-03-09,2026-03-17,Y
East West Bank,EWB-1000952,Conventional,FNMA,Borrower 952,"789 Main St, Unit 5",Residential Property (1-4 Units),CS1,TX,4,PIF,Robert Brown,2022-10-12,2052-10-04,2026-04-21,2875,30-Day Delinquent,30,789851,0,948658,2022-09-12,939897,2025-07-14,640,84.04,2026-03-09,2870,56,SAV-73727,34752,2026-03-12,2026-03-20,N
East West Bank,EWB-1000953,Equity,GNMA,Borrower 953,"9064 Main St, Unit 43",Commercial & Multi-Family (5+ Units),HE1,CA,4,LEG,Patricia Hernandez,2022-05-11,2052-05-03,2026-04-21,3077,Current,0,861459,0,1155535,2022-04-11,1331574,2025-09-18,689,64.69,2026-03-10,3224,26,SAV-94892,4591,2026-03-22,2026-03-17,Y
East West Bank,EWB-1000954,Lot Loan,FHLMC,Borrower 954,"3834 Main St, Unit 39",Residential Property (1-4 Units),CR1,FL,3,PIF,Donald Martinez,2022-12-15,2052-12-07,2026-04-21,1219,Current,0,295755,0,529747,2022-11-15,572851,2024-07-15,786,51.63,2026-01-30,1738,205,SAV-83100,1374,2026-03-17,2026-03-17,Y
East West Bank,EWB-1000955,ARM,FHLMC,Borrower 955,"7173 Main St, Unit 16",Commercial & Multi-Family (5+ Units),LC1,GA,4,TRNS,Thomas Thompson,2023-09-18,2053-09-10,2026-04-21,4171,60-Day Delinquent,60,310315,0,618758,2023-08-19,631574,2025-03-18,783,49.13,2026-03-02,2830,258,SAV-31334,22020,2026-03-22,2026-03-21,NA
East West Bank,EWB-1000956,ARM,EWB-INT,Borrower 956,"1273 Main St, Unit 35",Commercial & Multi-Family (5+ Units),SP1,WA,1,DIS,James Miller,2023-03-27,2053-03-19,2026-04-21,4663,Current,0,447918,0,678036,2023-02-25,856485,2024-07-26,601,52.3,2026-03-11,2615,202,SAV-80369,46100,2026-03-15,2026-03-17,NA
East West Bank,EWB-1000957,ARM,EWB-INT,Borrower 957,"6513 Main St, Unit 12",Residential Property (1-4 Units),SP1,VA,2,SII,Sarah Jenkins,2022-08-31,2052-08-23,2026-04-21,4671,Current,0,774020,0,1350532,2022-08-01,1288359,2024-06-23,742,60.08,2026-02-22,1402,396,SAV-71922,39016,2026-03-17,2026-03-20,NA
East West Bank,EWB-1000958,Equity,EWB-INT,Borrower 958,"1187 Main St, Unit 36",Residential Property (1-4 Units),HE1,VA,4,LEG,John Smith,2023-05-31,2053-05-23,2026-04-21,2120,60-Day Delinquent,60,595090,0,824619,2023-05-01,1064969,2025-10-24,757,55.88,2026-03-07,3347,250,SAV-22291,25859,2026-03-22,2026-03-17,Y
East West Bank,EWB-1000959,Specialty,GNMA,Borrower 959,"7430 Main St, Unit 10",Residential Property (1-4 Units),LC1,MA,3,LOSS,Karen Anderson,2023-09-30,2053-09-22,2026-04-21,2315,60-Day Delinquent,60,800180,0,1326792,2023-08-31,1360719,2025-12-27,766,58.81,2026-01-22,3535,349,SAV-28725,7061,2026-03-11,2026-03-20,N
East West Bank,EWB-1000960,Conventional,EWB-INT,Borrower 960,"9736 Main St, Unit 10",Commercial & Multi-Family (5+ Units),SP1,GA,3,DIS,Emily Watson,2023-11-17,2053-11-09,2026-04-21,4496,Current,0,360698,0,502156,2023-10-18,651552,2024-11-23,683,55.36,2026-02-09,2833,127,SAV-58449,22659,2026-03-21,2026-03-17,Y
East West Bank,EWB-1000961,Conventional,EWB-INT,Borrower 961,"2576 Main St, Unit 50",Residential Property (1-4 Units),CS1,MA,4,SII,Emily Watson,2022-04-20,2052-04-12,2026-04-21,3929,30-Day Delinquent,30,271457,0,532865,2022-03-21,570476,2025-06-08,843,47.58,2026-03-15,3380,366,SAV-12432,25746,2026-03-17,2026-03-21,NA
East West Bank,EWB-1000962,Specialty,FNMA,Borrower 962,"4833 Main St, Unit 29",Commercial & Multi-Family (5+ Units),CE1,MA,1,DIS,Nancy Jackson,2022-11-30,2052-11-22,2026-04-21,2485,Current,0,200022,0,331429,2022-10-31,383954,2024-08-20,755,52.1,2026-02-26,2337,75,SAV-73356,19345,2026-03-17,2026-03-22,NA
East West Bank,EWB-1000963,ARM,FHLMC,Borrower 963,"7729 Main St, Unit 39",Commercial & Multi-Family (5+ Units),SP1,WA,4,BK,Thomas Thompson,2023-06-13,2053-06-05,2026-04-21,4486,60-Day Delinquent,60,910379,0,1273979,2023-05-14,1506363,2025-04-28,670,60.44,2026-02-16,1111,99,SAV-38157,26046,2026-03-17,2026-03-22,NA
East West Bank,EWB-1000964,ARM,GNMA,Borrower 964,"7929 Main St, Unit 13",Residential Property (1-4 Units),HE1,MA,1,PIF,Susan Martinez,2023-11-21,2053-11-13,2026-04-21,3450,60-Day Delinquent,60,397502,0,635833,2023-10-22,722524,2024-11-27,742,55.02,2026-01-27,1838,446,SAV-92947,28537,2026-03-14,2026-03-21,N
East West Bank,EWB-1000965,Equity,PRIV,Borrower 965,"2307 Main St, Unit 12",Commercial & Multi-Family (5+ Units),SP1,NY,1,PIF,Nancy Jackson,2023-09-28,2053-09-20,2026-04-21,2489,Current,0,282312,0,402156,2023-08-29,372706,2024-11-19,766,75.75,2026-03-07,2031,136,SAV-73725,35969,2026-03-18,2026-03-20,NA
East West Bank,EWB-1000966,Foreign National,EWB-INT,Borrower 966,"285 Main St, Unit 44",Commercial & Multi-Family (5+ Units),CS1,WA,4,FC,Jessica Taylor,2022-04-07,2052-03-30,2026-04-21,4633,60-Day Delinquent,60,975614,0,1224101,2022-03-08,1482162,2024-10-01,665,65.82,2026-01-21,1549,433,SAV-82139,49427,2026-03-09,2026-03-17,N
East West Bank,EWB-1000967,Construction,FHLMC,Borrower 967,"7351 Main St, Unit 3",Commercial & Multi-Family (5+ Units),SP1,NJ,3,M,John Smith,2023-05-09,2053-05-01,2026-04-21,1051,Current,0,652397,0,979901,2023-04-09,955761,2025-10-30,762,68.26,2026-02-28,2433,485,SAV-71250,22428,2026-03-21,2026-03-18,NA
East West Bank,EWB-1000968,Equity,FNMA,Borrower 968,"498 Main St, Unit 5",Commercial & Multi-Family (5+ Units),CS1,NY,4,REO,John Smith,2023-07-23,2053-07-15,2026-04-21,2759,60-Day Delinquent,60,330225,0,589503,2023-06-23,749316,2025-10-19,717,44.07,2026-02-18,2672,403,SAV-71127,47656,2026-03-17,2026-03-17,NA
East West Bank,EWB-1000969,Specialty,GNMA,Borrower 969,"8662 Main St, Unit 13",Commercial & Multi-Family (5+ Units),SP1,TX,1,LEG,Nancy Jackson,2022-07-12,2052-07-04,2026-04-21,3456,Current,0,479445,0,745484,2022-06-12,726293,2025-02-03,598,66.01,2026-02-08,2850,81,SAV-24980,18083,2026-03-22,2026-03-18,NA
East West Bank,EWB-1000970,Lot Loan,EWB-INT,Borrower 970,"1656 Main St, Unit 32",Residential Property (1-4 Units),CE1,VA,4,FC,Sarah Jenkins,2023-10-12,2053-10-04,2026-04-21,4881,Current,0,958817,0,1231916,2023-09-12,1273893,2024-04-27,627,75.27,2026-03-09,1935,284,SAV-95560,48201,2026-03-21,2026-03-20,Y
East West Bank,EWB-1000971,Construction,PRIV,Borrower 971,"2194 Main St, Unit 15",Residential Property (1-4 Units),CS1,IL,4,LOSS,Patricia Hernandez,2023-09-03,2053-08-26,2026-04-21,4236,Current,0,885808,0,1100922,2023-08-04,1188293,2024-06-09,762,74.54,2026-02-07,1925,423,SAV-15978,29273,2026-03-18,2026-03-17,N
East West Bank,EWB-1000972,Construction,GNMA,Borrower 972,"2783 Main St, Unit 7",Commercial & Multi-Family (5+ Units),SP1,FL,2,SII,David Rodriguez,2023-08-22,2053-08-14,2026-04-21,1624,30-Day Delinquent,30,1183199,0,1267374,2023-07-23,1303302,2025-04-12,630,90.78,2026-01-27,3194,55,SAV-15172,27898,2026-03-15,2026-03-22,N
East West Bank,EWB-1000973,Conventional,EWB-INT,Borrower 973,"7811 Main St, Unit 5",Commercial & Multi-Family (5+ Units),LC1,GA,4,FC,David Rodriguez,2023-06-15,2053-06-07,2026-04-21,3198,Current,0,104222,0,180257,2023-05-16,205651,2025-10-31,749,50.68,2026-03-22,1422,418,SAV-44938,39131,2026-03-10,2026-03-19,N
East West Bank,EWB-1000974,Construction,FHLMC,Borrower 974,"6039 Main St, Unit 35",Residential Property (1-4 Units),SP1,GA,3,LEG,Linda Garcia,2022-03-21,2052-03-13,2026-04-21,3321,30-Day Delinquent,30,362685,0,568829,2022-02-19,512810,2025-05-09,768,70.73,2026-02-15,3749,440,SAV-43379,26870,2026-03-21,2026-03-18,Y
East West Bank,EWB-1000975,Construction,FHLMC,Borrower 975,"9960 Main St, Unit 6",Residential Property (1-4 Units),CR1,MA,4,REO,John Smith,2023-12-23,2053-12-15,2026-04-21,3998,30-Day Delinquent,30,1116302,0,1376294,2023-11-23,1697301,2024-03-29,789,65.77,2026-02-03,1987,300,SAV-50722,7287,2026-03-13,2026-03-20,N
East West Bank,EWB-1000976,Construction,FNMA,Borrower 976,"4370 Main St, Unit 14",Commercial & Multi-Family (5+ Units),CE1,NJ,2,SII,Joseph White,2022-04-14,2052-04-06,2026-04-21,1404,Current,0,714676,0,1191482,2022-03-15,1197946,2025-05-20,712,59.66,2026-03-17,3366,107,SAV-26857,30906,2026-03-12,2026-03-18,Y
East West Bank,EWB-1000977,Foreign National,FNMA,Borrower 977,"1866 Main St, Unit 30",Commercial & Multi-Family (5+ Units),CE1,CA,3,M,Richard Davis,2022-08-04,2052-07-27,2026-04-21,1633,Current,0,629976,0,1068074,2022-07-05,1220301,2024-09-28,761,51.62,2026-03-14,2529,5,SAV-18063,22057,2026-03-14,2026-03-17,N
East West Bank,EWB-1000978,Construction,PRIV,Borrower 978,"4140 Main St, Unit 7",Commercial & Multi-Family (5+ Units),SP1,IL,3,FC,Linda Garcia,2023-09-20,2053-09-12,2026-04-21,3900,Current,0,771704,0,1162544,2023-08-21,1258041,2025-12-19,839,61.34,2026-02-06,3319,18,SAV-27679,33301,2026-03-22,2026-03-21,N
East West Bank,EWB-1000979,Conventional,PRIV,Borrower 979,"2099 Main St, Unit 8",Commercial & Multi-Family (5+ Units),HE1,FL,2,LOSS,John Smith,2023-02-26,2053-02-18,2026-04-21,1921,Current,0,248417,0,429143,2023-01-27,397005,2025-01-11,793,62.57,2026-03-06,2706,355,SAV-43091,43461,2026-03-10,2026-03-18,NA
East West Bank,EWB-1000980,Foreign National,FHLMC,Borrower 980,"7824 Main St, Unit 24",Residential Property (1-4 Units),HE1,FL,4,PIF,Nancy Jackson,2022-02-24,2052-02-17,2026-04-21,1981,Current,0,1214323,0,1328320,2022-01-25,1642336,2025-11-20,721,73.94,2026-02-08,1644,359,SAV-76469,18968,2026-03-13,2026-03-22,NA
East West Bank,EWB-1000981,Construction,FHLMC,Borrower 981,"2688 Main St, Unit 33",Residential Property (1-4 Units),CE1,CA,1,LEG,Susan Martinez,2022-10-30,2052-10-22,2026-04-21,2714,Current,0,1084182,0,1412703,2022-09-30,1545274,2025-02-11,638,70.16,2026-01-27,2260,223,SAV-61319,15998,2026-03-08,2026-03-19,NA
East West Bank,EWB-1000982,Foreign National,GNMA,Borrower 982,"7941 Main St, Unit 28",Commercial & Multi-Family (5+ Units),CR1,MA,4,TRNS,Patricia Hernandez,2023-04-22,2053-04-14,2026-04-21,3778,30-Day Delinquent,30,921244,0,1285371,2023-03-23,1387525,2025-05-01,697,66.39,2026-02-23,1646,96,SAV-28905,42477,2026-03-12,2026-03-19,Y
East West Bank,EWB-1000983,Conventional,FHLMC,Borrower 983,"9229 Main St, Unit 19",Residential Property (1-4 Units),CS1,TX,3,LOSS,Karen Anderson,2022-08-15,2052-08-07,2026-04-21,3146,30-Day Delinquent,30,274402,0,393877,2022-07-16,404479,2024-05-19,735,67.84,2026-02-18,3346,65,SAV-52694,37976,2026-03-11,2026-03-21,Y
East West Bank,EWB-1000984,Specialty,EWB-INT,Borrower 984,"9424 Main St, Unit 37",Residential Property (1-4 Units),CE1,GA,4,REO,Michael Chen,2022-08-28,2052-08-20,2026-04-21,2835,Current,0,178266,0,286285,2022-07-29,266856,2026-02-08,809,66.8,2026-02-14,1256,420,SAV-46528,6494,2026-03-21,2026-03-17,N
East West Bank,EWB-1000985,Foreign National,EWB-INT,Borrower 985,"2199 Main St, Unit 34",Residential Property (1-4 Units),SP1,VA,1,TRNS,John Smith,2023-11-22,2053-11-14,2026-04-21,2326,30-Day Delinquent,30,702588,0,935945,2023-10-23,1170288,2024-07-14,729,60.04,2026-02-04,3184,156,SAV-88900,44827,2026-03-15,2026-03-21,Y
East West Bank,EWB-1000986,Construction,FHLMC,Borrower 986,"6905 Main St, Unit 46",Commercial & Multi-Family (5+ Units),CR1,WA,2,SII,John Smith,2022-03-26,2052-03-18,2026-04-21,3026,30-Day Delinquent,30,443085,0,671244,2022-02-24,788012,2025-05-01,788,56.23,2026-01-23,3677,225,SAV-22251,41840,2026-03-18,2026-03-20,Y
East West Bank,EWB-1000987,Construction,FHLMC,Borrower 987,"9841 Main St, Unit 38",Commercial & Multi-Family (5+ Units),CS1,IL,2,REO,John Smith,2023-11-16,2053-11-08,2026-04-21,2884,30-Day Delinquent,30,385469,0,638051,2023-10-17,593199,2024-12-09,723,64.98,2026-02-22,2328,45,SAV-40443,7422,2026-03-07,2026-03-22,Y
East West Bank,EWB-1000988,Specialty,EWB-INT,Borrower 988,"1269 Main St, Unit 29",Residential Property (1-4 Units),CR1,NJ,2,LEG,Matthew Moore,2022-02-09,2052-02-02,2026-04-21,1950,30-Day Delinquent,30,305530,0,565466,2022-01-10,678543,2024-09-20,624,45.03,2026-02-02,1062,418,SAV-12964,17066,2026-03-22,2026-03-18,Y
East West Bank,EWB-1000989,Construction,FNMA,Borrower 989,"8522 Main St, Unit 49",Residential Property (1-4 Units),CR1,CA,3,PIF,Linda Garcia,2023-04-18,2053-04-10,2026-04-21,3129,90-Day Delinquent,120,483838,4922,671396,2023-03-19,851767,2025-07-21,667,56.8,2026-02-05,2443,366,SAV-65491,3097,2026-03-16,2026-03-21,N
East West Bank,EWB-1000990,ARM,PRIV,Borrower 990,"8745 Main St, Unit 47",Residential Property (1-4 Units),CE1,WA,3,DIS,Michael Chen,2022-07-27,2052-07-19,2026-04-21,1817,90-Day Delinquent,90,580525,4215,1097272,2022-06-27,1069490,2025-08-26,791,54.28,2026-03-21,2428,142,SAV-67738,2317,2026-03-22,2026-03-17,NA
East West Bank,EWB-1000991,Specialty,PRIV,Borrower 991,"1356 Main St, Unit 21",Commercial & Multi-Family (5+ Units),CE1,CA,2,M,Daniel Martin,2022-08-10,2052-08-02,2026-04-21,1372,Current,0,943389,0,1412032,2022-07-11,1616514,2025-07-13,698,58.36,2026-02-08,3182,112,SAV-55469,19962,2026-03-20,2026-03-21,Y
East West Bank,EWB-1000992,Foreign National,PRIV,Borrower 992,"6215 Main St, Unit 29",Residential Property (1-4 Units),CS1,IL,1,FC,Charles Wilson,2023-01-21,2053-01-13,2026-04-21,4226,30-Day Delinquent,30,795050,0,1094734,2022-12-22,1133737,2025-02-20,810,70.13,2026-03-10,2288,178,SAV-42565,36210,2026-03-09,2026-03-19,Y
East West Bank,EWB-1000993,Lot Loan,PRIV,Borrower 993,"9494 Main St, Unit 23",Commercial & Multi-Family (5+ Units),CS1,NJ,3,LOSS,Thomas Thompson,2023-07-07,2053-06-29,2026-04-21,4760,Current,0,409381,0,490912,2023-06-07,621351,2025-12-19,590,65.89,2026-03-04,1470,51,SAV-14326,47751,2026-03-10,2026-03-17,N
East West Bank,EWB-1000994,Conventional,EWB-INT,Borrower 994,"4932 Main St, Unit 22",Commercial & Multi-Family (5+ Units),CR1,WA,2,BK,Sandra Garcia,2022-12-18,2052-12-10,2026-04-21,1886,60-Day Delinquent,60,856728,0,1019446,2022-11-18,1314019,2025-02-22,637,65.2,2026-01-26,1784,202,SAV-98480,44812,2026-03-20,2026-03-19,N
East West Bank,EWB-1000995,Foreign National,GNMA,Borrower 995,"8312 Main St, Unit 28",Residential Property (1-4 Units),CS1,NY,2,LOSS,Christopher Thomas,2022-09-30,2052-09-22,2026-04-21,2543,Current,0,212793,0,350753,2022-08-31,445350,2025-02-28,795,47.78,2026-02-02,1696,376,SAV-48378,48279,2026-03-09,2026-03-21,N
East West Bank,EWB-1000996,Equity,PRIV,Borrower 996,"1975 Main St, Unit 6",Residential Property (1-4 Units),CR1,TX,3,BK,Karen Anderson,2022-05-02,2052-04-24,2026-04-21,1880,Current,0,105630,0,195619,2022-04-02,186201,2024-10-24,663,56.73,2026-02-05,3492,356,SAV-40275,7261,2026-03-19,2026-03-20,Y
East West Bank,EWB-1000997,Conventional,PRIV,Borrower 997,"6383 Main St, Unit 50",Commercial & Multi-Family (5+ Units),SP1,GA,4,BK,Charles Wilson,2022-06-21,2052-06-13,2026-04-21,4948,90-Day Delinquent,120,182622,396,215149,2022-05-22,234284,2024-07-17,815,77.95,2026-01-22,2793,368,SAV-53494,7678,2026-03-08,2026-03-22,N
East West Bank,EWB-1000998,Conventional,FHLMC,Borrower 998,"5743 Main St, Unit 35",Residential Property (1-4 Units),CR1,NJ,3,FC,Charles Wilson,2022-06-30,2052-06-22,2026-04-21,2541,Current,0,1105642,0,1188218,2022-05-31,1087270,2025-11-03,771,101.69,2026-01-24,3315,261,SAV-37968,12671,2026-03-11,2026-03-20,N
East West Bank,EWB-1000999,Specialty,EWB-INT,Borrower 999,"9877 Main St, Unit 27",Commercial & Multi-Family (5+ Units),LC1,WA,1,M,Daniel Martin,2023-09-25,2053-09-17,2026-04-21,1902,Current,0,375761,0,511309,2023-08-26,478870,2024-08-02,639,78.47,2026-03-22,1974,7,SAV-44452,27154,2026-03-13,2026-03-19,Y
East West Bank,EWB-1001000,Specialty,GNMA,Borrower 1000,"4254 Main St, Unit 35",Commercial & Multi-Family (5+ Units),LC1,NJ,3,BK,Patricia Hernandez,2022-05-02,2052-04-24,2026-04-21,1284,60-Day Delinquent,60,734254,0,927635,2022-04-02,879474,2024-05-25,592,83.49,2026-02-17,3284,362,SAV-67773,18958,2026-03-13,2026-03-17,N
