Bank,Account Number,Loan Type,Investor Code,Borrower,Property Address,Property Type,Product Line,State,Region,Occupancy Code,Stop Code,Account Officer,Loan Closing Date,Maturity Date,Next Payment Due Date,Payment Due Amount,Delinquency Type,# Days Past Due,Total Bank Balance,Charge Off Amount,Original Appraisal Amount,Appraisal Value,Appraisal Date,FICO,Total Loan To Value,Last Payment Received Date,Last Payment Received Amount,Suspense Balance,DDA/Sav Acct#,DDA/Sav Account Balance,Latest Contact Date,Latest Attempt Date
East West Bank,EWB-1000001,Specialty,GNMA,Borrower 1,"8941 Main St, Unit 4",Residential Property (1-4 Units),SP1,IL,North,4,FC,Susan Martinez,2022-03-28,2052-03-20,2026-04-20,1339,Current,0,248260,0,423538,401916,2022-03-13,602,61.77,2025-12-30,4441,448,DDA-16697,789,2026-03-19,2026-03-19
East West Bank,EWB-1000002,ARM,EWB-INT,Borrower 2,"6868 Main St, Unit 22",Residential Property (1-4 Units),LC1,NJ,North,1,REO,Sandra Garcia,2022-10-07,2052-09-29,2026-04-20,4145,90-Day Delinquent,90,532482,2090,715894,649866,2022-09-22,817,81.94,2025-11-20,1528,90,DDA-30867,49731,2026-02-26,2026-03-21
East West Bank,EWB-1000003,Specialty,GNMA,Borrower 3,"1120 Main St, Unit 41",Commercial & Multi-Family (5+ Units),CE1,TX,West,3,PIF,Daniel Martin,2023-06-01,2053-05-24,2026-04-20,2137,Current,0,564826,0,623254,585009,2023-05-17,773,96.55,2025-12-30,3226,159,DDA-86875,7631,2026-03-11,2026-03-17
East West Bank,EWB-1000004,ARM,EWB-INT,Borrower 4,"431 Main St, Unit 4",Residential Property (1-4 Units),CR1,NJ,South,1,M,Daniel Martin,2022-02-02,2052-01-26,2026-04-20,1587,Current,0,1390912,0,1469512,1707231,2022-01-18,693,81.47,2025-11-25,1742,795,DDA-42193,27750,2026-03-01,2026-03-21
East West Bank,EWB-1000005,Specialty,EWB-INT,Borrower 5,"1986 Main St, Unit 13",Commercial & Multi-Family (5+ Units),CR1,NY,East,3,LEG,James Miller,2022-12-13,2052-12-05,2026-04-20,2232,90-Day Delinquent,120,1130760,2170,1403617,1724609,2022-11-28,770,65.57,2025-11-14,2307,444,DDA-64251,30226,2026-03-12,2026-03-17
East West Bank,EWB-1000006,Construction,EWB-INT,Borrower 6,"5660 Main St, Unit 14",Residential Property (1-4 Units),CR1,FL,East,4,SII,Nancy Jackson,2022-04-27,2052-04-19,2026-04-20,1386,Current,0,178901,0,218148,250196,2022-04-12,612,71.5,2025-12-17,2395,347,DDA-23767,30849,2026-03-09,2026-03-17
East West Bank,EWB-1000007,Lot Loan,EWB-INT,Borrower 7,"4608 Main St, Unit 13",Commercial & Multi-Family (5+ Units),CE1,NY,East,2,SII,Lisa Williams,2022-10-09,2052-10-01,2026-04-20,4558,Current,0,1295089,0,1450571,1751857,2022-09-24,794,73.93,2025-11-13,1764,834,DDA-87335,23750,2026-02-22,2026-03-17
East West Bank,EWB-1000008,Equity,PRIV,Borrower 8,"4776 Main St, Unit 47",Residential Property (1-4 Units),CE1,NJ,East,2,TRNS,Donald Martinez,2022-02-05,2052-01-29,2026-04-20,3411,Current,0,384410,0,722843,847013,2022-01-21,815,45.38,2025-12-25,4913,384,DDA-42624,15427,2026-03-09,2026-03-16
East West Bank,EWB-1000009,ARM,PRIV,Borrower 9,"8076 Main St, Unit 49",Commercial & Multi-Family (5+ Units),SP1,IL,North,1,SII,Patricia Hernandez,2023-11-17,2053-11-09,2026-04-20,2505,Current,0,902736,0,1046942,1253710,2023-11-02,761,72.01,2025-11-19,2079,503,DDA-11229,4098,2026-02-28,2026-03-18
East West Bank,EWB-1000010,Foreign National,PRIV,Borrower 10,"2088 Main St, Unit 45",Commercial & Multi-Family (5+ Units),CR1,NY,North,4,LEG,Richard Davis,2022-02-19,2052-02-12,2026-04-20,3771,Current,0,557378,0,610337,651157,2022-02-04,737,85.6,2025-12-29,1134,357,DDA-23271,4551,2026-03-06,2026-03-18
East West Bank,EWB-1000011,Conventional,FNMA,Borrower 11,"4514 Main St, Unit 13",Residential Property (1-4 Units),SP1,TX,East,1,REO,Margaret Harris,2022-07-19,2052-07-11,2026-04-20,2977,30-Day Delinquent,30,878998,0,955889,1064175,2022-07-04,698,82.6,2025-12-30,1691,16,DDA-26696,29685,2026-03-17,2026-03-18
East West Bank,EWB-1000012,Foreign National,FNMA,Borrower 12,"6124 Main St, Unit 38",Residential Property (1-4 Units),LC1,GA,South,4,TRNS,Susan Martinez,2023-10-01,2053-09-23,2026-04-20,1478,Current,0,1197926,0,1370405,1249089,2023-09-16,604,95.9,2025-11-21,2466,613,DDA-51375,33518,2026-03-17,2026-03-19
East West Bank,EWB-1000013,Construction,GNMA,Borrower 13,"9710 Main St, Unit 5",Commercial & Multi-Family (5+ Units),HE1,CA,North,1,SII,Daniel Martin,2022-10-09,2052-10-01,2026-04-20,1686,Current,0,1067098,0,1139913,1120390,2022-09-24,708,95.24,2025-12-03,2341,684,DDA-17425,5606,2026-03-05,2026-03-18
East West Bank,EWB-1000014,Lot Loan,GNMA,Borrower 14,"4853 Main St, Unit 22",Commercial & Multi-Family (5+ Units),CE1,CA,West,3,M,Margaret Harris,2023-06-30,2053-06-22,2026-04-20,4232,Current,0,493005,0,711353,703480,2023-06-15,678,70.08,2025-12-11,2885,333,DDA-55253,8782,2026-03-12,2026-03-18
East West Bank,EWB-1000015,Specialty,GNMA,Borrower 15,"4248 Main St, Unit 37",Commercial & Multi-Family (5+ Units),LC1,NY,West,2,REO,Nancy Jackson,2022-10-30,2052-10-22,2026-04-20,4468,90-Day Delinquent,90,1002913,2062,1196797,1446147,2022-10-15,739,69.35,2025-11-20,4014,781,DDA-29284,5970,2026-03-09,2026-03-17
East West Bank,EWB-1000016,Foreign National,FNMA,Borrower 16,"8671 Main St, Unit 40",Commercial & Multi-Family (5+ Units),CE1,GA,West,2,PIF,Sarah Jenkins,2023-08-23,2053-08-15,2026-04-20,3728,30-Day Delinquent,30,582587,0,637879,723809,2023-08-08,694,80.49,2025-12-21,3393,513,DDA-69886,638,2026-03-19,2026-03-16
East West Bank,EWB-1000017,ARM,GNMA,Borrower 17,"3167 Main St, Unit 17",Residential Property (1-4 Units),CS1,TX,East,3,PIF,Charles Wilson,2023-01-10,2053-01-02,2026-04-20,1156,Current,0,1363647,0,1461736,1588815,2022-12-26,637,85.83,2025-12-08,4247,5,DDA-43324,6874,2026-03-03,2026-03-19
East West Bank,EWB-1000018,Conventional,EWB-INT,Borrower 18,"9468 Main St, Unit 6",Commercial & Multi-Family (5+ Units),CE1,IL,West,2,LOSS,James Miller,2023-10-18,2053-10-10,2026-04-20,1996,90-Day Delinquent,120,900937,604,1419460,1658266,2023-10-03,580,54.33,2025-11-23,2576,359,DDA-87959,46970,2026-03-13,2026-03-16
East West Bank,EWB-1000019,Lot Loan,FNMA,Borrower 19,"2254 Main St, Unit 50",Residential Property (1-4 Units),CS1,IL,East,1,DIS,Nancy Jackson,2023-06-09,2053-06-01,2026-04-20,4863,Current,0,509528,0,757086,912349,2023-05-25,609,55.85,2025-11-29,3418,170,DDA-24637,39148,2026-02-28,2026-03-17
East West Bank,EWB-1000020,Specialty,PRIV,Borrower 20,"3016 Main St, Unit 14",Commercial & Multi-Family (5+ Units),CR1,MA,East,2,REO,Joseph White,2022-12-14,2052-12-06,2026-04-20,1539,60-Day Delinquent,60,1022701,0,1472905,1373197,2022-11-29,732,74.48,2025-11-20,4045,785,DDA-57799,30843,2026-03-07,2026-03-18
East West Bank,EWB-1000021,Foreign National,FHLMC,Borrower 21,"9525 Main St, Unit 21",Commercial & Multi-Family (5+ Units),CR1,NY,East,1,M,Daniel Martin,2022-11-14,2052-11-06,2026-04-20,1018,90-Day Delinquent,120,371372,1913,582315,742112,2022-10-30,732,50.04,2025-12-03,4565,501,DDA-98821,1285,2026-03-07,2026-03-20
East West Bank,EWB-1000022,ARM,GNMA,Borrower 22,"3849 Main St, Unit 48",Commercial & Multi-Family (5+ Units),CS1,MA,South,4,TRNS,Lisa Williams,2023-04-20,2053-04-12,2026-04-20,1778,Current,0,746666,0,1435160,1302625,2023-04-05,744,57.32,2025-11-16,4148,38,DDA-64989,37253,2026-02-21,2026-03-21
East West Bank,EWB-1000023,Equity,GNMA,Borrower 23,"2782 Main St, Unit 10",Commercial & Multi-Family (5+ Units),CS1,IL,West,3,SII,Matthew Moore,2023-12-27,2053-12-19,2026-04-20,1079,Current,0,660539,0,1128732,1442024,2023-12-12,658,45.81,2025-11-08,3706,882,DDA-57756,46906,2026-03-08,2026-03-19
East West Bank,EWB-1000024,Equity,GNMA,Borrower 24,"2356 Main St, Unit 38",Residential Property (1-4 Units),CR1,TX,South,3,DIS,Patricia Hernandez,2022-07-11,2052-07-03,2026-04-20,4292,Current,0,386262,0,452918,539674,2022-06-26,756,71.57,2025-12-05,3249,849,DDA-37298,12610,2026-03-14,2026-03-18
East West Bank,EWB-1000025,Construction,PRIV,Borrower 25,"5872 Main St, Unit 34",Residential Property (1-4 Units),SP1,WA,West,2,PIF,Donald Martinez,2022-08-18,2052-08-10,2026-04-20,2588,Current,0,184695,0,283767,289892,2022-08-03,803,63.71,2025-11-22,3838,402,DDA-66534,25886,2026-03-04,2026-03-20
East West Bank,EWB-1000026,Equity,FHLMC,Borrower 26,"5987 Main St, Unit 21",Commercial & Multi-Family (5+ Units),HE1,GA,East,2,PIF,Christopher Thomas,2022-03-02,2052-02-23,2026-04-20,1627,Current,0,204728,0,286330,354319,2022-02-15,703,57.78,2025-11-24,1060,276,DDA-34798,39161,2026-03-12,2026-03-18
East West Bank,EWB-1000027,Conventional,EWB-INT,Borrower 27,"1331 Main St, Unit 6",Commercial & Multi-Family (5+ Units),HE1,NJ,South,3,LOSS,Matthew Moore,2023-12-26,2053-12-18,2026-04-20,2787,Current,0,117127,0,163986,200209,2023-12-11,775,58.5,2025-11-04,3702,568,DDA-84028,20217,2026-02-25,2026-03-21
East West Bank,EWB-1000028,Specialty,PRIV,Borrower 28,"8442 Main St, Unit 24",Residential Property (1-4 Units),SP1,MA,North,1,DIS,Robert Brown,2023-08-19,2053-08-11,2026-04-20,2333,60-Day Delinquent,60,107787,0,162666,193705,2023-08-04,745,55.64,2025-12-12,3746,925,DDA-83758,42898,2026-02-28,2026-03-20
East West Bank,EWB-1000029,ARM,EWB-INT,Borrower 29,"5226 Main St, Unit 31",Commercial & Multi-Family (5+ Units),CR1,MA,East,2,SII,Richard Davis,2023-08-27,2053-08-19,2026-04-20,4208,Current,0,314454,0,438998,535670,2023-08-12,705,58.7,2025-12-20,3656,603,DDA-18401,9866,2026-02-19,2026-03-17
East West Bank,EWB-1000030,Lot Loan,FNMA,Borrower 30,"2103 Main St, Unit 33",Residential Property (1-4 Units),CR1,GA,West,4,LOSS,Joseph White,2022-11-12,2052-11-04,2026-04-20,3262,30-Day Delinquent,30,775741,0,1483382,1644047,2022-10-28,733,47.18,2025-11-24,2060,622,DDA-43359,16033,2026-02-20,2026-03-19
East West Bank,EWB-1000031,Foreign National,GNMA,Borrower 31,"8542 Main St, Unit 2",Commercial & Multi-Family (5+ Units),CE1,IL,South,2,LOSS,Jessica Taylor,2023-09-03,2053-08-26,2026-04-20,3944,90-Day Delinquent,90,1045482,1499,1146107,1396946,2023-08-19,791,74.84,2025-12-05,3551,587,DDA-96152,12265,2026-03-15,2026-03-16
East West Bank,EWB-1000032,Conventional,GNMA,Borrower 32,"4353 Main St, Unit 50",Commercial & Multi-Family (5+ Units),HE1,MA,East,1,SII,Jessica Taylor,2023-07-26,2053-07-18,2026-04-20,3194,Current,0,351378,0,501279,531375,2023-07-11,655,66.13,2025-11-23,2299,468,DDA-56971,19246,2026-03-01,2026-03-17
East West Bank,EWB-1000033,Specialty,GNMA,Borrower 33,"596 Main St, Unit 28",Commercial & Multi-Family (5+ Units),HE1,NJ,West,4,FC,Jessica Taylor,2023-11-12,2053-11-04,2026-04-20,3029,Current,0,423260,0,639570,687324,2023-10-28,740,61.58,2025-12-09,1610,953,DDA-94441,48537,2026-03-01,2026-03-19
East West Bank,EWB-1000034,Construction,FNMA,Borrower 34,"3448 Main St, Unit 32",Residential Property (1-4 Units),HE1,NY,East,1,LOSS,Barbara Taylor,2023-10-24,2053-10-16,2026-04-20,4716,Current,0,964700,0,1471685,1580731,2023-10-09,666,61.03,2025-12-12,1108,864,DDA-51020,27920,2026-02-28,2026-03-21
East West Bank,EWB-1000035,Equity,FNMA,Borrower 35,"9207 Main St, Unit 22",Commercial & Multi-Family (5+ Units),LC1,TX,South,1,PIF,Jessica Taylor,2023-05-09,2053-05-01,2026-04-20,3563,90-Day Delinquent,90,259733,4821,351664,318695,2023-04-24,746,81.5,2025-11-21,2482,411,DDA-17234,26503,2026-03-16,2026-03-17
East West Bank,EWB-1000036,Equity,EWB-INT,Borrower 36,"989 Main St, Unit 41",Residential Property (1-4 Units),HE1,TX,East,1,BK,Linda Garcia,2023-02-23,2053-02-15,2026-04-20,1035,Current,0,153385,0,289182,272489,2023-02-08,637,56.29,2025-12-31,1804,698,DDA-54914,36223,2026-02-28,2026-03-17
East West Bank,EWB-1000037,Foreign National,FHLMC,Borrower 37,"2090 Main St, Unit 8",Commercial & Multi-Family (5+ Units),CE1,CA,East,3,PIF,Susan Martinez,2023-12-13,2053-12-05,2026-04-20,1708,30-Day Delinquent,30,294041,0,334064,372183,2023-11-28,580,79.0,2025-12-05,3925,558,DDA-80515,35820,2026-03-13,2026-03-16
East West Bank,EWB-1000038,Conventional,FHLMC,Borrower 38,"2244 Main St, Unit 49",Commercial & Multi-Family (5+ Units),CE1,GA,South,3,REO,Richard Davis,2022-12-05,2052-11-27,2026-04-20,3720,30-Day Delinquent,30,474780,0,773094,889482,2022-11-20,770,53.38,2025-12-03,2235,794,DDA-14440,7842,2026-02-28,2026-03-19
East West Bank,EWB-1000039,Specialty,PRIV,Borrower 39,"8528 Main St, Unit 9",Residential Property (1-4 Units),SP1,WA,South,1,REO,Linda Garcia,2023-01-24,2053-01-16,2026-04-20,1885,60-Day Delinquent,60,670249,0,765270,833700,2023-01-09,753,80.39,2025-12-02,3559,243,DDA-10661,46718,2026-03-11,2026-03-17
East West Bank,EWB-1000040,Conventional,EWB-INT,Borrower 40,"3319 Main St, Unit 29",Residential Property (1-4 Units),CE1,MA,East,3,FC,Jessica Taylor,2023-04-26,2053-04-18,2026-04-20,4334,Current,0,770254,0,1067710,1153346,2023-04-11,694,66.78,2025-11-28,3661,284,DDA-13993,22211,2026-03-05,2026-03-16
East West Bank,EWB-1000041,Conventional,PRIV,Borrower 41,"7368 Main St, Unit 11",Commercial & Multi-Family (5+ Units),LC1,FL,West,3,TRNS,Christopher Thomas,2022-02-05,2052-01-29,2026-04-20,2763,Current,0,159482,0,272409,250807,2022-01-21,819,63.59,2025-11-26,2008,793,DDA-78641,6469,2026-02-20,2026-03-17
East West Bank,EWB-1000042,ARM,FNMA,Borrower 42,"2612 Main St, Unit 3",Commercial & Multi-Family (5+ Units),SP1,FL,East,2,FC,Thomas Thompson,2022-11-07,2052-10-30,2026-04-20,3818,Current,0,374463,0,403618,374055,2022-10-23,689,100.11,2025-12-21,1678,914,DDA-53036,1449,2026-03-16,2026-03-20
East West Bank,EWB-1000043,ARM,FHLMC,Borrower 43,"6413 Main St, Unit 39",Commercial & Multi-Family (5+ Units),LC1,MA,North,2,DIS,Lisa Williams,2023-09-30,2053-09-22,2026-04-20,1976,Current,0,493634,0,922838,873931,2023-09-15,704,56.48,2025-11-21,4101,335,DDA-51312,14870,2026-03-14,2026-03-16
East West Bank,EWB-1000044,Conventional,PRIV,Borrower 44,"1486 Main St, Unit 37",Commercial & Multi-Family (5+ Units),HE1,CA,West,4,BK,Margaret Harris,2022-02-02,2052-01-26,2026-04-20,3269,Current,0,1299741,0,1383916,1705511,2022-01-18,611,76.21,2025-12-11,3543,854,DDA-90248,46833,2026-02-22,2026-03-17
East West Bank,EWB-1000045,Lot Loan,GNMA,Borrower 45,"2108 Main St, Unit 17",Commercial & Multi-Family (5+ Units),CE1,NJ,West,2,LEG,Nancy Jackson,2022-02-08,2052-02-01,2026-04-20,4968,Current,0,450694,0,885716,1065705,2022-01-24,711,42.29,2025-12-13,2117,452,DDA-71198,1780,2026-02-19,2026-03-19
East West Bank,EWB-1000046,Specialty,EWB-INT,Borrower 46,"4138 Main St, Unit 45",Commercial & Multi-Family (5+ Units),SP1,CA,South,3,REO,Sarah Jenkins,2023-11-06,2053-10-29,2026-04-20,2689,Current,0,759723,0,1123548,1360668,2023-10-22,769,55.83,2025-11-04,1165,849,DDA-15606,42261,2026-03-15,2026-03-21
East West Bank,EWB-1000047,Specialty,FNMA,Borrower 47,"3584 Main St, Unit 28",Commercial & Multi-Family (5+ Units),CS1,MA,East,3,LOSS,Robert Brown,2024-01-01,2053-12-24,2026-04-20,2033,Current,0,1005700,0,1363475,1491391,2023-12-17,728,67.43,2025-11-11,1870,209,DDA-35352,33069,2026-02-22,2026-03-16
East West Bank,EWB-1000048,Equity,GNMA,Borrower 48,"2203 Main St, Unit 2",Residential Property (1-4 Units),CS1,WA,South,4,M,Jessica Taylor,2022-09-10,2052-09-02,2026-04-20,3407,90-Day Delinquent,120,669335,207,1149238,1326978,2022-08-26,679,50.44,2025-12-25,4348,70,DDA-80340,40832,2026-02-27,2026-03-17
East West Bank,EWB-1000049,Conventional,PRIV,Borrower 49,"7111 Main St, Unit 38",Residential Property (1-4 Units),CE1,NJ,West,1,SII,Robert Brown,2022-03-02,2052-02-23,2026-04-20,3167,Current,0,272410,0,529989,566762,2022-02-15,702,48.06,2025-12-23,2792,471,DDA-64431,38886,2026-03-07,2026-03-17
East West Bank,EWB-1000050,Specialty,GNMA,Borrower 50,"1316 Main St, Unit 43",Commercial & Multi-Family (5+ Units),CS1,GA,East,3,LOSS,Emily Watson,2023-01-17,2053-01-09,2026-04-20,2485,90-Day Delinquent,90,193939,3032,214044,246869,2023-01-02,686,78.56,2025-12-24,3901,664,DDA-50023,14593,2026-03-09,2026-03-18
East West Bank,EWB-1000051,Construction,EWB-INT,Borrower 51,"5709 Main St, Unit 28",Residential Property (1-4 Units),CR1,WA,West,3,TRNS,Patricia Hernandez,2022-04-26,2052-04-18,2026-04-20,2591,Current,0,187949,0,259556,314591,2022-04-11,779,59.74,2025-11-17,1858,137,DDA-42740,20125,2026-03-03,2026-03-20
East West Bank,EWB-1000052,ARM,FHLMC,Borrower 52,"3692 Main St, Unit 42",Residential Property (1-4 Units),CS1,VA,West,2,BK,Thomas Thompson,2023-06-19,2053-06-11,2026-04-20,1176,90-Day Delinquent,90,821763,2207,917595,1146562,2023-06-04,741,71.67,2025-12-15,1178,694,DDA-29596,2552,2026-02-19,2026-03-16
East West Bank,EWB-1000053,ARM,FNMA,Borrower 53,"2265 Main St, Unit 1",Residential Property (1-4 Units),HE1,GA,North,1,M,Patricia Hernandez,2022-10-05,2052-09-27,2026-04-20,1957,Current,0,1177595,0,1351482,1271114,2022-09-20,695,92.64,2025-11-20,2726,65,DDA-26125,23968,2026-03-06,2026-03-17
East West Bank,EWB-1000054,Foreign National,FNMA,Borrower 54,"7822 Main St, Unit 3",Commercial & Multi-Family (5+ Units),CE1,NY,West,3,M,Jessica Taylor,2023-06-01,2053-05-24,2026-04-20,1914,Current,0,137602,0,225766,219272,2023-05-17,714,62.75,2025-11-16,1254,281,DDA-84120,5360,2026-03-15,2026-03-20
East West Bank,EWB-1000055,Construction,GNMA,Borrower 55,"5322 Main St, Unit 48",Residential Property (1-4 Units),LC1,VA,East,1,LEG,David Rodriguez,2022-08-22,2052-08-14,2026-04-20,1065,90-Day Delinquent,90,581869,3220,718550,928782,2022-08-07,806,62.65,2025-11-18,3162,898,DDA-86865,46059,2026-03-11,2026-03-17
East West Bank,EWB-1000056,Lot Loan,FHLMC,Borrower 56,"9384 Main St, Unit 43",Commercial & Multi-Family (5+ Units),CS1,TX,North,3,LEG,Christopher Thomas,2022-02-04,2052-01-28,2026-04-20,3218,90-Day Delinquent,90,729305,1226,835440,907356,2022-01-20,640,80.38,2025-11-23,1310,753,DDA-92954,48741,2026-02-21,2026-03-20
East West Bank,EWB-1000057,Foreign National,FNMA,Borrower 57,"4234 Main St, Unit 47",Commercial & Multi-Family (5+ Units),LC1,NJ,West,4,FC,Sarah Jenkins,2022-01-24,2052-01-17,2026-04-20,1989,Current,0,261688,0,287848,280683,2022-01-09,756,93.23,2025-11-25,4278,303,DDA-57646,8099,2026-03-20,2026-03-21
East West Bank,EWB-1000058,Conventional,PRIV,Borrower 58,"9279 Main St, Unit 2",Residential Property (1-4 Units),LC1,VA,South,2,FC,Sarah Jenkins,2023-04-16,2053-04-08,2026-04-20,1326,60-Day Delinquent,60,501129,0,552690,502447,2023-04-01,806,99.74,2025-12-22,4682,206,DDA-44297,6176,2026-03-10,2026-03-20
East West Bank,EWB-1000059,Equity,FHLMC,Borrower 59,"8508 Main St, Unit 7",Commercial & Multi-Family (5+ Units),HE1,GA,West,4,SII,Richard Davis,2022-02-06,2052-01-30,2026-04-20,2340,Current,0,107706,0,171959,214249,2022-01-22,805,50.27,2025-12-02,3926,714,DDA-49050,10945,2026-02-20,2026-03-19
East West Bank,EWB-1000060,Specialty,FHLMC,Borrower 60,"2670 Main St, Unit 36",Residential Property (1-4 Units),HE1,NJ,West,3,DIS,Emily Watson,2022-11-08,2052-10-31,2026-04-20,1345,Current,0,299599,0,378576,438290,2022-10-24,625,68.36,2025-11-25,4418,476,DDA-52933,38204,2026-03-13,2026-03-16
East West Bank,EWB-1000061,Equity,FNMA,Borrower 61,"2653 Main St, Unit 17",Commercial & Multi-Family (5+ Units),CS1,TX,North,3,M,John Smith,2022-07-16,2052-07-08,2026-04-20,3611,Current,0,545225,0,1064091,1363029,2022-07-01,742,40.0,2025-12-16,1521,362,DDA-53901,18140,2026-02-23,2026-03-17
East West Bank,EWB-1000062,Conventional,EWB-INT,Borrower 62,"4868 Main St, Unit 23",Residential Property (1-4 Units),HE1,MA,North,4,BK,Linda Garcia,2023-03-30,2053-03-22,2026-04-20,2761,Current,0,135157,0,211087,268459,2023-03-15,710,50.35,2025-11-05,2981,753,DDA-84177,45888,2026-03-03,2026-03-19
East West Bank,EWB-1000063,ARM,EWB-INT,Borrower 63,"2688 Main St, Unit 13",Commercial & Multi-Family (5+ Units),CE1,GA,East,2,PIF,Daniel Martin,2023-05-25,2053-05-17,2026-04-20,4140,Current,0,138091,0,268451,245501,2023-05-10,766,56.25,2025-11-16,2430,254,DDA-77757,12312,2026-03-05,2026-03-18
East West Bank,EWB-1000064,Equity,GNMA,Borrower 64,"641 Main St, Unit 15",Residential Property (1-4 Units),HE1,MA,North,3,PIF,Thomas Thompson,2022-11-10,2052-11-02,2026-04-20,2906,Current,0,410273,0,589792,707266,2022-10-26,726,58.01,2025-12-24,2559,671,DDA-58233,11378,2026-03-02,2026-03-16
East West Bank,EWB-1000065,Conventional,FHLMC,Borrower 65,"8705 Main St, Unit 48",Commercial & Multi-Family (5+ Units),CR1,IL,West,2,TRNS,Thomas Thompson,2022-05-06,2052-04-28,2026-04-20,4493,Current,0,1219123,0,1412859,1350562,2022-04-21,618,90.27,2025-11-25,1334,339,DDA-38585,17344,2026-02-28,2026-03-19
East West Bank,EWB-1000066,ARM,FHLMC,Borrower 66,"7105 Main St, Unit 15",Residential Property (1-4 Units),CS1,NJ,South,2,LEG,Lisa Williams,2023-05-20,2053-05-12,2026-04-20,1941,Current,0,672227,0,915313,1131429,2023-05-05,714,59.41,2025-12-08,2403,195,DDA-50129,24002,2026-03-15,2026-03-21
East West Bank,EWB-1000067,Specialty,GNMA,Borrower 67,"8445 Main St, Unit 41",Residential Property (1-4 Units),CR1,IL,West,2,SII,Sandra Garcia,2022-11-27,2052-11-19,2026-04-20,4951,30-Day Delinquent,30,542190,0,741460,851230,2022-11-12,806,63.69,2025-12-15,2245,63,DDA-17422,4346,2026-03-13,2026-03-20
East West Bank,EWB-1000068,Lot Loan,EWB-INT,Borrower 68,"7830 Main St, Unit 29",Residential Property (1-4 Units),CE1,VA,South,2,REO,John Smith,2023-08-26,2053-08-18,2026-04-20,4347,Current,0,790177,0,1291840,1544751,2023-08-11,775,51.15,2025-11-15,4828,253,DDA-65000,29632,2026-03-04,2026-03-17
East West Bank,EWB-1000069,Construction,GNMA,Borrower 69,"2418 Main St, Unit 39",Commercial & Multi-Family (5+ Units),LC1,FL,West,4,LEG,Karen Anderson,2022-06-07,2052-05-30,2026-04-20,4099,Current,0,208092,0,375281,362889,2022-05-23,728,57.34,2025-11-14,4865,831,DDA-87173,29736,2026-02-20,2026-03-18
East West Bank,EWB-1000070,Lot Loan,FHLMC,Borrower 70,"6658 Main St, Unit 42",Commercial & Multi-Family (5+ Units),CR1,IL,South,3,M,Lisa Williams,2022-06-06,2052-05-29,2026-04-20,2861,Current,0,942581,0,1048613,945050,2022-05-22,624,99.74,2025-12-09,1921,957,DDA-66544,544,2026-03-02,2026-03-17
East West Bank,EWB-1000071,Conventional,EWB-INT,Borrower 71,"532 Main St, Unit 29",Residential Property (1-4 Units),LC1,NY,South,1,LEG,Margaret Harris,2023-08-12,2053-08-04,2026-04-20,3865,Current,0,302461,0,419536,400692,2023-07-28,725,75.48,2025-11-17,4049,65,DDA-54896,34917,2026-02-20,2026-03-19
East West Bank,EWB-1000072,Lot Loan,PRIV,Borrower 72,"6273 Main St, Unit 18",Commercial & Multi-Family (5+ Units),HE1,GA,South,2,LEG,Charles Wilson,2022-08-29,2052-08-21,2026-04-20,1700,30-Day Delinquent,30,252733,0,327789,308710,2022-08-14,707,81.87,2025-12-24,2182,469,DDA-96172,39690,2026-03-06,2026-03-17
East West Bank,EWB-1000073,Specialty,PRIV,Borrower 73,"1207 Main St, Unit 48",Residential Property (1-4 Units),HE1,FL,South,4,REO,Thomas Thompson,2022-05-27,2052-05-19,2026-04-20,1818,Current,0,593219,0,987291,1156260,2022-05-12,730,51.3,2025-11-20,4916,865,DDA-16296,4768,2026-03-01,2026-03-18
East West Bank,EWB-1000074,Equity,FHLMC,Borrower 74,"6456 Main St, Unit 12",Commercial & Multi-Family (5+ Units),CE1,WA,North,2,TRNS,James Miller,2023-04-23,2053-04-15,2026-04-20,4583,Current,0,773009,0,831669,804117,2023-04-08,621,96.13,2025-12-01,1675,300,DDA-15024,37745,2026-03-08,2026-03-16
East West Bank,EWB-1000075,Specialty,FNMA,Borrower 75,"3716 Main St, Unit 7",Residential Property (1-4 Units),CR1,GA,West,2,TRNS,Emily Watson,2023-10-05,2053-09-27,2026-04-20,3719,Current,0,685624,0,1269043,1263728,2023-09-20,597,54.25,2025-11-02,1341,821,DDA-53882,31360,2026-03-01,2026-03-18
East West Bank,EWB-1000076,ARM,FHLMC,Borrower 76,"4253 Main St, Unit 17",Residential Property (1-4 Units),CS1,VA,West,3,DIS,Karen Anderson,2023-01-22,2053-01-14,2026-04-20,2260,Current,0,141980,0,259751,244998,2023-01-07,692,57.95,2025-12-14,1961,811,DDA-20545,25692,2026-02-23,2026-03-19
East West Bank,EWB-1000077,Lot Loan,GNMA,Borrower 77,"6350 Main St, Unit 24",Commercial & Multi-Family (5+ Units),SP1,TX,East,4,DIS,Charles Wilson,2023-11-26,2053-11-18,2026-04-20,3421,Current,0,878735,0,961774,1234664,2023-11-11,694,71.17,2025-11-13,4411,251,DDA-96392,22211,2026-02-20,2026-03-19
East West Bank,EWB-1000078,Construction,PRIV,Borrower 78,"7318 Main St, Unit 42",Residential Property (1-4 Units),SP1,IL,South,2,REO,Daniel Martin,2023-01-27,2053-01-19,2026-04-20,1441,60-Day Delinquent,60,443853,0,518452,533743,2023-01-12,637,83.16,2025-12-13,2014,565,DDA-58022,42196,2026-02-28,2026-03-18
East West Bank,EWB-1000079,Equity,PRIV,Borrower 79,"5145 Main St, Unit 23",Residential Property (1-4 Units),SP1,IL,North,2,M,Sandra Garcia,2022-06-01,2052-05-24,2026-04-20,1130,30-Day Delinquent,30,980066,0,1133237,1163531,2022-05-17,621,84.23,2025-12-15,1556,480,DDA-82583,45613,2026-02-19,2026-03-19
East West Bank,EWB-1000080,Conventional,FHLMC,Borrower 80,"4611 Main St, Unit 49",Commercial & Multi-Family (5+ Units),CE1,FL,West,3,PIF,Joseph White,2022-06-27,2052-06-19,2026-04-20,3919,Current,0,140326,0,260078,321470,2022-06-12,653,43.65,2025-12-12,2221,616,DDA-82618,36341,2026-03-14,2026-03-18
East West Bank,EWB-1000081,Specialty,EWB-INT,Borrower 81,"7395 Main St, Unit 39",Commercial & Multi-Family (5+ Units),SP1,MA,North,4,TRNS,Richard Davis,2022-07-22,2052-07-14,2026-04-20,2497,Current,0,139336,0,201663,184285,2022-07-07,747,75.61,2025-11-11,1354,294,DDA-41216,40313,2026-03-18,2026-03-18
East West Bank,EWB-1000082,ARM,PRIV,Borrower 82,"6260 Main St, Unit 50",Commercial & Multi-Family (5+ Units),CR1,NJ,West,1,TRNS,Sarah Jenkins,2023-06-14,2053-06-06,2026-04-20,3950,Current,0,296717,0,461955,451689,2023-05-30,777,65.69,2025-12-13,1161,428,DDA-70692,10556,2026-03-20,2026-03-19
East West Bank,EWB-1000083,Foreign National,EWB-INT,Borrower 83,"7787 Main St, Unit 28",Residential Property (1-4 Units),LC1,NJ,South,3,LOSS,James Miller,2022-07-07,2052-06-29,2026-04-20,1048,Current,0,141166,0,262547,292243,2022-06-22,643,48.3,2025-12-14,2635,540,DDA-77021,43156,2026-02-25,2026-03-17
East West Bank,EWB-1000084,Foreign National,FNMA,Borrower 84,"3076 Main St, Unit 26",Commercial & Multi-Family (5+ Units),CR1,NY,South,1,LEG,Emily Watson,2023-11-10,2053-11-02,2026-04-20,2682,Current,0,261422,0,292483,327909,2023-10-26,670,79.72,2025-11-08,4923,465,DDA-36641,12948,2026-03-12,2026-03-21
East West Bank,EWB-1000085,Conventional,EWB-INT,Borrower 85,"6357 Main St, Unit 27",Commercial & Multi-Family (5+ Units),HE1,NY,East,4,SII,Michael Chen,2022-02-12,2052-02-05,2026-04-20,2860,30-Day Delinquent,30,314926,0,364835,461511,2022-01-28,711,68.24,2025-12-12,3673,904,DDA-27809,3655,2026-02-20,2026-03-21
East West Bank,EWB-1000086,Specialty,PRIV,Borrower 86,"794 Main St, Unit 24",Residential Property (1-4 Units),CE1,WA,South,3,M,Barbara Taylor,2023-09-14,2053-09-06,2026-04-20,1751,90-Day Delinquent,120,563993,3744,627095,652194,2023-08-30,706,86.48,2025-11-19,1081,101,DDA-23898,14901,2026-03-14,2026-03-17
East West Bank,EWB-1000087,Equity,FHLMC,Borrower 87,"2790 Main St, Unit 37",Residential Property (1-4 Units),LC1,TX,West,1,PIF,Jessica Taylor,2023-05-05,2053-04-27,2026-04-20,1289,Current,0,814589,0,1037121,1006256,2023-04-20,601,80.95,2025-11-11,1512,419,DDA-40441,26787,2026-03-19,2026-03-16
East West Bank,EWB-1000088,Lot Loan,GNMA,Borrower 88,"590 Main St, Unit 17",Commercial & Multi-Family (5+ Units),LC1,NY,East,2,FC,Sandra Garcia,2023-05-18,2053-05-10,2026-04-20,3381,60-Day Delinquent,60,1068518,0,1206731,1160816,2023-05-03,640,92.05,2025-12-12,3477,586,DDA-82563,48961,2026-03-01,2026-03-18
East West Bank,EWB-1000089,Construction,GNMA,Borrower 89,"4662 Main St, Unit 36",Residential Property (1-4 Units),CS1,IL,South,1,TRNS,Thomas Thompson,2023-01-15,2053-01-07,2026-04-20,4249,30-Day Delinquent,30,289858,0,524705,562395,2022-12-31,812,51.54,2025-12-12,2306,856,DDA-47933,46126,2026-03-07,2026-03-20
East West Bank,EWB-1000090,ARM,GNMA,Borrower 90,"3587 Main St, Unit 22",Commercial & Multi-Family (5+ Units),SP1,TX,South,4,LEG,Susan Martinez,2023-05-10,2053-05-02,2026-04-20,1354,90-Day Delinquent,90,522432,4232,704594,814977,2023-04-25,756,64.1,2025-12-11,4832,176,DDA-38393,26694,2026-03-16,2026-03-16
East West Bank,EWB-1000091,Equity,FHLMC,Borrower 91,"7343 Main St, Unit 12",Residential Property (1-4 Units),CE1,GA,East,2,REO,Daniel Martin,2023-08-20,2053-08-12,2026-04-20,1841,Current,0,458832,0,795263,1028013,2023-08-05,594,44.63,2025-12-27,4422,818,DDA-24056,29539,2026-02-27,2026-03-18
East West Bank,EWB-1000092,Lot Loan,EWB-INT,Borrower 92,"3763 Main St, Unit 11",Commercial & Multi-Family (5+ Units),CS1,IL,East,4,TRNS,David Rodriguez,2022-02-04,2052-01-28,2026-04-20,3059,60-Day Delinquent,60,132284,0,257512,263220,2022-01-20,594,50.26,2025-12-25,4569,325,DDA-59214,35849,2026-03-15,2026-03-21
East West Bank,EWB-1000093,ARM,PRIV,Borrower 93,"9807 Main St, Unit 5",Residential Property (1-4 Units),CE1,NJ,South,1,PIF,Daniel Martin,2022-07-02,2052-06-24,2026-04-20,1478,Current,0,484622,0,523616,646285,2022-06-17,728,74.99,2026-01-01,3607,517,DDA-18024,49916,2026-02-27,2026-03-19
East West Bank,EWB-1000094,Conventional,PRIV,Borrower 94,"6023 Main St, Unit 10",Commercial & Multi-Family (5+ Units),LC1,NJ,North,2,M,Michael Chen,2023-10-22,2053-10-14,2026-04-20,3290,Current,0,357380,0,525037,639320,2023-10-07,787,55.9,2025-12-31,3375,237,DDA-79053,30664,2026-03-08,2026-03-19
East West Bank,EWB-1000095,Foreign National,GNMA,Borrower 95,"989 Main St, Unit 38",Commercial & Multi-Family (5+ Units),LC1,TX,East,1,SII,Christopher Thomas,2022-07-22,2052-07-14,2026-04-20,3498,90-Day Delinquent,90,138740,2856,267796,294650,2022-07-07,687,47.09,2025-12-09,4216,976,DDA-89465,9160,2026-03-20,2026-03-16
East West Bank,EWB-1000096,ARM,GNMA,Borrower 96,"5350 Main St, Unit 12",Commercial & Multi-Family (5+ Units),CE1,NJ,West,1,TRNS,Christopher Thomas,2023-04-18,2053-04-10,2026-04-20,1221,90-Day Delinquent,90,724045,4462,1140198,1299079,2023-04-03,716,55.74,2025-12-15,2567,53,DDA-52016,47056,2026-02-24,2026-03-21
East West Bank,EWB-1000097,ARM,GNMA,Borrower 97,"4940 Main St, Unit 21",Commercial & Multi-Family (5+ Units),CS1,VA,North,2,LEG,Lisa Williams,2022-04-03,2052-03-26,2026-04-20,3071,Current,0,346465,0,530002,614715,2022-03-19,629,56.36,2025-12-04,4336,186,DDA-49265,47034,2026-02-26,2026-03-18
East West Bank,EWB-1000098,Specialty,FHLMC,Borrower 98,"4998 Main St, Unit 21",Commercial & Multi-Family (5+ Units),CE1,WA,South,3,DIS,Robert Brown,2023-01-31,2053-01-23,2026-04-20,2511,30-Day Delinquent,30,634308,0,740978,853640,2023-01-16,783,74.31,2025-12-10,3589,70,DDA-41006,41297,2026-03-18,2026-03-21
East West Bank,EWB-1000099,Specialty,GNMA,Borrower 99,"4813 Main St, Unit 38",Residential Property (1-4 Units),HE1,IL,North,3,LEG,Lisa Williams,2022-10-23,2052-10-15,2026-04-20,1033,90-Day Delinquent,90,738878,4666,1057317,1344501,2022-10-08,588,54.96,2025-12-31,1838,613,DDA-59103,31138,2026-03-12,2026-03-19
East West Bank,EWB-1000100,Equity,EWB-INT,Borrower 100,"7755 Main St, Unit 8",Commercial & Multi-Family (5+ Units),LC1,IL,South,1,PIF,Joseph White,2023-02-28,2053-02-20,2026-04-20,3490,60-Day Delinquent,60,463025,0,818234,828111,2023-02-13,690,55.91,2025-12-01,4942,236,DDA-16988,29679,2026-02-24,2026-03-20
East West Bank,EWB-1000101,Construction,PRIV,Borrower 101,"6299 Main St, Unit 18",Commercial & Multi-Family (5+ Units),CE1,VA,North,1,REO,Daniel Martin,2023-09-09,2053-09-01,2026-04-20,3074,90-Day Delinquent,120,848520,1824,941971,1152538,2023-08-25,798,73.62,2025-12-20,1629,825,DDA-94899,42187,2026-02-21,2026-03-20
East West Bank,EWB-1000102,Foreign National,FHLMC,Borrower 102,"2020 Main St, Unit 8",Commercial & Multi-Family (5+ Units),CR1,NJ,West,3,SII,Christopher Thomas,2023-01-14,2053-01-06,2026-04-20,1756,90-Day Delinquent,90,432509,4653,666349,686422,2022-12-30,677,63.01,2025-12-08,3282,182,DDA-25669,6724,2026-03-02,2026-03-21
East West Bank,EWB-1000103,Construction,EWB-INT,Borrower 103,"3612 Main St, Unit 8",Residential Property (1-4 Units),HE1,NJ,South,2,TRNS,John Smith,2023-09-29,2053-09-21,2026-04-20,2998,Current,0,824592,0,974792,1114586,2023-09-14,611,73.98,2025-11-26,4273,829,DDA-60174,27372,2026-03-13,2026-03-19
East West Bank,EWB-1000104,Equity,GNMA,Borrower 104,"7511 Main St, Unit 27",Commercial & Multi-Family (5+ Units),HE1,FL,North,3,LOSS,Barbara Taylor,2022-11-19,2052-11-11,2026-04-20,2453,30-Day Delinquent,30,758186,0,917836,871284,2022-11-04,689,87.02,2025-12-02,1423,994,DDA-31898,17904,2026-03-20,2026-03-16
East West Bank,EWB-1000105,Equity,FNMA,Borrower 105,"9165 Main St, Unit 11",Commercial & Multi-Family (5+ Units),HE1,NJ,East,3,PIF,Robert Brown,2023-01-01,2052-12-24,2026-04-20,1244,Current,0,571277,0,957789,1223093,2022-12-17,817,46.71,2025-11-18,2935,148,DDA-25130,9772,2026-02-28,2026-03-20
East West Bank,EWB-1000106,Conventional,FHLMC,Borrower 106,"7265 Main St, Unit 6",Residential Property (1-4 Units),HE1,VA,North,3,M,Margaret Harris,2023-07-03,2053-06-25,2026-04-20,1986,Current,0,136447,0,152869,169312,2023-06-18,637,80.59,2025-11-21,3913,211,DDA-34533,47077,2026-03-13,2026-03-19
East West Bank,EWB-1000107,Lot Loan,PRIV,Borrower 107,"5827 Main St, Unit 17",Commercial & Multi-Family (5+ Units),SP1,CA,South,1,LEG,Emily Watson,2022-05-14,2052-05-06,2026-04-20,3571,Current,0,597972,0,786584,975104,2022-04-29,687,61.32,2025-12-30,2795,564,DDA-11364,31825,2026-02-27,2026-03-21
East West Bank,EWB-1000108,Foreign National,GNMA,Borrower 108,"1066 Main St, Unit 50",Commercial & Multi-Family (5+ Units),SP1,CA,West,4,BK,David Rodriguez,2022-10-31,2052-10-23,2026-04-20,3050,Current,0,163978,0,188467,222791,2022-10-16,797,73.6,2025-12-09,2940,992,DDA-45480,26782,2026-03-12,2026-03-19
East West Bank,EWB-1000109,Equity,FNMA,Borrower 109,"4443 Main St, Unit 29",Commercial & Multi-Family (5+ Units),LC1,CA,South,1,REO,Susan Martinez,2022-01-11,2052-01-04,2026-04-20,3966,Current,0,886476,0,1027844,1244173,2021-12-27,685,71.25,2025-11-17,2982,639,DDA-76734,3173,2026-03-02,2026-03-16
East West Bank,EWB-1000110,Construction,GNMA,Borrower 110,"6477 Main St, Unit 25",Commercial & Multi-Family (5+ Units),CS1,CA,North,2,DIS,Charles Wilson,2022-08-12,2052-08-04,2026-04-20,2596,Current,0,869255,0,1257447,1441456,2022-07-28,606,60.3,2025-12-09,4678,91,DDA-71572,8177,2026-03-16,2026-03-18
East West Bank,EWB-1000111,Foreign National,EWB-INT,Borrower 111,"6598 Main St, Unit 3",Residential Property (1-4 Units),LC1,VA,South,2,M,Donald Martinez,2023-02-11,2053-02-03,2026-04-20,1401,30-Day Delinquent,30,532700,0,589430,623551,2023-01-27,667,85.43,2025-11-24,4718,57,DDA-31853,14688,2026-02-25,2026-03-19
East West Bank,EWB-1000112,Specialty,GNMA,Borrower 112,"5978 Main St, Unit 27",Commercial & Multi-Family (5+ Units),LC1,MA,South,3,FC,Patricia Hernandez,2022-12-22,2052-12-14,2026-04-20,1568,30-Day Delinquent,30,251632,0,406687,447439,2022-12-07,633,56.24,2025-11-27,1768,563,DDA-62270,37387,2026-02-19,2026-03-16
East West Bank,EWB-1000113,ARM,FNMA,Borrower 113,"2812 Main St, Unit 49",Commercial & Multi-Family (5+ Units),SP1,NJ,South,2,BK,Sarah Jenkins,2023-06-03,2053-05-26,2026-04-20,1657,Current,0,269616,0,321890,373690,2023-05-19,757,72.15,2025-11-27,2889,849,DDA-42684,27000,2026-03-12,2026-03-18
East West Bank,EWB-1000114,Equity,PRIV,Borrower 114,"4451 Main St, Unit 41",Commercial & Multi-Family (5+ Units),CE1,NY,North,4,LOSS,Nancy Jackson,2023-05-14,2053-05-06,2026-04-20,2646,30-Day Delinquent,30,163398,0,266381,317858,2023-04-29,738,51.41,2025-11-21,1156,264,DDA-35978,30724,2026-02-23,2026-03-19
East West Bank,EWB-1000115,Conventional,PRIV,Borrower 115,"6894 Main St, Unit 6",Commercial & Multi-Family (5+ Units),SP1,GA,East,1,BK,Matthew Moore,2022-11-03,2052-10-26,2026-04-20,1966,90-Day Delinquent,120,166377,2102,284508,304997,2022-10-19,805,54.55,2025-12-02,2331,84,DDA-13077,34112,2026-03-02,2026-03-18
East West Bank,EWB-1000116,Conventional,GNMA,Borrower 116,"4768 Main St, Unit 16",Residential Property (1-4 Units),CS1,CA,South,3,PIF,Michael Chen,2023-11-18,2053-11-10,2026-04-20,4386,Current,0,928992,0,1349386,1335208,2023-11-03,767,69.58,2025-12-25,1424,271,DDA-20447,8751,2026-02-28,2026-03-20
East West Bank,EWB-1000117,Foreign National,FNMA,Borrower 117,"1080 Main St, Unit 35",Commercial & Multi-Family (5+ Units),CR1,VA,East,2,LOSS,Jessica Taylor,2022-10-01,2052-09-23,2026-04-20,2314,Current,0,799247,0,990477,1206699,2022-09-16,661,66.23,2025-11-13,2985,542,DDA-13885,25595,2026-03-01,2026-03-19
East West Bank,EWB-1000118,Equity,FNMA,Borrower 118,"6588 Main St, Unit 33",Residential Property (1-4 Units),CE1,NJ,East,2,LEG,Margaret Harris,2022-08-09,2052-08-01,2026-04-20,4376,30-Day Delinquent,30,935920,0,1029611,1319935,2022-07-25,693,70.91,2025-11-30,3803,962,DDA-64007,10833,2026-03-01,2026-03-20
East West Bank,EWB-1000119,Equity,EWB-INT,Borrower 119,"816 Main St, Unit 47",Residential Property (1-4 Units),SP1,NJ,West,2,LEG,James Miller,2022-04-18,2052-04-10,2026-04-20,3384,30-Day Delinquent,30,177256,0,195714,229194,2022-04-03,651,77.34,2025-11-03,3450,554,DDA-92150,45109,2026-03-02,2026-03-21
East West Bank,EWB-1000120,Conventional,FHLMC,Borrower 120,"6889 Main St, Unit 16",Residential Property (1-4 Units),CS1,CA,South,4,M,Robert Brown,2022-05-04,2052-04-26,2026-04-20,1808,Current,0,504147,0,780271,764544,2022-04-19,776,65.94,2025-12-31,4395,482,DDA-68142,4407,2026-02-23,2026-03-18
East West Bank,EWB-1000121,Conventional,GNMA,Borrower 121,"9752 Main St, Unit 35",Commercial & Multi-Family (5+ Units),HE1,WA,South,3,PIF,Richard Davis,2023-04-12,2053-04-04,2026-04-20,1522,Current,0,189508,0,274123,311441,2023-03-28,611,60.85,2025-11-29,1691,650,DDA-44806,33931,2026-03-14,2026-03-18
East West Bank,EWB-1000122,ARM,FNMA,Borrower 122,"5657 Main St, Unit 41",Commercial & Multi-Family (5+ Units),CS1,VA,North,4,REO,Donald Martinez,2022-07-28,2052-07-20,2026-04-20,4047,Current,0,741475,0,1281565,1603030,2022-07-13,602,46.25,2025-11-18,4564,552,DDA-49943,781,2026-02-20,2026-03-17
East West Bank,EWB-1000123,Foreign National,PRIV,Borrower 123,"8599 Main St, Unit 45",Residential Property (1-4 Units),SP1,GA,South,1,BK,Sandra Garcia,2022-01-02,2051-12-26,2026-04-20,2585,90-Day Delinquent,90,230560,3783,328274,326705,2021-12-18,614,70.57,2025-12-06,4957,718,DDA-21231,1425,2026-03-13,2026-03-19
East West Bank,EWB-1000124,Equity,EWB-INT,Borrower 124,"7851 Main St, Unit 37",Commercial & Multi-Family (5+ Units),CR1,FL,South,4,REO,Barbara Taylor,2022-01-01,2051-12-25,2026-04-20,4031,30-Day Delinquent,30,483589,0,561927,598530,2021-12-17,728,80.8,2025-12-31,2475,529,DDA-37664,39446,2026-02-26,2026-03-21
East West Bank,EWB-1000125,Equity,EWB-INT,Borrower 125,"1221 Main St, Unit 10",Commercial & Multi-Family (5+ Units),SP1,IL,North,3,TRNS,Christopher Thomas,2023-06-16,2053-06-08,2026-04-20,3163,Current,0,146387,0,281373,314061,2023-06-01,622,46.61,2025-12-18,2365,555,DDA-82881,20854,2026-03-03,2026-03-16
East West Bank,EWB-1000126,Foreign National,PRIV,Borrower 126,"4431 Main St, Unit 11",Commercial & Multi-Family (5+ Units),LC1,NY,South,3,LEG,Barbara Taylor,2022-01-16,2052-01-09,2026-04-20,1844,90-Day Delinquent,120,829049,3319,1185362,1299253,2022-01-01,773,63.81,2025-12-26,3499,296,DDA-58143,29620,2026-02-23,2026-03-18
East West Bank,EWB-1000127,Specialty,GNMA,Borrower 127,"5125 Main St, Unit 3",Residential Property (1-4 Units),HE1,CA,North,2,REO,Sandra Garcia,2022-06-02,2052-05-25,2026-04-20,1350,90-Day Delinquent,150,653689,2601,798307,816954,2022-05-18,777,80.02,2025-12-31,1337,900,DDA-43836,34332,2026-02-24,2026-03-19
East West Bank,EWB-1000128,ARM,PRIV,Borrower 128,"5868 Main St, Unit 13",Residential Property (1-4 Units),LC1,GA,North,4,BK,Daniel Martin,2022-09-13,2052-09-05,2026-04-20,4542,Current,0,221035,0,418246,535501,2022-08-29,782,41.28,2025-12-10,1061,308,DDA-97101,26319,2026-03-01,2026-03-16
East West Bank,EWB-1000129,Lot Loan,FHLMC,Borrower 129,"6561 Main St, Unit 17",Commercial & Multi-Family (5+ Units),CR1,GA,West,3,PIF,Robert Brown,2023-07-03,2053-06-25,2026-04-20,4253,Current,0,294905,0,404079,369534,2023-06-18,703,79.8,2025-11-26,1757,516,DDA-99462,8016,2026-02-19,2026-03-21
East West Bank,EWB-1000130,ARM,FHLMC,Borrower 130,"6888 Main St, Unit 13",Residential Property (1-4 Units),CS1,WA,South,3,FC,Joseph White,2022-08-03,2052-07-26,2026-04-20,1332,Current,0,420230,0,838105,995758,2022-07-19,775,42.2,2025-11-11,2166,897,DDA-51329,4936,2026-03-18,2026-03-21
East West Bank,EWB-1000131,Construction,FNMA,Borrower 131,"3581 Main St, Unit 30",Residential Property (1-4 Units),LC1,WA,South,2,BK,David Rodriguez,2023-05-28,2053-05-20,2026-04-20,4499,90-Day Delinquent,120,992315,485,1133609,1086277,2023-05-13,599,91.35,2025-12-27,4613,900,DDA-25505,24485,2026-02-28,2026-03-16
East West Bank,EWB-1000132,Foreign National,PRIV,Borrower 132,"6145 Main St, Unit 31",Residential Property (1-4 Units),LC1,IL,East,1,TRNS,Thomas Thompson,2023-06-25,2053-06-17,2026-04-20,4626,90-Day Delinquent,120,309002,1026,595101,761195,2023-06-10,672,40.59,2025-11-06,3883,169,DDA-13867,33211,2026-02-22,2026-03-18
East West Bank,EWB-1000133,Equity,GNMA,Borrower 133,"7143 Main St, Unit 34",Commercial & Multi-Family (5+ Units),HE1,MA,East,2,SII,Charles Wilson,2023-03-29,2053-03-21,2026-04-20,1104,Current,0,1131915,0,1271567,1518827,2023-03-14,786,74.53,2025-12-26,1144,926,DDA-62887,19837,2026-02-20,2026-03-18
East West Bank,EWB-1000134,Foreign National,GNMA,Borrower 134,"6906 Main St, Unit 29",Residential Property (1-4 Units),CS1,GA,North,2,M,Lisa Williams,2023-01-28,2053-01-20,2026-04-20,1009,30-Day Delinquent,30,999054,0,1216646,1325080,2023-01-13,663,75.4,2025-11-20,4991,267,DDA-77307,12210,2026-03-10,2026-03-16
East West Bank,EWB-1000135,Conventional,EWB-INT,Borrower 135,"114 Main St, Unit 32",Residential Property (1-4 Units),CE1,GA,West,4,M,Joseph White,2022-03-12,2052-03-04,2026-04-20,4726,Current,0,852986,0,1280650,1574964,2022-02-25,761,54.16,2025-11-27,2604,899,DDA-62901,37033,2026-03-01,2026-03-21
East West Bank,EWB-1000136,Construction,PRIV,Borrower 136,"9398 Main St, Unit 43",Commercial & Multi-Family (5+ Units),CS1,CA,West,4,M,Donald Martinez,2023-03-03,2053-02-23,2026-04-20,4881,Current,0,834922,0,1374665,1245722,2023-02-16,603,67.02,2025-11-26,4466,866,DDA-59137,3421,2026-03-18,2026-03-20
East West Bank,EWB-1000137,ARM,GNMA,Borrower 137,"4812 Main St, Unit 22",Commercial & Multi-Family (5+ Units),CE1,NJ,East,2,TRNS,Linda Garcia,2022-05-16,2052-05-08,2026-04-20,2289,30-Day Delinquent,30,941722,0,1173904,1195090,2022-05-01,716,78.8,2025-12-30,3469,653,DDA-62010,1471,2026-03-06,2026-03-18
East West Bank,EWB-1000138,Specialty,GNMA,Borrower 138,"5468 Main St, Unit 20",Residential Property (1-4 Units),CE1,GA,North,2,BK,Susan Martinez,2023-12-26,2053-12-18,2026-04-20,4486,Current,0,503876,0,648863,735380,2023-12-11,753,68.52,2025-12-07,2158,762,DDA-78338,40212,2026-03-14,2026-03-20
East West Bank,EWB-1000139,Lot Loan,GNMA,Borrower 139,"4824 Main St, Unit 13",Residential Property (1-4 Units),LC1,WA,South,1,REO,James Miller,2023-07-24,2053-07-16,2026-04-20,1566,Current,0,427206,0,680089,679629,2023-07-09,710,62.86,2025-11-21,3196,812,DDA-74214,30790,2026-03-05,2026-03-19
East West Bank,EWB-1000140,Construction,GNMA,Borrower 140,"7300 Main St, Unit 7",Commercial & Multi-Family (5+ Units),CS1,NJ,West,2,M,Robert Brown,2023-10-22,2053-10-14,2026-04-20,1028,60-Day Delinquent,60,288157,0,385362,375983,2023-10-07,586,76.64,2025-11-03,2757,687,DDA-20449,44464,2026-03-07,2026-03-20
East West Bank,EWB-1000141,Conventional,PRIV,Borrower 141,"5803 Main St, Unit 44",Commercial & Multi-Family (5+ Units),CS1,WA,East,1,PIF,Joseph White,2022-07-19,2052-07-11,2026-04-20,2228,Current,0,562431,0,947079,1039173,2022-07-04,798,54.12,2025-12-12,3511,680,DDA-47134,29761,2026-03-03,2026-03-18
East West Bank,EWB-1000142,Equity,FNMA,Borrower 142,"5487 Main St, Unit 38",Commercial & Multi-Family (5+ Units),CE1,WA,South,3,DIS,Michael Chen,2023-04-19,2053-04-11,2026-04-20,3123,90-Day Delinquent,90,583482,2199,630761,597068,2023-04-04,797,97.72,2025-12-28,2525,336,DDA-18106,9664,2026-03-16,2026-03-20
East West Bank,EWB-1000143,Foreign National,EWB-INT,Borrower 143,"2333 Main St, Unit 16",Residential Property (1-4 Units),CR1,NJ,North,3,BK,Jessica Taylor,2022-01-27,2052-01-20,2026-04-20,2064,Current,0,308908,0,414512,514971,2022-01-12,737,59.99,2025-11-27,1276,723,DDA-69793,13111,2026-03-18,2026-03-21
East West Bank,EWB-1000144,Equity,FNMA,Borrower 144,"9636 Main St, Unit 41",Residential Property (1-4 Units),LC1,TX,West,1,LOSS,Barbara Taylor,2023-01-05,2052-12-28,2026-04-20,4049,Current,0,862464,0,1436125,1511075,2022-12-21,616,57.08,2025-12-19,1734,545,DDA-27182,16753,2026-03-07,2026-03-19
East West Bank,EWB-1000145,Construction,EWB-INT,Borrower 145,"8055 Main St, Unit 30",Commercial & Multi-Family (5+ Units),LC1,MA,South,4,PIF,Emily Watson,2023-10-05,2053-09-27,2026-04-20,3429,60-Day Delinquent,60,337880,0,598982,660004,2023-09-20,586,51.19,2025-12-26,4782,678,DDA-83936,31764,2026-03-07,2026-03-16
East West Bank,EWB-1000146,Equity,FNMA,Borrower 146,"1648 Main St, Unit 50",Residential Property (1-4 Units),SP1,WA,East,1,TRNS,James Miller,2023-01-29,2053-01-21,2026-04-20,3418,Current,0,1063573,0,1230673,1318110,2023-01-14,802,80.69,2025-11-05,4010,728,DDA-83556,10405,2026-03-09,2026-03-16
East West Bank,EWB-1000147,ARM,PRIV,Borrower 147,"755 Main St, Unit 21",Residential Property (1-4 Units),CE1,NY,South,1,FC,Patricia Hernandez,2022-10-03,2052-09-25,2026-04-20,1870,Current,0,772261,0,816326,770682,2022-09-18,754,100.2,2025-11-02,2830,459,DDA-90063,8783,2026-03-11,2026-03-20
East West Bank,EWB-1000148,Equity,PRIV,Borrower 148,"3245 Main St, Unit 16",Residential Property (1-4 Units),CR1,NY,West,4,DIS,Thomas Thompson,2022-07-27,2052-07-19,2026-04-20,2489,30-Day Delinquent,30,138744,0,268834,281071,2022-07-12,645,49.36,2025-11-29,4627,44,DDA-49769,25416,2026-03-02,2026-03-17
East West Bank,EWB-1000149,Lot Loan,GNMA,Borrower 149,"9258 Main St, Unit 30",Commercial & Multi-Family (5+ Units),CS1,IL,West,3,LOSS,Daniel Martin,2023-01-14,2053-01-06,2026-04-20,3791,Current,0,706629,0,855086,849800,2022-12-30,634,83.15,2025-11-13,3264,979,DDA-60758,47952,2026-03-07,2026-03-21
East West Bank,EWB-1000150,Construction,EWB-INT,Borrower 150,"2155 Main St, Unit 27",Commercial & Multi-Family (5+ Units),SP1,CA,West,2,REO,Richard Davis,2022-12-03,2052-11-25,2026-04-20,4062,90-Day Delinquent,150,240531,2536,434821,436430,2022-11-18,668,55.11,2025-12-12,3585,458,DDA-95282,31006,2026-02-25,2026-03-16
East West Bank,EWB-1000151,ARM,FNMA,Borrower 151,"3012 Main St, Unit 41",Residential Property (1-4 Units),SP1,IL,South,4,PIF,John Smith,2022-08-04,2052-07-27,2026-04-20,2012,Current,0,797412,0,1124165,1102173,2022-07-20,614,72.35,2025-11-08,2929,443,DDA-85166,25491,2026-03-03,2026-03-20
East West Bank,EWB-1000152,Foreign National,FHLMC,Borrower 152,"8170 Main St, Unit 18",Commercial & Multi-Family (5+ Units),LC1,VA,West,3,LOSS,Barbara Taylor,2023-12-16,2053-12-08,2026-04-20,3475,Current,0,757524,0,1268889,1163218,2023-12-01,727,65.12,2025-11-26,1869,383,DDA-72109,32378,2026-02-26,2026-03-21
East West Bank,EWB-1000153,Conventional,FNMA,Borrower 153,"6667 Main St, Unit 13",Commercial & Multi-Family (5+ Units),HE1,FL,South,3,M,Charles Wilson,2023-04-27,2053-04-19,2026-04-20,4108,60-Day Delinquent,60,572018,0,611243,714624,2023-04-12,711,80.04,2025-11-05,2392,40,DDA-51327,6486,2026-02-26,2026-03-17
East West Bank,EWB-1000154,Construction,PRIV,Borrower 154,"5165 Main St, Unit 36",Commercial & Multi-Family (5+ Units),HE1,NY,East,2,SII,Linda Garcia,2023-11-07,2053-10-30,2026-04-20,3620,Current,0,903842,0,1147639,1421992,2023-10-23,723,63.56,2025-12-28,4566,740,DDA-69843,48780,2026-03-06,2026-03-21
East West Bank,EWB-1000155,Construction,EWB-INT,Borrower 155,"5046 Main St, Unit 42",Commercial & Multi-Family (5+ Units),CE1,CA,East,3,REO,Linda Garcia,2023-08-15,2053-08-07,2026-04-20,3793,60-Day Delinquent,60,100601,0,153051,197304,2023-07-31,610,50.99,2025-12-31,4993,348,DDA-87077,3162,2026-03-07,2026-03-20
East West Bank,EWB-1000156,Conventional,PRIV,Borrower 156,"9865 Main St, Unit 1",Residential Property (1-4 Units),HE1,NJ,South,1,FC,John Smith,2022-05-24,2052-05-16,2026-04-20,2766,90-Day Delinquent,120,697765,3942,1154646,1329638,2022-05-09,602,52.48,2025-12-28,4030,931,DDA-39161,33263,2026-03-12,2026-03-17
East West Bank,EWB-1000157,Lot Loan,FHLMC,Borrower 157,"9087 Main St, Unit 30",Residential Property (1-4 Units),CR1,MA,West,4,LEG,David Rodriguez,2023-11-19,2053-11-11,2026-04-20,3740,Current,0,269495,0,339407,339393,2023-11-04,601,79.4,2025-11-16,2841,538,DDA-41256,5677,2026-03-01,2026-03-20
East West Bank,EWB-1000158,Lot Loan,EWB-INT,Borrower 158,"1625 Main St, Unit 35",Residential Property (1-4 Units),LC1,TX,West,4,DIS,Linda Garcia,2022-07-01,2052-06-23,2026-04-20,4258,Current,0,343311,0,612894,619644,2022-06-16,668,55.4,2025-12-28,3370,983,DDA-11097,47425,2026-03-06,2026-03-21
East West Bank,EWB-1000159,Specialty,FHLMC,Borrower 159,"4565 Main St, Unit 8",Residential Property (1-4 Units),SP1,GA,South,2,BK,Jessica Taylor,2022-12-11,2052-12-03,2026-04-20,1023,30-Day Delinquent,30,769047,0,877975,1073746,2022-11-26,743,71.62,2025-11-26,2621,102,DDA-59590,3588,2026-02-26,2026-03-17
East West Bank,EWB-1000160,Construction,PRIV,Borrower 160,"5838 Main St, Unit 11",Residential Property (1-4 Units),CE1,VA,South,1,LOSS,Barbara Taylor,2023-01-10,2053-01-02,2026-04-20,4455,30-Day Delinquent,30,767262,0,1293052,1287584,2022-12-26,718,59.59,2025-12-12,3304,419,DDA-57489,26727,2026-03-03,2026-03-16
East West Bank,EWB-1000161,Equity,FHLMC,Borrower 161,"3319 Main St, Unit 49",Residential Property (1-4 Units),SP1,TX,North,1,FC,Sarah Jenkins,2022-06-29,2052-06-21,2026-04-20,4754,90-Day Delinquent,120,1017486,4221,1179225,1158767,2022-06-14,580,87.81,2025-11-22,2740,134,DDA-77341,18196,2026-02-25,2026-03-17
East West Bank,EWB-1000162,Foreign National,GNMA,Borrower 162,"4782 Main St, Unit 15",Commercial & Multi-Family (5+ Units),CE1,MA,West,2,PIF,Nancy Jackson,2023-03-23,2053-03-15,2026-04-20,4636,Current,0,1123113,0,1285248,1230831,2023-03-08,809,91.25,2025-12-14,4799,103,DDA-48617,35319,2026-03-18,2026-03-17
East West Bank,EWB-1000163,Construction,GNMA,Borrower 163,"2556 Main St, Unit 29",Residential Property (1-4 Units),SP1,MA,South,3,LEG,Susan Martinez,2022-04-23,2052-04-15,2026-04-20,3247,Current,0,138712,0,178251,174120,2022-04-08,747,79.66,2025-11-04,3708,348,DDA-98353,26243,2026-02-20,2026-03-16
East West Bank,EWB-1000164,Conventional,FHLMC,Borrower 164,"1162 Main St, Unit 5",Residential Property (1-4 Units),CS1,MA,North,1,M,Joseph White,2022-03-11,2052-03-03,2026-04-20,1052,30-Day Delinquent,30,1015166,0,1230793,1443558,2022-02-24,601,70.32,2025-12-03,2660,937,DDA-26203,20550,2026-02-27,2026-03-19
East West Bank,EWB-1000165,Lot Loan,FHLMC,Borrower 165,"4160 Main St, Unit 30",Residential Property (1-4 Units),LC1,TX,West,3,FC,Emily Watson,2022-12-17,2052-12-09,2026-04-20,1562,90-Day Delinquent,120,183789,1628,333062,400597,2022-12-02,774,45.88,2025-12-22,2778,715,DDA-76595,7723,2026-03-10,2026-03-17
East West Bank,EWB-1000166,Lot Loan,FHLMC,Borrower 166,"566 Main St, Unit 23",Residential Property (1-4 Units),CR1,CA,West,2,TRNS,Donald Martinez,2022-09-25,2052-09-17,2026-04-20,1099,Current,0,237201,0,250235,248693,2022-09-10,797,95.38,2025-11-17,3409,996,DDA-30443,27380,2026-02-26,2026-03-21
East West Bank,EWB-1000167,Lot Loan,GNMA,Borrower 167,"8201 Main St, Unit 44",Commercial & Multi-Family (5+ Units),CE1,CA,South,3,REO,Joseph White,2022-09-12,2052-09-04,2026-04-20,2341,Current,0,532982,0,900201,965262,2022-08-28,780,55.22,2025-12-09,2485,513,DDA-18277,44039,2026-03-14,2026-03-16
East West Bank,EWB-1000168,Foreign National,EWB-INT,Borrower 168,"2434 Main St, Unit 42",Residential Property (1-4 Units),HE1,WA,East,1,REO,Susan Martinez,2022-02-17,2052-02-10,2026-04-20,1127,Current,0,1039527,0,1193233,1385536,2022-02-02,783,75.03,2025-12-01,4240,749,DDA-93326,31680,2026-02-26,2026-03-21
East West Bank,EWB-1000169,Conventional,FNMA,Borrower 169,"568 Main St, Unit 22",Commercial & Multi-Family (5+ Units),HE1,IL,East,2,DIS,Barbara Taylor,2022-09-01,2052-08-24,2026-04-20,2621,Current,0,472365,0,679525,691584,2022-08-17,628,68.3,2025-11-12,1389,821,DDA-72108,45491,2026-02-25,2026-03-21
East West Bank,EWB-1000170,Equity,GNMA,Borrower 170,"540 Main St, Unit 13",Residential Property (1-4 Units),SP1,MA,East,4,TRNS,Michael Chen,2022-11-11,2052-11-03,2026-04-20,1035,30-Day Delinquent,30,169966,0,326615,354352,2022-10-27,715,47.97,2025-12-05,1031,533,DDA-25762,31267,2026-03-06,2026-03-18
East West Bank,EWB-1000171,ARM,EWB-INT,Borrower 171,"7603 Main St, Unit 43",Commercial & Multi-Family (5+ Units),CS1,NY,South,1,BK,Matthew Moore,2023-10-30,2053-10-22,2026-04-20,1761,90-Day Delinquent,120,271939,4166,523632,568668,2023-10-15,772,47.82,2025-12-15,4799,578,DDA-52094,10088,2026-03-04,2026-03-18
East West Bank,EWB-1000172,Lot Loan,FNMA,Borrower 172,"4967 Main St, Unit 50",Residential Property (1-4 Units),SP1,WA,East,2,DIS,Robert Brown,2023-03-10,2053-03-02,2026-04-20,2403,90-Day Delinquent,120,475331,1501,596438,762900,2023-02-23,796,62.31,2025-11-18,4219,424,DDA-84520,11104,2026-03-08,2026-03-19
East West Bank,EWB-1000173,Foreign National,FHLMC,Borrower 173,"1477 Main St, Unit 8",Residential Property (1-4 Units),HE1,VA,South,3,SII,Linda Garcia,2022-07-02,2052-06-24,2026-04-20,2092,30-Day Delinquent,30,367507,0,691252,820469,2022-06-17,742,44.79,2025-11-02,2647,490,DDA-30041,43795,2026-02-21,2026-03-17
East West Bank,EWB-1000174,Specialty,PRIV,Borrower 174,"7221 Main St, Unit 30",Commercial & Multi-Family (5+ Units),SP1,TX,West,1,TRNS,Michael Chen,2023-05-21,2053-05-13,2026-04-20,4684,30-Day Delinquent,30,434148,0,864998,1024457,2023-05-06,644,42.38,2025-12-12,2554,41,DDA-98413,41645,2026-02-24,2026-03-17
East West Bank,EWB-1000175,ARM,PRIV,Borrower 175,"7812 Main St, Unit 38",Commercial & Multi-Family (5+ Units),HE1,GA,East,3,FC,Richard Davis,2023-11-30,2053-11-22,2026-04-20,1073,Current,0,421665,0,662153,709754,2023-11-15,684,59.41,2025-12-10,3376,586,DDA-35270,4452,2026-03-03,2026-03-20
East West Bank,EWB-1000176,Specialty,FNMA,Borrower 176,"7333 Main St, Unit 34",Residential Property (1-4 Units),LC1,NJ,East,2,REO,Patricia Hernandez,2023-10-19,2053-10-11,2026-04-20,4252,Current,0,200515,0,294356,382178,2023-10-04,612,52.47,2025-11-23,3627,422,DDA-61609,13197,2026-03-20,2026-03-17
East West Bank,EWB-1000177,Specialty,EWB-INT,Borrower 177,"2463 Main St, Unit 47",Residential Property (1-4 Units),SP1,FL,North,4,SII,Christopher Thomas,2022-07-05,2052-06-27,2026-04-20,4949,Current,0,378671,0,505612,573065,2022-06-20,652,66.08,2025-12-29,2494,344,DDA-88259,21317,2026-03-17,2026-03-19
East West Bank,EWB-1000178,Equity,FHLMC,Borrower 178,"1294 Main St, Unit 25",Residential Property (1-4 Units),CS1,NY,North,4,LOSS,James Miller,2022-03-19,2052-03-11,2026-04-20,2503,Current,0,414208,0,597556,726838,2022-03-04,700,56.99,2025-11-10,1280,251,DDA-56612,2820,2026-03-01,2026-03-18
East West Bank,EWB-1000179,Specialty,GNMA,Borrower 179,"4975 Main St, Unit 21",Residential Property (1-4 Units),HE1,CA,West,2,M,Jessica Taylor,2023-10-04,2053-09-26,2026-04-20,2771,Current,0,148928,0,228781,287870,2023-09-19,590,51.73,2025-12-21,1214,28,DDA-95003,46991,2026-02-19,2026-03-16
East West Bank,EWB-1000180,Construction,GNMA,Borrower 180,"9334 Main St, Unit 18",Commercial & Multi-Family (5+ Units),CS1,CA,West,2,PIF,John Smith,2022-12-25,2052-12-17,2026-04-20,1985,30-Day Delinquent,30,223393,0,376507,391680,2022-12-10,676,57.03,2025-11-02,3979,349,DDA-17907,27825,2026-03-01,2026-03-17
East West Bank,EWB-1000181,ARM,FNMA,Borrower 181,"2820 Main St, Unit 1",Residential Property (1-4 Units),HE1,NJ,East,4,FC,Robert Brown,2022-05-16,2052-05-08,2026-04-20,2685,Current,0,793282,0,926665,1050166,2022-05-01,803,75.54,2025-12-09,3305,754,DDA-23293,5470,2026-03-18,2026-03-18
East West Bank,EWB-1000182,Equity,FHLMC,Borrower 182,"2407 Main St, Unit 32",Commercial & Multi-Family (5+ Units),LC1,NJ,East,3,M,Lisa Williams,2023-08-15,2053-08-07,2026-04-20,4392,Current,0,471302,0,634963,794685,2023-07-31,808,59.31,2025-12-10,4331,531,DDA-52579,48961,2026-03-06,2026-03-19
East West Bank,EWB-1000183,ARM,FNMA,Borrower 183,"3794 Main St, Unit 41",Residential Property (1-4 Units),CS1,VA,South,1,TRNS,Sandra Garcia,2022-04-13,2052-04-05,2026-04-20,4962,Current,0,957575,0,1257677,1319520,2022-03-29,817,72.57,2025-11-29,4538,668,DDA-65634,25387,2026-03-04,2026-03-16
East West Bank,EWB-1000184,Conventional,PRIV,Borrower 184,"1607 Main St, Unit 6",Commercial & Multi-Family (5+ Units),CS1,NY,East,3,TRNS,Margaret Harris,2023-07-30,2053-07-22,2026-04-20,1489,30-Day Delinquent,30,700634,0,1040617,1084855,2023-07-15,760,64.58,2025-11-05,2164,108,DDA-59876,3912,2026-03-02,2026-03-16
East West Bank,EWB-1000185,Construction,FNMA,Borrower 185,"9064 Main St, Unit 48",Commercial & Multi-Family (5+ Units),LC1,TX,East,2,M,Nancy Jackson,2022-02-18,2052-02-11,2026-04-20,2004,30-Day Delinquent,30,625171,0,800419,870827,2022-02-03,766,71.79,2025-12-12,3033,149,DDA-33139,27077,2026-02-28,2026-03-21
East West Bank,EWB-1000186,Specialty,PRIV,Borrower 186,"8853 Main St, Unit 24",Commercial & Multi-Family (5+ Units),LC1,NY,South,4,REO,Charles Wilson,2023-06-08,2053-05-31,2026-04-20,3622,Current,0,556854,0,1037225,1319968,2023-05-24,791,42.19,2025-12-08,2790,698,DDA-78303,23870,2026-03-04,2026-03-18
East West Bank,EWB-1000187,Construction,FHLMC,Borrower 187,"5354 Main St, Unit 25",Residential Property (1-4 Units),CE1,CA,West,1,LEG,Karen Anderson,2023-08-17,2053-08-09,2026-04-20,2820,Current,0,148429,0,159540,178262,2023-08-02,652,83.26,2025-11-02,1442,301,DDA-37082,697,2026-03-06,2026-03-19
East West Bank,EWB-1000188,Lot Loan,PRIV,Borrower 188,"1372 Main St, Unit 3",Commercial & Multi-Family (5+ Units),CE1,VA,West,1,DIS,Donald Martinez,2023-07-29,2053-07-21,2026-04-20,1872,30-Day Delinquent,30,641674,0,701951,817022,2023-07-14,610,78.54,2025-12-14,1113,311,DDA-16267,21105,2026-03-13,2026-03-18
East West Bank,EWB-1000189,Equity,FNMA,Borrower 189,"2790 Main St, Unit 38",Residential Property (1-4 Units),SP1,NJ,North,4,SII,Matthew Moore,2022-02-18,2052-02-11,2026-04-20,2790,Current,0,647946,0,768992,986955,2022-02-03,622,65.65,2026-01-01,3932,683,DDA-22931,19356,2026-02-22,2026-03-16
East West Bank,EWB-1000190,Construction,FNMA,Borrower 190,"5820 Main St, Unit 30",Commercial & Multi-Family (5+ Units),CS1,NJ,South,2,LEG,Sarah Jenkins,2022-05-30,2052-05-22,2026-04-20,4899,90-Day Delinquent,90,682290,1094,893583,924777,2022-05-15,752,73.78,2025-11-17,3949,824,DDA-34696,31445,2026-02-28,2026-03-21
East West Bank,EWB-1000191,ARM,FNMA,Borrower 191,"5872 Main St, Unit 23",Residential Property (1-4 Units),CE1,CA,East,2,REO,Susan Martinez,2022-10-13,2052-10-05,2026-04-20,3121,90-Day Delinquent,120,938975,682,1347719,1749645,2022-09-28,727,53.67,2025-12-29,3823,898,DDA-61358,43236,2026-03-15,2026-03-20
East West Bank,EWB-1000192,Construction,GNMA,Borrower 192,"5776 Main St, Unit 18",Commercial & Multi-Family (5+ Units),CR1,WA,South,3,TRNS,Patricia Hernandez,2023-11-30,2053-11-22,2026-04-20,1663,30-Day Delinquent,30,504273,0,686226,764139,2023-11-15,640,65.99,2025-11-27,2016,758,DDA-60543,48780,2026-03-07,2026-03-20
East West Bank,EWB-1000193,ARM,FNMA,Borrower 193,"7132 Main St, Unit 37",Residential Property (1-4 Units),CE1,IL,West,4,PIF,Richard Davis,2022-12-17,2052-12-09,2026-04-20,1054,30-Day Delinquent,30,715817,0,1202576,1504964,2022-12-02,802,47.56,2025-12-15,3607,697,DDA-98813,3407,2026-03-19,2026-03-17
East West Bank,EWB-1000194,Conventional,FNMA,Borrower 194,"7236 Main St, Unit 48",Residential Property (1-4 Units),CE1,VA,West,4,TRNS,Susan Martinez,2022-05-04,2052-04-26,2026-04-20,2030,60-Day Delinquent,60,208974,0,401492,413124,2022-04-19,693,50.58,2025-12-18,2083,342,DDA-96871,27044,2026-02-23,2026-03-18
East West Bank,EWB-1000195,Construction,PRIV,Borrower 195,"1805 Main St, Unit 30",Residential Property (1-4 Units),LC1,NY,West,3,PIF,Patricia Hernandez,2023-04-11,2053-04-03,2026-04-20,4666,30-Day Delinquent,30,403506,0,641072,634754,2023-03-27,640,63.57,2025-12-13,4659,138,DDA-44036,15666,2026-02-21,2026-03-17
East West Bank,EWB-1000196,Conventional,GNMA,Borrower 196,"8611 Main St, Unit 25",Residential Property (1-4 Units),SP1,NJ,East,2,FC,John Smith,2022-08-10,2052-08-02,2026-04-20,4162,90-Day Delinquent,120,282127,1771,481593,598682,2022-07-26,809,47.12,2025-12-23,2201,918,DDA-35621,26810,2026-03-03,2026-03-21
East West Bank,EWB-1000197,Construction,EWB-INT,Borrower 197,"4363 Main St, Unit 13",Residential Property (1-4 Units),LC1,VA,East,4,SII,Daniel Martin,2023-08-18,2053-08-10,2026-04-20,4625,Current,0,281258,0,301836,356645,2023-08-03,702,78.86,2025-12-23,3103,776,DDA-22084,10368,2026-03-04,2026-03-19
East West Bank,EWB-1000198,Conventional,FNMA,Borrower 198,"9457 Main St, Unit 23",Commercial & Multi-Family (5+ Units),SP1,FL,West,1,REO,Sarah Jenkins,2022-12-25,2052-12-17,2026-04-20,3722,Current,0,645610,0,974926,1136165,2022-12-10,683,56.82,2025-12-21,2104,121,DDA-10620,19118,2026-02-22,2026-03-17
East West Bank,EWB-1000199,Specialty,EWB-INT,Borrower 199,"9454 Main St, Unit 4",Residential Property (1-4 Units),CS1,IL,South,2,TRNS,Donald Martinez,2022-10-17,2052-10-09,2026-04-20,3657,Current,0,963388,0,1029090,1333168,2022-10-02,736,72.26,2025-11-10,1792,856,DDA-39164,4505,2026-02-27,2026-03-17
East West Bank,EWB-1000200,Lot Loan,EWB-INT,Borrower 200,"909 Main St, Unit 5",Residential Property (1-4 Units),SP1,WA,South,3,PIF,James Miller,2023-08-24,2053-08-16,2026-04-20,4776,30-Day Delinquent,30,493619,0,701638,634715,2023-08-09,731,77.77,2025-11-27,4995,48,DDA-27699,5216,2026-03-03,2026-03-19
East West Bank,EWB-1000201,Lot Loan,FHLMC,Borrower 201,"8550 Main St, Unit 40",Residential Property (1-4 Units),CE1,NY,West,4,DIS,Jessica Taylor,2023-11-26,2053-11-18,2026-04-20,2441,Current,0,664062,0,699639,731465,2023-11-11,605,90.79,2025-11-20,1069,645,DDA-95255,31781,2026-03-19,2026-03-19
East West Bank,EWB-1000202,ARM,GNMA,Borrower 202,"2759 Main St, Unit 49",Residential Property (1-4 Units),CR1,IL,South,2,SII,Donald Martinez,2023-10-12,2053-10-04,2026-04-20,4242,Current,0,747793,0,1406445,1692305,2023-09-27,738,44.19,2025-12-12,2086,957,DDA-68759,16640,2026-03-05,2026-03-20
East West Bank,EWB-1000203,Foreign National,EWB-INT,Borrower 203,"7587 Main St, Unit 18",Residential Property (1-4 Units),SP1,FL,East,3,REO,David Rodriguez,2023-12-31,2053-12-23,2026-04-20,2698,60-Day Delinquent,60,602193,0,650328,632886,2023-12-16,771,95.15,2025-11-13,1661,410,DDA-44448,27689,2026-03-20,2026-03-20
East West Bank,EWB-1000204,Construction,FNMA,Borrower 204,"485 Main St, Unit 37",Residential Property (1-4 Units),CE1,IL,North,1,SII,Patricia Hernandez,2022-05-29,2052-05-21,2026-04-20,3211,Current,0,197627,0,232745,262470,2022-05-14,757,75.3,2025-12-07,4954,622,DDA-89973,19343,2026-03-08,2026-03-17
East West Bank,EWB-1000205,ARM,EWB-INT,Borrower 205,"3553 Main St, Unit 21",Commercial & Multi-Family (5+ Units),HE1,IL,South,1,FC,Thomas Thompson,2022-11-23,2052-11-15,2026-04-20,3968,30-Day Delinquent,30,201364,0,307164,296575,2022-11-08,733,67.9,2025-11-27,1016,139,DDA-92996,30444,2026-03-20,2026-03-18
East West Bank,EWB-1000206,Specialty,FHLMC,Borrower 206,"3379 Main St, Unit 33",Residential Property (1-4 Units),CR1,FL,South,4,LOSS,Daniel Martin,2022-01-18,2052-01-11,2026-04-20,2215,90-Day Delinquent,120,356443,3195,681831,795309,2022-01-03,748,44.82,2025-11-03,2200,329,DDA-44662,27992,2026-03-08,2026-03-21
East West Bank,EWB-1000207,Construction,EWB-INT,Borrower 207,"4150 Main St, Unit 37",Commercial & Multi-Family (5+ Units),CE1,WA,West,1,LOSS,Joseph White,2022-01-26,2052-01-19,2026-04-20,1633,30-Day Delinquent,30,760724,0,1259268,1297858,2022-01-11,816,58.61,2025-12-29,2322,537,DDA-32435,10506,2026-02-21,2026-03-21
East West Bank,EWB-1000208,ARM,FHLMC,Borrower 208,"1285 Main St, Unit 31",Residential Property (1-4 Units),CR1,WA,West,2,PIF,Linda Garcia,2022-10-31,2052-10-23,2026-04-20,3781,90-Day Delinquent,120,424371,1624,666771,683306,2022-10-16,727,62.11,2025-11-18,1214,871,DDA-11318,13278,2026-03-09,2026-03-18
East West Bank,EWB-1000209,Conventional,PRIV,Borrower 209,"5904 Main St, Unit 26",Commercial & Multi-Family (5+ Units),LC1,GA,East,1,LOSS,Emily Watson,2023-01-29,2053-01-21,2026-04-20,2434,Current,0,459212,0,693176,733307,2023-01-14,593,62.62,2025-12-29,1578,117,DDA-70794,36404,2026-02-23,2026-03-19
East West Bank,EWB-1000210,Foreign National,PRIV,Borrower 210,"2131 Main St, Unit 8",Commercial & Multi-Family (5+ Units),SP1,IL,West,2,TRNS,Linda Garcia,2022-06-24,2052-06-16,2026-04-20,1274,Current,0,694768,0,1184978,1269654,2022-06-09,685,54.72,2025-11-28,2089,950,DDA-64674,36884,2026-03-15,2026-03-21
East West Bank,EWB-1000211,Foreign National,FHLMC,Borrower 211,"717 Main St, Unit 37",Residential Property (1-4 Units),CR1,NJ,South,1,REO,Patricia Hernandez,2022-05-04,2052-04-26,2026-04-20,3928,90-Day Delinquent,150,196277,784,235999,292967,2022-04-19,619,67.0,2025-12-29,4943,440,DDA-92981,1417,2026-02-22,2026-03-19
East West Bank,EWB-1000212,Construction,FNMA,Borrower 212,"117 Main St, Unit 16",Residential Property (1-4 Units),LC1,WA,West,2,LEG,Christopher Thomas,2022-06-20,2052-06-12,2026-04-20,1922,Current,0,203058,0,220640,258653,2022-06-05,686,78.51,2025-11-07,4789,816,DDA-74403,30998,2026-03-13,2026-03-17
East West Bank,EWB-1000213,Conventional,FNMA,Borrower 213,"352 Main St, Unit 6",Commercial & Multi-Family (5+ Units),CE1,VA,North,1,PIF,Joseph White,2023-01-22,2053-01-14,2026-04-20,1725,60-Day Delinquent,60,302671,0,550573,602538,2023-01-07,809,50.23,2025-11-30,3539,386,DDA-36932,49468,2026-02-22,2026-03-21
East West Bank,EWB-1000214,Equity,FNMA,Borrower 214,"3065 Main St, Unit 6",Residential Property (1-4 Units),CR1,FL,West,3,TRNS,David Rodriguez,2023-08-20,2053-08-12,2026-04-20,4250,Current,0,903550,0,1365856,1630336,2023-08-05,630,55.42,2025-11-06,4481,108,DDA-40953,21008,2026-03-10,2026-03-17
East West Bank,EWB-1000215,Foreign National,EWB-INT,Borrower 215,"6592 Main St, Unit 24",Residential Property (1-4 Units),CS1,IL,North,1,SII,Patricia Hernandez,2023-11-04,2053-10-27,2026-04-20,1323,30-Day Delinquent,30,513312,0,848646,855900,2023-10-20,590,59.97,2025-11-26,1548,825,DDA-79744,38158,2026-02-25,2026-03-18
East West Bank,EWB-1000216,Equity,FHLMC,Borrower 216,"5934 Main St, Unit 46",Commercial & Multi-Family (5+ Units),LC1,TX,East,2,BK,Richard Davis,2023-03-18,2053-03-10,2026-04-20,1327,60-Day Delinquent,60,518140,0,564568,563274,2023-03-03,755,91.99,2025-12-14,4131,751,DDA-28001,29592,2026-03-14,2026-03-21
East West Bank,EWB-1000217,ARM,GNMA,Borrower 217,"9457 Main St, Unit 1",Residential Property (1-4 Units),CE1,MA,East,3,LEG,Richard Davis,2023-02-19,2053-02-11,2026-04-20,3403,Current,0,703507,0,784736,912717,2023-02-04,662,77.08,2025-12-10,1707,462,DDA-51322,17888,2026-03-10,2026-03-21
East West Bank,EWB-1000218,Construction,FNMA,Borrower 218,"729 Main St, Unit 46",Residential Property (1-4 Units),CE1,TX,South,3,REO,Christopher Thomas,2023-02-09,2053-02-01,2026-04-20,3647,Current,0,1093322,0,1376607,1645005,2023-01-25,654,66.46,2025-11-05,1260,150,DDA-33857,37335,2026-03-16,2026-03-19
East West Bank,EWB-1000219,Equity,PRIV,Borrower 219,"4618 Main St, Unit 32",Commercial & Multi-Family (5+ Units),SP1,NJ,South,2,REO,Richard Davis,2023-07-07,2053-06-29,2026-04-20,3664,Current,0,778914,0,1317756,1375822,2023-06-22,652,56.61,2025-11-02,1179,132,DDA-23168,27569,2026-02-28,2026-03-17
East West Bank,EWB-1000220,Equity,EWB-INT,Borrower 220,"8324 Main St, Unit 10",Commercial & Multi-Family (5+ Units),CS1,NJ,West,3,M,Richard Davis,2023-06-25,2053-06-17,2026-04-20,4000,90-Day Delinquent,90,213951,4538,328352,353098,2023-06-10,593,60.59,2025-12-05,4095,638,DDA-18620,11535,2026-03-08,2026-03-17
East West Bank,EWB-1000221,Construction,FHLMC,Borrower 221,"8025 Main St, Unit 1",Residential Property (1-4 Units),SP1,FL,South,2,PIF,Margaret Harris,2022-12-24,2052-12-16,2026-04-20,2000,Current,0,272750,0,345004,420670,2022-12-09,710,64.84,2025-11-27,1978,835,DDA-33579,34077,2026-03-20,2026-03-20
East West Bank,EWB-1000222,Lot Loan,GNMA,Borrower 222,"4105 Main St, Unit 28",Residential Property (1-4 Units),CR1,WA,East,1,REO,Susan Martinez,2022-03-02,2052-02-23,2026-04-20,3986,90-Day Delinquent,90,1168413,1184,1257739,1236597,2022-02-15,694,94.49,2025-11-25,1147,675,DDA-15240,37562,2026-02-19,2026-03-20
East West Bank,EWB-1000223,Foreign National,FNMA,Borrower 223,"2678 Main St, Unit 11",Residential Property (1-4 Units),CE1,FL,North,2,DIS,Thomas Thompson,2023-07-31,2053-07-23,2026-04-20,4545,90-Day Delinquent,120,292089,4220,575523,652119,2023-07-16,808,44.79,2025-12-31,4962,742,DDA-27745,35104,2026-03-05,2026-03-21
East West Bank,EWB-1000224,Lot Loan,FHLMC,Borrower 224,"5495 Main St, Unit 50",Residential Property (1-4 Units),LC1,MA,South,4,PIF,Michael Chen,2023-05-21,2053-05-13,2026-04-20,3454,Current,0,110181,0,155486,151356,2023-05-06,722,72.8,2025-12-01,4021,100,DDA-98441,28141,2026-03-09,2026-03-17
East West Bank,EWB-1000225,ARM,PRIV,Borrower 225,"6225 Main St, Unit 4",Commercial & Multi-Family (5+ Units),SP1,GA,East,3,DIS,Sandra Garcia,2023-09-20,2053-09-12,2026-04-20,2307,Current,0,763314,0,1189458,1536873,2023-09-05,662,49.67,2025-11-04,2387,312,DDA-22517,43330,2026-03-11,2026-03-20
East West Bank,EWB-1000226,Equity,FNMA,Borrower 226,"6786 Main St, Unit 10",Residential Property (1-4 Units),HE1,GA,West,3,SII,Nancy Jackson,2023-07-21,2053-07-13,2026-04-20,1937,30-Day Delinquent,30,689653,0,816490,954589,2023-07-06,605,72.25,2025-12-24,1558,988,DDA-52797,36402,2026-03-08,2026-03-20
East West Bank,EWB-1000227,Specialty,PRIV,Borrower 227,"8351 Main St, Unit 1",Residential Property (1-4 Units),HE1,FL,East,2,REO,James Miller,2022-03-16,2052-03-08,2026-04-20,1984,Current,0,331307,0,472710,575756,2022-03-01,660,57.54,2026-01-01,1927,653,DDA-86673,49509,2026-03-20,2026-03-21
East West Bank,EWB-1000228,ARM,FHLMC,Borrower 228,"8114 Main St, Unit 29",Commercial & Multi-Family (5+ Units),SP1,VA,North,1,FC,Barbara Taylor,2022-11-30,2052-11-22,2026-04-20,2057,60-Day Delinquent,60,502402,0,937494,1102475,2022-11-15,721,45.57,2025-12-03,2768,919,DDA-92107,6927,2026-03-12,2026-03-21
East West Bank,EWB-1000229,ARM,FNMA,Borrower 229,"3127 Main St, Unit 9",Commercial & Multi-Family (5+ Units),SP1,NJ,North,1,FC,Linda Garcia,2022-07-08,2052-06-30,2026-04-20,3398,Current,0,766030,0,1351193,1744535,2022-06-23,599,43.91,2025-11-15,2974,694,DDA-97232,37442,2026-03-14,2026-03-20
East West Bank,EWB-1000230,ARM,GNMA,Borrower 230,"9716 Main St, Unit 50",Residential Property (1-4 Units),SP1,WA,South,3,TRNS,Michael Chen,2022-03-23,2052-03-15,2026-04-20,3702,90-Day Delinquent,120,959814,4391,1062606,1332499,2022-03-08,803,72.03,2025-11-20,3205,356,DDA-80559,2267,2026-03-12,2026-03-21
East West Bank,EWB-1000231,Conventional,EWB-INT,Borrower 231,"597 Main St, Unit 26",Residential Property (1-4 Units),CR1,MA,South,1,PIF,Sandra Garcia,2022-03-21,2052-03-13,2026-04-20,4185,Current,0,871358,0,1091218,994700,2022-03-06,766,87.6,2025-11-05,3072,214,DDA-82394,4501,2026-03-18,2026-03-20
East West Bank,EWB-1000232,Foreign National,EWB-INT,Borrower 232,"1031 Main St, Unit 6",Commercial & Multi-Family (5+ Units),CE1,NJ,West,2,BK,Sarah Jenkins,2022-03-01,2052-02-22,2026-04-20,3800,90-Day Delinquent,90,890925,4114,1288506,1421428,2022-02-14,806,62.68,2025-11-05,2722,349,DDA-90832,23843,2026-03-02,2026-03-17
East West Bank,EWB-1000233,Equity,GNMA,Borrower 233,"9095 Main St, Unit 23",Commercial & Multi-Family (5+ Units),CE1,MA,East,2,REO,Lisa Williams,2023-08-17,2053-08-09,2026-04-20,3782,Current,0,239300,0,329208,303801,2023-08-02,747,78.77,2025-12-28,3907,100,DDA-66251,24454,2026-02-21,2026-03-18
East West Bank,EWB-1000234,ARM,FNMA,Borrower 234,"7249 Main St, Unit 35",Residential Property (1-4 Units),CE1,NY,West,3,LOSS,Robert Brown,2022-03-31,2052-03-23,2026-04-20,1408,60-Day Delinquent,60,269345,0,381915,436830,2022-03-16,678,61.66,2025-12-18,1625,478,DDA-38671,29601,2026-02-28,2026-03-21
East West Bank,EWB-1000235,Specialty,PRIV,Borrower 235,"7583 Main St, Unit 10",Commercial & Multi-Family (5+ Units),HE1,GA,North,1,M,Matthew Moore,2022-01-29,2052-01-22,2026-04-20,2768,90-Day Delinquent,90,498626,1931,587477,558884,2022-01-14,604,89.22,2025-11-05,3667,146,DDA-13554,36739,2026-03-16,2026-03-16
East West Bank,EWB-1000236,Construction,FHLMC,Borrower 236,"2782 Main St, Unit 41",Commercial & Multi-Family (5+ Units),CR1,FL,North,2,BK,Linda Garcia,2022-02-05,2052-01-29,2026-04-20,3316,Current,0,1130636,0,1376380,1368513,2022-01-21,589,82.62,2025-11-24,2562,777,DDA-82589,38562,2026-02-22,2026-03-18
East West Bank,EWB-1000237,Conventional,FHLMC,Borrower 237,"9856 Main St, Unit 3",Commercial & Multi-Family (5+ Units),CS1,GA,East,3,SII,Thomas Thompson,2022-07-15,2052-07-07,2026-04-20,2728,Current,0,512490,0,868216,931307,2022-06-30,594,55.03,2025-11-27,2446,406,DDA-46554,36666,2026-02-19,2026-03-21
East West Bank,EWB-1000238,Specialty,FHLMC,Borrower 238,"8313 Main St, Unit 37",Commercial & Multi-Family (5+ Units),SP1,IL,South,4,REO,Richard Davis,2022-07-03,2052-06-25,2026-04-20,2064,60-Day Delinquent,60,828168,0,955497,947399,2022-06-18,812,87.41,2025-12-16,4447,443,DDA-16419,20151,2026-02-21,2026-03-18
East West Bank,EWB-1000239,Lot Loan,EWB-INT,Borrower 239,"6164 Main St, Unit 31",Commercial & Multi-Family (5+ Units),CS1,NJ,South,4,M,James Miller,2022-11-21,2052-11-13,2026-04-20,2579,Current,0,554344,0,762380,874613,2022-11-06,739,63.38,2025-12-14,3820,166,DDA-54868,8878,2026-03-19,2026-03-19
East West Bank,EWB-1000240,Conventional,FNMA,Borrower 240,"8383 Main St, Unit 45",Residential Property (1-4 Units),CR1,TX,West,3,FC,Daniel Martin,2022-06-29,2052-06-21,2026-04-20,3401,Current,0,1372622,0,1487682,1339992,2022-06-14,675,102.44,2025-12-15,4842,17,DDA-82326,2930,2026-03-14,2026-03-21
East West Bank,EWB-1000241,Construction,PRIV,Borrower 241,"603 Main St, Unit 37",Commercial & Multi-Family (5+ Units),LC1,NY,West,1,M,Christopher Thomas,2022-12-04,2052-11-26,2026-04-20,3524,Current,0,263241,0,307504,375063,2022-11-19,731,70.19,2025-11-12,4876,328,DDA-29030,41628,2026-03-17,2026-03-16
East West Bank,EWB-1000242,Foreign National,FHLMC,Borrower 242,"9412 Main St, Unit 48",Residential Property (1-4 Units),HE1,NJ,West,2,M,Barbara Taylor,2023-01-09,2053-01-01,2026-04-20,1031,90-Day Delinquent,90,703200,750,842440,1071990,2022-12-25,752,65.6,2025-12-31,4784,2,DDA-95793,44220,2026-03-07,2026-03-17
East West Bank,EWB-1000243,ARM,EWB-INT,Borrower 243,"1423 Main St, Unit 20",Residential Property (1-4 Units),LC1,GA,East,1,DIS,Robert Brown,2023-03-03,2053-02-23,2026-04-20,3083,Current,0,534417,0,667923,651588,2023-02-16,690,82.02,2025-11-25,1141,658,DDA-95302,12492,2026-02-26,2026-03-19
East West Bank,EWB-1000244,Foreign National,FHLMC,Borrower 244,"5802 Main St, Unit 8",Residential Property (1-4 Units),CR1,NJ,West,2,DIS,Thomas Thompson,2023-07-07,2053-06-29,2026-04-20,3203,Current,0,89860,0,169870,170299,2023-06-22,746,52.77,2025-11-11,4851,271,DDA-79501,16595,2026-02-26,2026-03-18
East West Bank,EWB-1000245,Construction,FNMA,Borrower 245,"6759 Main St, Unit 36",Commercial & Multi-Family (5+ Units),SP1,VA,South,3,PIF,Matthew Moore,2022-12-23,2052-12-15,2026-04-20,3848,Current,0,362256,0,398683,427140,2022-12-08,747,84.81,2025-12-13,1996,338,DDA-85687,42992,2026-03-13,2026-03-18
East West Bank,EWB-1000246,Foreign National,FHLMC,Borrower 246,"7067 Main St, Unit 33",Commercial & Multi-Family (5+ Units),HE1,MA,East,3,REO,Sandra Garcia,2023-02-28,2053-02-20,2026-04-20,1182,Current,0,900363,0,961721,1244263,2023-02-13,801,72.36,2025-12-19,3120,694,DDA-89587,23918,2026-03-03,2026-03-18
East West Bank,EWB-1000247,Specialty,PRIV,Borrower 247,"8852 Main St, Unit 26",Commercial & Multi-Family (5+ Units),CS1,MA,North,4,LOSS,Nancy Jackson,2023-04-08,2053-03-31,2026-04-20,3980,90-Day Delinquent,90,1183721,4537,1284764,1440575,2023-03-24,754,82.17,2025-11-30,3806,77,DDA-89510,45556,2026-03-04,2026-03-16
East West Bank,EWB-1000248,Equity,FNMA,Borrower 248,"5301 Main St, Unit 18",Residential Property (1-4 Units),CR1,NY,East,4,TRNS,Robert Brown,2022-05-09,2052-05-01,2026-04-20,1593,Current,0,517703,0,940141,986749,2022-04-24,722,52.47,2025-12-05,3391,226,DDA-20101,6095,2026-03-17,2026-03-20
East West Bank,EWB-1000249,Equity,FHLMC,Borrower 249,"4855 Main St, Unit 47",Residential Property (1-4 Units),CR1,FL,East,3,PIF,Richard Davis,2022-03-04,2052-02-25,2026-04-20,4291,Current,0,690525,0,861131,1000087,2022-02-17,729,69.05,2025-11-05,3597,869,DDA-97461,3455,2026-03-13,2026-03-16
East West Bank,EWB-1000250,Lot Loan,FHLMC,Borrower 250,"9658 Main St, Unit 25",Residential Property (1-4 Units),SP1,GA,East,2,M,Linda Garcia,2022-03-12,2052-03-04,2026-04-20,2326,60-Day Delinquent,60,162128,0,306542,364176,2022-02-25,721,44.52,2025-12-04,2477,280,DDA-90466,33346,2026-03-10,2026-03-21
East West Bank,EWB-1000251,ARM,EWB-INT,Borrower 251,"3841 Main St, Unit 4",Residential Property (1-4 Units),SP1,NY,South,3,PIF,Christopher Thomas,2023-11-12,2053-11-04,2026-04-20,2400,30-Day Delinquent,30,682562,0,1016651,938288,2023-10-28,791,72.75,2025-12-30,2967,363,DDA-39329,9417,2026-03-15,2026-03-17
East West Bank,EWB-1000252,ARM,FHLMC,Borrower 252,"1419 Main St, Unit 21",Commercial & Multi-Family (5+ Units),HE1,NJ,North,4,SII,Thomas Thompson,2022-01-01,2051-12-25,2026-04-20,4090,90-Day Delinquent,120,487107,4356,905195,887244,2021-12-17,630,54.9,2025-11-28,1391,609,DDA-55761,49185,2026-02-19,2026-03-20
East West Bank,EWB-1000253,Construction,FNMA,Borrower 253,"9598 Main St, Unit 49",Residential Property (1-4 Units),SP1,FL,West,4,PIF,Thomas Thompson,2023-01-03,2052-12-26,2026-04-20,2385,Current,0,282118,0,363920,389994,2022-12-19,733,72.34,2025-12-01,4575,762,DDA-23288,31144,2026-02-19,2026-03-17
East West Bank,EWB-1000254,Conventional,GNMA,Borrower 254,"2408 Main St, Unit 43",Residential Property (1-4 Units),LC1,MA,West,4,M,Lisa Williams,2022-02-11,2052-02-04,2026-04-20,3850,Current,0,726084,0,803983,886634,2022-01-27,701,81.89,2025-11-09,4490,708,DDA-12119,37070,2026-03-18,2026-03-17
East West Bank,EWB-1000255,Specialty,GNMA,Borrower 255,"7786 Main St, Unit 32",Residential Property (1-4 Units),CR1,VA,West,4,PIF,David Rodriguez,2023-06-06,2053-05-29,2026-04-20,1872,Current,0,160792,0,278148,354622,2023-05-22,802,45.34,2025-12-09,1550,186,DDA-10114,2446,2026-03-06,2026-03-16
East West Bank,EWB-1000256,Lot Loan,PRIV,Borrower 256,"2452 Main St, Unit 8",Residential Property (1-4 Units),HE1,CA,North,3,BK,Jessica Taylor,2022-03-31,2052-03-23,2026-04-20,2049,Current,0,835098,0,1391290,1566738,2022-03-16,627,53.3,2025-12-18,2604,267,DDA-25163,47883,2026-03-05,2026-03-20
East West Bank,EWB-1000257,Construction,FHLMC,Borrower 257,"4000 Main St, Unit 36",Commercial & Multi-Family (5+ Units),CS1,FL,West,3,FC,Margaret Harris,2023-06-17,2053-06-09,2026-04-20,2814,90-Day Delinquent,90,305528,4003,409747,451462,2023-06-02,698,67.68,2025-11-24,1671,369,DDA-77276,20604,2026-03-20,2026-03-18
East West Bank,EWB-1000258,ARM,PRIV,Borrower 258,"8740 Main St, Unit 5",Residential Property (1-4 Units),CE1,NJ,South,2,BK,Robert Brown,2022-07-09,2052-07-01,2026-04-20,1512,Current,0,383915,0,425987,502273,2022-06-24,590,76.44,2025-12-12,3700,492,DDA-98757,28433,2026-03-06,2026-03-19
East West Bank,EWB-1000259,Equity,FNMA,Borrower 259,"9146 Main St, Unit 41",Commercial & Multi-Family (5+ Units),CR1,MA,West,3,DIS,Daniel Martin,2022-10-18,2052-10-10,2026-04-20,2730,Current,0,656483,0,1008158,1262124,2022-10-03,653,52.01,2025-12-09,2172,800,DDA-92783,32521,2026-03-05,2026-03-17
East West Bank,EWB-1000260,Foreign National,FHLMC,Borrower 260,"8475 Main St, Unit 29",Residential Property (1-4 Units),LC1,WA,North,3,LOSS,Karen Anderson,2022-08-24,2052-08-16,2026-04-20,4055,30-Day Delinquent,30,368689,0,409214,451266,2022-08-09,798,81.7,2025-11-17,3600,315,DDA-80853,9775,2026-03-01,2026-03-17
East West Bank,EWB-1000261,Foreign National,GNMA,Borrower 261,"5470 Main St, Unit 41",Commercial & Multi-Family (5+ Units),CS1,NJ,West,2,DIS,John Smith,2022-12-19,2052-12-11,2026-04-20,1184,Current,0,514595,0,651108,689327,2022-12-04,666,74.65,2025-11-29,4129,690,DDA-30166,24167,2026-03-12,2026-03-17
East West Bank,EWB-1000262,Equity,EWB-INT,Borrower 262,"3820 Main St, Unit 42",Commercial & Multi-Family (5+ Units),LC1,VA,North,2,REO,Patricia Hernandez,2023-01-13,2053-01-05,2026-04-20,3271,30-Day Delinquent,30,900277,0,1348735,1427517,2022-12-29,669,63.07,2025-11-06,4275,354,DDA-45800,10784,2026-03-14,2026-03-17
East West Bank,EWB-1000263,Equity,GNMA,Borrower 263,"8936 Main St, Unit 41",Residential Property (1-4 Units),CR1,IL,East,3,TRNS,James Miller,2023-11-30,2053-11-22,2026-04-20,1008,30-Day Delinquent,30,708508,0,1074618,995826,2023-11-15,690,71.15,2025-12-04,3334,662,DDA-76657,12311,2026-02-27,2026-03-19
East West Bank,EWB-1000264,Lot Loan,FNMA,Borrower 264,"3197 Main St, Unit 47",Residential Property (1-4 Units),SP1,TX,South,2,DIS,Michael Chen,2023-05-21,2053-05-13,2026-04-20,4562,Current,0,775873,0,1078479,1237263,2023-05-06,820,62.71,2025-12-19,4516,986,DDA-30845,8779,2026-03-01,2026-03-17
East West Bank,EWB-1000265,Specialty,FHLMC,Borrower 265,"8872 Main St, Unit 40",Commercial & Multi-Family (5+ Units),CS1,NY,North,3,BK,Matthew Moore,2023-09-28,2053-09-20,2026-04-20,4632,Current,0,466332,0,538043,653636,2023-09-13,588,71.34,2025-11-14,2680,797,DDA-62749,26992,2026-03-03,2026-03-18
East West Bank,EWB-1000266,Foreign National,PRIV,Borrower 266,"2522 Main St, Unit 4",Residential Property (1-4 Units),CE1,MA,West,3,REO,Thomas Thompson,2022-04-12,2052-04-04,2026-04-20,3970,Current,0,763793,0,1055588,1149681,2022-03-28,607,66.44,2025-12-07,1494,703,DDA-46891,27468,2026-03-09,2026-03-16
East West Bank,EWB-1000267,Specialty,FNMA,Borrower 267,"9626 Main St, Unit 19",Commercial & Multi-Family (5+ Units),SP1,NJ,North,2,TRNS,James Miller,2022-10-15,2052-10-07,2026-04-20,2671,Current,0,601682,0,720715,878499,2022-09-30,654,68.49,2025-11-25,2718,549,DDA-25170,41478,2026-03-20,2026-03-19
East West Bank,EWB-1000268,Lot Loan,PRIV,Borrower 268,"4485 Main St, Unit 48",Commercial & Multi-Family (5+ Units),CR1,NJ,West,4,FC,Donald Martinez,2023-12-30,2053-12-22,2026-04-20,1309,30-Day Delinquent,30,335803,0,514167,619004,2023-12-15,641,54.25,2025-12-09,3728,856,DDA-93105,43125,2026-03-01,2026-03-16
East West Bank,EWB-1000269,Foreign National,GNMA,Borrower 269,"1810 Main St, Unit 23",Residential Property (1-4 Units),HE1,CA,West,4,DIS,Matthew Moore,2023-12-20,2053-12-12,2026-04-20,1373,Current,0,547199,0,837281,1074819,2023-12-05,729,50.91,2025-12-25,4766,873,DDA-67354,8260,2026-03-04,2026-03-19
East West Bank,EWB-1000270,Lot Loan,FHLMC,Borrower 270,"4595 Main St, Unit 35",Commercial & Multi-Family (5+ Units),HE1,NJ,South,1,PIF,David Rodriguez,2022-12-14,2052-12-06,2026-04-20,2405,Current,0,1156079,0,1325592,1551594,2022-11-29,598,74.51,2026-01-01,4052,388,DDA-13626,6784,2026-02-24,2026-03-19
East West Bank,EWB-1000271,Construction,EWB-INT,Borrower 271,"9075 Main St, Unit 29",Commercial & Multi-Family (5+ Units),CR1,NY,North,3,DIS,Matthew Moore,2022-11-18,2052-11-10,2026-04-20,4412,Current,0,598084,0,647562,714277,2022-11-03,787,83.73,2025-11-19,3462,17,DDA-61252,21944,2026-03-19,2026-03-21
East West Bank,EWB-1000272,ARM,FNMA,Borrower 272,"418 Main St, Unit 3",Residential Property (1-4 Units),CS1,NY,North,1,M,Lisa Williams,2022-08-11,2052-08-03,2026-04-20,2772,30-Day Delinquent,30,409814,0,467428,607312,2022-07-27,582,67.48,2025-11-12,2681,78,DDA-30284,48099,2026-03-02,2026-03-21
East West Bank,EWB-1000273,Foreign National,FNMA,Borrower 273,"9051 Main St, Unit 2",Commercial & Multi-Family (5+ Units),CR1,MA,South,2,FC,Donald Martinez,2022-09-30,2052-09-22,2026-04-20,2276,60-Day Delinquent,60,669937,0,840907,1000732,2022-09-15,594,66.94,2025-12-01,3317,16,DDA-39003,42343,2026-02-25,2026-03-18
East West Bank,EWB-1000274,Foreign National,FNMA,Borrower 274,"9313 Main St, Unit 24",Residential Property (1-4 Units),SP1,FL,South,3,SII,Joseph White,2023-09-15,2053-09-07,2026-04-20,4437,Current,0,1131256,0,1363997,1388558,2023-08-31,770,81.47,2025-11-27,1656,554,DDA-44346,26591,2026-03-19,2026-03-16
East West Bank,EWB-1000275,Lot Loan,FNMA,Borrower 275,"297 Main St, Unit 29",Commercial & Multi-Family (5+ Units),CR1,CA,West,2,LEG,Christopher Thomas,2023-01-21,2053-01-13,2026-04-20,1948,Current,0,450236,0,588661,662539,2023-01-06,719,67.96,2025-11-15,2672,219,DDA-41220,17829,2026-02-21,2026-03-16
East West Bank,EWB-1000276,Specialty,GNMA,Borrower 276,"5723 Main St, Unit 5",Residential Property (1-4 Units),CE1,NY,South,2,PIF,Charles Wilson,2022-10-29,2052-10-21,2026-04-20,2954,90-Day Delinquent,120,610180,461,723695,797560,2022-10-14,658,76.51,2025-11-20,4149,644,DDA-66731,38851,2026-02-25,2026-03-21
East West Bank,EWB-1000277,Specialty,GNMA,Borrower 277,"2739 Main St, Unit 8",Commercial & Multi-Family (5+ Units),SP1,TX,West,4,FC,Michael Chen,2023-10-17,2053-10-09,2026-04-20,2211,Current,0,809352,0,1143176,1070371,2023-10-02,705,75.61,2025-12-20,1571,380,DDA-62746,37074,2026-03-19,2026-03-17
East West Bank,EWB-1000278,Lot Loan,EWB-INT,Borrower 278,"4844 Main St, Unit 46",Commercial & Multi-Family (5+ Units),LC1,CA,East,4,PIF,Sandra Garcia,2023-03-06,2053-02-26,2026-04-20,1081,Current,0,596068,0,628007,770089,2023-02-19,741,77.4,2025-12-25,4095,44,DDA-98711,47161,2026-03-07,2026-03-17
East West Bank,EWB-1000279,ARM,EWB-INT,Borrower 279,"1218 Main St, Unit 40",Commercial & Multi-Family (5+ Units),HE1,NJ,North,2,BK,Joseph White,2023-09-05,2053-08-28,2026-04-20,3857,90-Day Delinquent,90,1221134,1184,1424732,1555396,2023-08-21,674,78.51,2025-11-08,3430,288,DDA-18341,23275,2026-02-19,2026-03-20
East West Bank,EWB-1000280,Specialty,FNMA,Borrower 280,"6979 Main St, Unit 42",Commercial & Multi-Family (5+ Units),HE1,NJ,West,2,FC,James Miller,2022-01-18,2052-01-11,2026-04-20,4423,Current,0,581350,0,675303,653731,2022-01-03,788,88.93,2025-11-16,2366,54,DDA-61650,33924,2026-03-20,2026-03-19
East West Bank,EWB-1000281,Foreign National,FHLMC,Borrower 281,"9356 Main St, Unit 23",Commercial & Multi-Family (5+ Units),LC1,FL,West,4,PIF,Robert Brown,2023-05-05,2053-04-27,2026-04-20,1711,Current,0,89077,0,177712,221031,2023-04-20,628,40.3,2025-12-13,1126,586,DDA-77421,43517,2026-03-05,2026-03-20
East West Bank,EWB-1000282,Equity,EWB-INT,Borrower 282,"7707 Main St, Unit 33",Residential Property (1-4 Units),CR1,GA,East,1,PIF,Nancy Jackson,2023-09-29,2053-09-21,2026-04-20,1687,Current,0,142773,0,262816,240014,2023-09-14,764,59.49,2025-11-27,1475,506,DDA-41662,18879,2026-03-01,2026-03-21
East West Bank,EWB-1000283,Conventional,PRIV,Borrower 283,"9918 Main St, Unit 48",Commercial & Multi-Family (5+ Units),CE1,NY,West,2,BK,Robert Brown,2023-11-30,2053-11-22,2026-04-20,4105,Current,0,357473,0,435977,401236,2023-11-15,703,89.09,2025-12-06,2170,283,DDA-65004,40465,2026-03-04,2026-03-20
East West Bank,EWB-1000284,Construction,PRIV,Borrower 284,"245 Main St, Unit 5",Commercial & Multi-Family (5+ Units),CE1,WA,South,3,SII,Donald Martinez,2023-08-10,2053-08-02,2026-04-20,1291,Current,0,775579,0,956741,972619,2023-07-26,624,79.74,2025-12-11,3257,772,DDA-66482,21966,2026-03-17,2026-03-16
East West Bank,EWB-1000285,Foreign National,FNMA,Borrower 285,"7186 Main St, Unit 38",Residential Property (1-4 Units),CE1,IL,South,2,DIS,Daniel Martin,2023-06-19,2053-06-11,2026-04-20,4316,60-Day Delinquent,60,768080,0,1154208,1363887,2023-06-04,661,56.32,2025-11-21,3002,153,DDA-86201,36365,2026-02-19,2026-03-18
East West Bank,EWB-1000286,Conventional,PRIV,Borrower 286,"232 Main St, Unit 18",Residential Property (1-4 Units),CR1,MA,West,2,FC,Susan Martinez,2023-11-06,2053-10-29,2026-04-20,3694,60-Day Delinquent,60,702574,0,1012312,1264402,2023-10-22,814,55.57,2025-12-23,2593,197,DDA-42055,3528,2026-03-01,2026-03-21
East West Bank,EWB-1000287,Conventional,FNMA,Borrower 287,"813 Main St, Unit 33",Commercial & Multi-Family (5+ Units),CR1,CA,North,4,DIS,Matthew Moore,2023-08-24,2053-08-16,2026-04-20,3387,Current,0,122579,0,150404,185248,2023-08-09,794,66.17,2025-12-28,3154,532,DDA-30426,20523,2026-02-20,2026-03-16
East West Bank,EWB-1000288,ARM,EWB-INT,Borrower 288,"8049 Main St, Unit 17",Commercial & Multi-Family (5+ Units),LC1,NJ,South,3,LOSS,Barbara Taylor,2023-06-29,2053-06-21,2026-04-20,3421,Current,0,862317,0,1473483,1744994,2023-06-14,585,49.42,2025-12-29,4528,41,DDA-52865,2503,2026-03-18,2026-03-21
East West Bank,EWB-1000289,Specialty,FHLMC,Borrower 289,"1773 Main St, Unit 10",Commercial & Multi-Family (5+ Units),CE1,NY,North,1,M,James Miller,2022-12-20,2052-12-12,2026-04-20,3808,60-Day Delinquent,60,650154,0,1034574,960004,2022-12-05,719,67.72,2025-11-19,2645,437,DDA-60521,31891,2026-02-21,2026-03-18
East West Bank,EWB-1000290,Foreign National,FHLMC,Borrower 290,"3732 Main St, Unit 50",Residential Property (1-4 Units),CS1,TX,West,2,SII,Barbara Taylor,2023-01-14,2053-01-06,2026-04-20,2651,30-Day Delinquent,30,347072,0,492786,566884,2022-12-30,720,61.22,2025-12-29,3943,896,DDA-23503,18871,2026-02-21,2026-03-19
East West Bank,EWB-1000291,Conventional,GNMA,Borrower 291,"8249 Main St, Unit 47",Commercial & Multi-Family (5+ Units),HE1,NJ,North,2,DIS,Sandra Garcia,2022-11-21,2052-11-13,2026-04-20,3796,Current,0,277329,0,350244,355713,2022-11-06,768,77.96,2025-11-27,4161,81,DDA-26814,27188,2026-03-06,2026-03-16
East West Bank,EWB-1000292,Foreign National,PRIV,Borrower 292,"9090 Main St, Unit 19",Commercial & Multi-Family (5+ Units),CS1,VA,West,3,BK,Nancy Jackson,2022-05-25,2052-05-17,2026-04-20,3445,90-Day Delinquent,120,192813,327,313273,401203,2022-05-10,640,48.06,2025-12-22,1901,679,DDA-98794,23978,2026-03-17,2026-03-20
East West Bank,EWB-1000293,Conventional,GNMA,Borrower 293,"9982 Main St, Unit 44",Residential Property (1-4 Units),CS1,CA,North,2,M,Donald Martinez,2022-12-27,2052-12-19,2026-04-20,3193,Current,0,1057223,0,1237341,1313570,2022-12-12,771,80.48,2025-11-23,4745,339,DDA-60949,6035,2026-03-20,2026-03-16
East West Bank,EWB-1000294,ARM,FHLMC,Borrower 294,"6059 Main St, Unit 17",Commercial & Multi-Family (5+ Units),CR1,IL,East,2,LEG,Linda Garcia,2022-02-17,2052-02-10,2026-04-20,4958,Current,0,914022,0,1084604,1244996,2022-02-02,683,73.42,2025-11-16,4381,702,DDA-70752,16893,2026-03-18,2026-03-18
East West Bank,EWB-1000295,Specialty,GNMA,Borrower 295,"6659 Main St, Unit 18",Commercial & Multi-Family (5+ Units),CE1,CA,West,3,BK,Richard Davis,2023-03-12,2053-03-04,2026-04-20,4845,Current,0,1185016,0,1399728,1373619,2023-02-25,795,86.27,2025-12-01,4432,907,DDA-28383,44007,2026-03-11,2026-03-16
East West Bank,EWB-1000296,Construction,FNMA,Borrower 296,"8351 Main St, Unit 50",Commercial & Multi-Family (5+ Units),HE1,TX,North,4,TRNS,John Smith,2022-04-01,2052-03-24,2026-04-20,3474,30-Day Delinquent,30,137270,0,242193,252369,2022-03-17,758,54.39,2025-12-18,4934,551,DDA-94133,12271,2026-03-18,2026-03-18
East West Bank,EWB-1000297,ARM,FHLMC,Borrower 297,"8412 Main St, Unit 22",Residential Property (1-4 Units),CS1,CA,West,2,PIF,Nancy Jackson,2023-01-26,2053-01-18,2026-04-20,3467,Current,0,1236370,0,1336887,1315687,2023-01-11,750,93.97,2025-12-16,4858,450,DDA-43663,10380,2026-02-24,2026-03-20
East West Bank,EWB-1000298,ARM,GNMA,Borrower 298,"6306 Main St, Unit 43",Commercial & Multi-Family (5+ Units),CR1,NJ,North,3,TRNS,Robert Brown,2023-08-14,2053-08-06,2026-04-20,1782,Current,0,336723,0,658153,656423,2023-07-30,746,51.3,2025-12-07,1174,389,DDA-21222,25969,2026-02-20,2026-03-17
East West Bank,EWB-1000299,Lot Loan,EWB-INT,Borrower 299,"1621 Main St, Unit 47",Residential Property (1-4 Units),HE1,IL,West,4,DIS,Karen Anderson,2022-01-28,2052-01-21,2026-04-20,2909,Current,0,713174,0,768362,712548,2022-01-13,716,100.09,2025-12-31,2355,507,DDA-89710,26619,2026-02-22,2026-03-21
East West Bank,EWB-1000300,Equity,EWB-INT,Borrower 300,"1033 Main St, Unit 17",Commercial & Multi-Family (5+ Units),CR1,CA,West,1,LEG,Margaret Harris,2022-08-01,2052-07-24,2026-04-20,3409,Current,0,442366,0,790053,820318,2022-07-17,626,53.93,2025-11-05,4421,952,DDA-49026,35223,2026-03-16,2026-03-16
East West Bank,EWB-1000301,Construction,FHLMC,Borrower 301,"5641 Main St, Unit 50",Residential Property (1-4 Units),CR1,CA,East,2,DIS,Christopher Thomas,2022-03-27,2052-03-19,2026-04-20,1317,90-Day Delinquent,120,150237,151,275917,314139,2022-03-12,692,47.83,2025-11-09,2451,960,DDA-62661,44689,2026-03-06,2026-03-18
East West Bank,EWB-1000302,Lot Loan,FNMA,Borrower 302,"9691 Main St, Unit 7",Commercial & Multi-Family (5+ Units),HE1,IL,South,1,DIS,Emily Watson,2022-03-22,2052-03-14,2026-04-20,2716,90-Day Delinquent,90,510667,2019,848168,909644,2022-03-07,611,56.14,2025-12-29,2608,585,DDA-10746,29216,2026-03-20,2026-03-17
East West Bank,EWB-1000303,ARM,FHLMC,Borrower 303,"1305 Main St, Unit 3",Commercial & Multi-Family (5+ Units),CE1,NY,North,3,PIF,Sandra Garcia,2022-02-14,2052-02-07,2026-04-20,4174,Current,0,306892,0,431342,456981,2022-01-30,676,67.16,2025-11-27,3488,641,DDA-34412,13763,2026-03-07,2026-03-20
East West Bank,EWB-1000304,Construction,GNMA,Borrower 304,"5129 Main St, Unit 37",Residential Property (1-4 Units),CE1,NJ,East,2,LEG,Christopher Thomas,2022-01-07,2051-12-31,2026-04-20,4053,Current,0,896091,0,1242814,1437726,2021-12-23,581,62.33,2025-11-28,2075,66,DDA-41863,36027,2026-03-01,2026-03-19
East West Bank,EWB-1000305,Conventional,PRIV,Borrower 305,"1951 Main St, Unit 37",Commercial & Multi-Family (5+ Units),CS1,CA,East,4,PIF,Susan Martinez,2023-07-01,2053-06-23,2026-04-20,2202,60-Day Delinquent,60,849147,0,1014141,1133787,2023-06-16,692,74.89,2025-11-16,3711,757,DDA-60839,4569,2026-03-08,2026-03-18
East West Bank,EWB-1000306,Foreign National,GNMA,Borrower 306,"5430 Main St, Unit 38",Commercial & Multi-Family (5+ Units),CS1,FL,South,1,DIS,Michael Chen,2023-10-27,2053-10-19,2026-04-20,2504,30-Day Delinquent,30,286020,0,465826,488108,2023-10-12,806,58.6,2025-12-15,4209,749,DDA-14426,3102,2026-03-20,2026-03-20
East West Bank,EWB-1000307,Lot Loan,FHLMC,Borrower 307,"5345 Main St, Unit 12",Commercial & Multi-Family (5+ Units),LC1,CA,East,2,DIS,Michael Chen,2023-02-05,2053-01-28,2026-04-20,3869,90-Day Delinquent,90,386615,2405,477359,461082,2023-01-21,807,83.85,2025-12-11,2964,976,DDA-36838,8245,2026-02-26,2026-03-19
East West Bank,EWB-1000308,ARM,FNMA,Borrower 308,"9653 Main St, Unit 34",Commercial & Multi-Family (5+ Units),HE1,NY,East,2,LOSS,Michael Chen,2023-05-12,2053-05-04,2026-04-20,3649,Current,0,97681,0,156949,179909,2023-04-27,586,54.29,2025-11-07,4243,19,DDA-38230,26828,2026-03-13,2026-03-21
East West Bank,EWB-1000309,ARM,FNMA,Borrower 309,"5038 Main St, Unit 28",Residential Property (1-4 Units),CS1,TX,North,1,DIS,Christopher Thomas,2022-09-07,2052-08-30,2026-04-20,4717,30-Day Delinquent,30,724254,0,812301,879065,2022-08-23,734,82.39,2025-12-26,4518,952,DDA-34594,10602,2026-02-25,2026-03-16
East West Bank,EWB-1000310,Foreign National,PRIV,Borrower 310,"5552 Main St, Unit 17",Residential Property (1-4 Units),CR1,FL,South,4,SII,Karen Anderson,2023-03-04,2053-02-24,2026-04-20,1273,Current,0,777561,0,930722,1060220,2023-02-17,754,73.34,2026-01-01,1720,64,DDA-12404,41301,2026-03-15,2026-03-20
East West Bank,EWB-1000311,Lot Loan,FNMA,Borrower 311,"9157 Main St, Unit 13",Residential Property (1-4 Units),LC1,FL,West,3,BK,Sarah Jenkins,2023-01-26,2053-01-18,2026-04-20,1288,90-Day Delinquent,90,325414,4830,626467,777530,2023-01-11,641,41.85,2025-11-06,3680,925,DDA-40609,19490,2026-03-05,2026-03-18
East West Bank,EWB-1000312,Specialty,FHLMC,Borrower 312,"5552 Main St, Unit 9",Commercial & Multi-Family (5+ Units),LC1,FL,North,2,TRNS,Patricia Hernandez,2023-09-29,2053-09-21,2026-04-20,1430,Current,0,745997,0,1124304,1317447,2023-09-14,654,56.62,2025-11-29,4388,892,DDA-71720,10934,2026-03-19,2026-03-19
East West Bank,EWB-1000313,Equity,PRIV,Borrower 313,"5250 Main St, Unit 26",Residential Property (1-4 Units),HE1,NJ,North,4,DIS,John Smith,2023-03-23,2053-03-15,2026-04-20,1802,60-Day Delinquent,60,303346,0,400875,413871,2023-03-08,621,73.29,2025-12-05,3670,516,DDA-91232,11800,2026-03-12,2026-03-17
East West Bank,EWB-1000314,Foreign National,EWB-INT,Borrower 314,"2997 Main St, Unit 38",Commercial & Multi-Family (5+ Units),CR1,TX,East,1,REO,Christopher Thomas,2023-10-04,2053-09-26,2026-04-20,3008,Current,0,662971,0,857689,1020385,2023-09-19,750,64.97,2025-12-06,2239,584,DDA-80273,42564,2026-02-22,2026-03-16
East West Bank,EWB-1000315,Lot Loan,PRIV,Borrower 315,"5958 Main St, Unit 30",Residential Property (1-4 Units),CR1,NY,West,2,M,Michael Chen,2023-09-27,2053-09-19,2026-04-20,1403,90-Day Delinquent,90,775987,2670,1446516,1639770,2023-09-12,669,47.32,2025-11-24,2182,346,DDA-70779,37304,2026-03-05,2026-03-18
East West Bank,EWB-1000316,Foreign National,GNMA,Borrower 316,"3286 Main St, Unit 1",Commercial & Multi-Family (5+ Units),CS1,GA,East,4,TRNS,Emily Watson,2022-02-19,2052-02-12,2026-04-20,2321,60-Day Delinquent,60,1194463,0,1415040,1797400,2022-02-04,606,66.46,2026-01-01,2782,579,DDA-20203,19751,2026-03-08,2026-03-18
East West Bank,EWB-1000317,Conventional,GNMA,Borrower 317,"6785 Main St, Unit 7",Commercial & Multi-Family (5+ Units),LC1,WA,West,3,REO,Christopher Thomas,2023-05-08,2053-04-30,2026-04-20,2341,Current,0,709367,0,800199,926455,2023-04-23,709,76.57,2025-11-22,2222,546,DDA-50768,21710,2026-03-06,2026-03-20
East West Bank,EWB-1000318,Lot Loan,PRIV,Borrower 318,"800 Main St, Unit 8",Residential Property (1-4 Units),LC1,WA,East,4,M,Christopher Thomas,2023-02-15,2053-02-07,2026-04-20,4782,Current,0,706663,0,1009909,986026,2023-01-31,672,71.67,2025-12-26,3983,82,DDA-41885,43927,2026-02-23,2026-03-20
East West Bank,EWB-1000319,Construction,EWB-INT,Borrower 319,"6916 Main St, Unit 18",Commercial & Multi-Family (5+ Units),LC1,WA,North,4,REO,Margaret Harris,2022-10-24,2052-10-16,2026-04-20,4686,Current,0,560867,0,744124,680594,2022-10-09,814,82.41,2025-12-30,3580,642,DDA-79443,23934,2026-02-24,2026-03-19
East West Bank,EWB-1000320,Equity,PRIV,Borrower 320,"8542 Main St, Unit 2",Commercial & Multi-Family (5+ Units),CR1,FL,South,2,PIF,Emily Watson,2022-01-24,2052-01-17,2026-04-20,4123,Current,0,230390,0,408090,505465,2022-01-09,788,45.58,2025-11-13,4558,76,DDA-95582,13674,2026-03-20,2026-03-19
East West Bank,EWB-1000321,Conventional,FNMA,Borrower 321,"2570 Main St, Unit 48",Commercial & Multi-Family (5+ Units),LC1,CA,East,4,DIS,Nancy Jackson,2022-06-07,2052-05-30,2026-04-20,1843,Current,0,507455,0,921954,1178706,2022-05-23,696,43.05,2025-12-15,2242,159,DDA-80174,32522,2026-03-05,2026-03-19
East West Bank,EWB-1000322,Lot Loan,EWB-INT,Borrower 322,"2555 Main St, Unit 45",Commercial & Multi-Family (5+ Units),SP1,IL,West,2,SII,Christopher Thomas,2022-06-11,2052-06-03,2026-04-20,4168,Current,0,665752,0,829574,962590,2022-05-27,783,69.16,2025-12-11,3685,66,DDA-14764,31648,2026-03-07,2026-03-19
East West Bank,EWB-1000323,Foreign National,PRIV,Borrower 323,"6852 Main St, Unit 6",Residential Property (1-4 Units),CR1,TX,South,2,M,Daniel Martin,2022-11-27,2052-11-19,2026-04-20,2221,Current,0,334475,0,352846,418133,2022-11-12,607,79.99,2025-12-09,3842,5,DDA-27177,22589,2026-03-18,2026-03-21
East West Bank,EWB-1000324,ARM,EWB-INT,Borrower 324,"3106 Main St, Unit 10",Commercial & Multi-Family (5+ Units),HE1,VA,North,2,SII,Nancy Jackson,2022-02-13,2052-02-06,2026-04-20,2279,Current,0,708657,0,1222647,1169076,2022-01-29,738,60.62,2026-01-01,2126,907,DDA-74038,12165,2026-03-18,2026-03-17
East West Bank,EWB-1000325,ARM,FNMA,Borrower 325,"469 Main St, Unit 24",Residential Property (1-4 Units),SP1,GA,West,2,BK,Emily Watson,2022-09-30,2052-09-22,2026-04-20,4723,Current,0,900130,0,1062259,1314775,2022-09-15,716,68.46,2025-12-16,2662,293,DDA-56236,31534,2026-03-17,2026-03-18
East West Bank,EWB-1000326,Specialty,FHLMC,Borrower 326,"5600 Main St, Unit 1",Commercial & Multi-Family (5+ Units),CE1,NY,North,1,FC,Jessica Taylor,2022-10-28,2052-10-20,2026-04-20,3325,Current,0,750212,0,1455794,1349897,2022-10-13,638,55.58,2025-11-10,3622,914,DDA-85151,19958,2026-03-17,2026-03-16
East West Bank,EWB-1000327,Foreign National,EWB-INT,Borrower 327,"8073 Main St, Unit 35",Residential Property (1-4 Units),CR1,WA,South,1,M,Patricia Hernandez,2022-11-28,2052-11-20,2026-04-20,1063,90-Day Delinquent,90,538452,1126,576650,635620,2022-11-13,685,84.71,2025-12-11,4188,243,DDA-42497,12114,2026-03-17,2026-03-19
East West Bank,EWB-1000328,Construction,EWB-INT,Borrower 328,"9776 Main St, Unit 47",Commercial & Multi-Family (5+ Units),HE1,GA,West,3,REO,Nancy Jackson,2022-03-02,2052-02-23,2026-04-20,4783,30-Day Delinquent,30,906725,0,1078818,1145973,2022-02-15,629,79.12,2025-11-04,3962,968,DDA-57390,24670,2026-02-28,2026-03-21
East West Bank,EWB-1000329,Specialty,PRIV,Borrower 329,"1103 Main St, Unit 16",Commercial & Multi-Family (5+ Units),CR1,VA,East,4,BK,Karen Anderson,2023-06-18,2053-06-10,2026-04-20,2731,Current,0,850666,0,1309771,1459679,2023-06-03,744,58.28,2025-11-25,1637,346,DDA-77320,23562,2026-03-06,2026-03-19
East West Bank,EWB-1000330,ARM,PRIV,Borrower 330,"4279 Main St, Unit 44",Commercial & Multi-Family (5+ Units),CR1,NJ,East,3,TRNS,Patricia Hernandez,2022-04-17,2052-04-09,2026-04-20,1316,Current,0,252643,0,435205,495298,2022-04-02,769,51.01,2025-11-06,2869,409,DDA-38552,2041,2026-02-23,2026-03-19
East West Bank,EWB-1000331,Foreign National,FHLMC,Borrower 331,"3462 Main St, Unit 30",Commercial & Multi-Family (5+ Units),SP1,FL,North,4,DIS,Charles Wilson,2023-06-05,2053-05-28,2026-04-20,3179,Current,0,247899,0,280560,298570,2023-05-21,814,83.03,2025-12-30,4669,149,DDA-73559,27811,2026-02-19,2026-03-16
East West Bank,EWB-1000332,Conventional,FNMA,Borrower 332,"5780 Main St, Unit 3",Commercial & Multi-Family (5+ Units),CE1,IL,East,3,BK,Karen Anderson,2022-11-03,2052-10-26,2026-04-20,3027,Current,0,242608,0,297979,298989,2022-10-19,616,81.14,2025-12-21,1057,514,DDA-25857,16748,2026-03-06,2026-03-21
East West Bank,EWB-1000333,Foreign National,FHLMC,Borrower 333,"9027 Main St, Unit 20",Commercial & Multi-Family (5+ Units),LC1,NJ,West,2,DIS,Barbara Taylor,2023-11-10,2053-11-02,2026-04-20,1171,Current,0,145970,0,201745,190051,2023-10-26,717,76.81,2025-12-31,2103,684,DDA-43440,20491,2026-03-09,2026-03-20
East West Bank,EWB-1000334,Conventional,PRIV,Borrower 334,"9416 Main St, Unit 8",Commercial & Multi-Family (5+ Units),CS1,TX,West,4,LEG,Susan Martinez,2022-10-17,2052-10-09,2026-04-20,3537,Current,0,151018,0,241865,297181,2022-10-02,594,50.82,2025-11-05,1070,343,DDA-17873,48237,2026-03-09,2026-03-20
East West Bank,EWB-1000335,Conventional,FNMA,Borrower 335,"2207 Main St, Unit 21",Commercial & Multi-Family (5+ Units),CR1,FL,East,1,BK,Karen Anderson,2023-12-31,2053-12-23,2026-04-20,1960,30-Day Delinquent,30,934547,0,1222200,1354693,2023-12-16,641,68.99,2025-12-25,4755,919,DDA-81508,30305,2026-03-18,2026-03-19
East West Bank,EWB-1000336,Specialty,FHLMC,Borrower 336,"7302 Main St, Unit 43",Residential Property (1-4 Units),CE1,TX,South,2,FC,Susan Martinez,2023-07-10,2053-07-02,2026-04-20,4980,Current,0,552035,0,959006,1151571,2023-06-25,605,47.94,2025-11-29,3138,705,DDA-61404,28265,2026-02-21,2026-03-18
East West Bank,EWB-1000337,Lot Loan,FNMA,Borrower 337,"6793 Main St, Unit 32",Residential Property (1-4 Units),HE1,VA,North,3,TRNS,Susan Martinez,2023-02-09,2053-02-01,2026-04-20,3692,30-Day Delinquent,30,658293,0,1077982,1330657,2023-01-25,663,49.47,2025-11-06,2562,583,DDA-32977,31953,2026-03-18,2026-03-18
East West Bank,EWB-1000338,Equity,PRIV,Borrower 338,"9624 Main St, Unit 28",Residential Property (1-4 Units),LC1,NY,East,3,TRNS,Sarah Jenkins,2023-04-04,2053-03-27,2026-04-20,2241,Current,0,782172,0,1178202,1391841,2023-03-20,585,56.2,2025-12-02,3696,545,DDA-49909,18066,2026-03-04,2026-03-19
East West Bank,EWB-1000339,Conventional,EWB-INT,Borrower 339,"5560 Main St, Unit 4",Residential Property (1-4 Units),CR1,NJ,North,2,TRNS,Jessica Taylor,2022-08-31,2052-08-23,2026-04-20,1885,90-Day Delinquent,90,177691,1930,333868,375354,2022-08-16,651,47.34,2025-11-24,3644,427,DDA-23974,9075,2026-02-25,2026-03-20
East West Bank,EWB-1000340,Specialty,EWB-INT,Borrower 340,"5927 Main St, Unit 25",Residential Property (1-4 Units),SP1,IL,North,3,LEG,Sandra Garcia,2022-09-24,2052-09-16,2026-04-20,4601,Current,0,598329,0,738579,862249,2022-09-09,754,69.39,2025-12-29,3644,953,DDA-74898,24552,2026-03-09,2026-03-19
East West Bank,EWB-1000341,ARM,GNMA,Borrower 341,"5627 Main St, Unit 49",Commercial & Multi-Family (5+ Units),LC1,NY,East,3,SII,Linda Garcia,2023-09-20,2053-09-12,2026-04-20,3005,60-Day Delinquent,60,791576,0,1064032,1304746,2023-09-05,643,60.67,2025-11-07,4534,82,DDA-32599,8889,2026-03-06,2026-03-20
East West Bank,EWB-1000342,Specialty,GNMA,Borrower 342,"7107 Main St, Unit 43",Residential Property (1-4 Units),HE1,IL,East,4,PIF,Daniel Martin,2023-01-24,2053-01-16,2026-04-20,3436,Current,0,898909,0,1067559,1119348,2023-01-09,754,80.31,2025-11-12,3509,376,DDA-22651,31387,2026-03-18,2026-03-19
East West Bank,EWB-1000343,Foreign National,EWB-INT,Borrower 343,"6879 Main St, Unit 30",Commercial & Multi-Family (5+ Units),CR1,GA,North,3,DIS,Matthew Moore,2023-10-20,2053-10-12,2026-04-20,2077,Current,0,454964,0,539593,689241,2023-10-05,670,66.01,2025-11-12,1731,503,DDA-88436,14862,2026-02-27,2026-03-17
East West Bank,EWB-1000344,Conventional,GNMA,Borrower 344,"8527 Main St, Unit 21",Residential Property (1-4 Units),CR1,MA,West,2,PIF,Sandra Garcia,2023-03-20,2053-03-12,2026-04-20,2424,60-Day Delinquent,60,130916,0,217661,268096,2023-03-05,785,48.83,2025-12-15,3412,833,DDA-45019,29812,2026-03-04,2026-03-18
East West Bank,EWB-1000345,Construction,FNMA,Borrower 345,"3930 Main St, Unit 35",Commercial & Multi-Family (5+ Units),CS1,NY,North,4,BK,Matthew Moore,2023-12-08,2053-11-30,2026-04-20,2011,Current,0,253280,0,416765,508861,2023-11-23,775,49.77,2025-12-24,4355,752,DDA-46534,24033,2026-03-08,2026-03-21
East West Bank,EWB-1000346,Equity,FNMA,Borrower 346,"3332 Main St, Unit 43",Residential Property (1-4 Units),HE1,FL,North,2,PIF,Daniel Martin,2022-01-12,2052-01-05,2026-04-20,4932,Current,0,1314952,0,1457506,1632647,2021-12-28,736,80.54,2025-12-21,4993,458,DDA-27868,27633,2026-02-28,2026-03-16
East West Bank,EWB-1000347,Lot Loan,GNMA,Borrower 347,"2578 Main St, Unit 36",Residential Property (1-4 Units),SP1,TX,South,2,M,Lisa Williams,2023-08-04,2053-07-27,2026-04-20,1668,30-Day Delinquent,30,769296,0,954462,928511,2023-07-20,802,82.85,2025-11-27,1959,927,DDA-93491,38551,2026-02-27,2026-03-20
East West Bank,EWB-1000348,Foreign National,FNMA,Borrower 348,"4386 Main St, Unit 24",Commercial & Multi-Family (5+ Units),CR1,TX,East,3,PIF,Donald Martinez,2023-02-20,2053-02-12,2026-04-20,3446,60-Day Delinquent,60,314488,0,598874,604352,2023-02-05,720,52.04,2025-11-07,4587,26,DDA-86137,11861,2026-03-08,2026-03-21
East West Bank,EWB-1000349,Conventional,FNMA,Borrower 349,"7933 Main St, Unit 9",Commercial & Multi-Family (5+ Units),HE1,NY,North,3,REO,John Smith,2022-08-15,2052-08-07,2026-04-20,4544,Current,0,827115,0,1173980,1261949,2022-07-31,777,65.54,2025-11-30,3275,190,DDA-89734,28210,2026-02-28,2026-03-18
East West Bank,EWB-1000350,Lot Loan,GNMA,Borrower 350,"5803 Main St, Unit 1",Residential Property (1-4 Units),HE1,TX,South,3,SII,Robert Brown,2023-08-20,2053-08-12,2026-04-20,4731,90-Day Delinquent,90,625767,714,763157,710911,2023-08-05,647,88.02,2025-11-16,2717,828,DDA-64474,42872,2026-02-26,2026-03-17
East West Bank,EWB-1000351,Foreign National,FNMA,Borrower 351,"4593 Main St, Unit 19",Commercial & Multi-Family (5+ Units),CE1,GA,West,1,TRNS,Sandra Garcia,2022-01-13,2052-01-06,2026-04-20,2900,Current,0,772272,0,1365502,1739607,2021-12-29,698,44.39,2025-11-06,4056,991,DDA-92339,2888,2026-03-01,2026-03-17
East West Bank,EWB-1000352,Lot Loan,EWB-INT,Borrower 352,"4604 Main St, Unit 6",Commercial & Multi-Family (5+ Units),LC1,CA,West,4,BK,Sandra Garcia,2023-11-26,2053-11-18,2026-04-20,4079,Current,0,333787,0,581734,650205,2023-11-11,616,51.34,2025-12-06,3935,178,DDA-16144,16198,2026-03-08,2026-03-21
East West Bank,EWB-1000353,Foreign National,PRIV,Borrower 353,"2622 Main St, Unit 47",Commercial & Multi-Family (5+ Units),CS1,VA,South,4,SII,Jessica Taylor,2022-11-18,2052-11-10,2026-04-20,3306,Current,0,259773,0,371897,481402,2022-11-03,580,53.96,2025-12-08,4552,250,DDA-57565,27946,2026-02-20,2026-03-20
East West Bank,EWB-1000354,Conventional,GNMA,Borrower 354,"1555 Main St, Unit 38",Residential Property (1-4 Units),CS1,GA,South,4,BK,Lisa Williams,2023-08-12,2053-08-04,2026-04-20,3677,Current,0,222797,0,245462,235529,2023-07-28,757,94.59,2025-12-04,1459,810,DDA-46394,8362,2026-02-24,2026-03-19
East West Bank,EWB-1000355,Conventional,EWB-INT,Borrower 355,"3175 Main St, Unit 44",Residential Property (1-4 Units),HE1,NJ,West,2,PIF,Patricia Hernandez,2023-01-06,2052-12-29,2026-04-20,1252,Current,0,862705,0,920173,870681,2022-12-22,725,99.08,2025-11-13,2899,691,DDA-46846,18222,2026-02-27,2026-03-20
East West Bank,EWB-1000356,Foreign National,EWB-INT,Borrower 356,"4723 Main St, Unit 11",Residential Property (1-4 Units),SP1,FL,South,4,DIS,Robert Brown,2023-03-16,2053-03-08,2026-04-20,1259,Current,0,618138,0,808956,1026212,2023-03-01,769,60.23,2025-11-29,3493,147,DDA-78604,43762,2026-03-08,2026-03-21
East West Bank,EWB-1000357,ARM,FHLMC,Borrower 357,"8920 Main St, Unit 38",Commercial & Multi-Family (5+ Units),SP1,MA,South,3,PIF,Susan Martinez,2022-08-03,2052-07-26,2026-04-20,2084,Current,0,491521,0,681849,833272,2022-07-19,774,58.99,2025-12-17,2137,639,DDA-13052,37708,2026-03-08,2026-03-17
East West Bank,EWB-1000358,Specialty,PRIV,Borrower 358,"2075 Main St, Unit 6",Residential Property (1-4 Units),CR1,MA,West,4,BK,Donald Martinez,2022-02-05,2052-01-29,2026-04-20,2331,60-Day Delinquent,60,287741,0,536193,680395,2022-01-21,820,42.29,2025-11-18,4423,922,DDA-54382,36346,2026-03-11,2026-03-20
East West Bank,EWB-1000359,ARM,EWB-INT,Borrower 359,"6943 Main St, Unit 21",Residential Property (1-4 Units),LC1,VA,East,2,LEG,Susan Martinez,2022-10-17,2052-10-09,2026-04-20,2972,Current,0,129462,0,176069,207975,2022-10-02,635,62.25,2025-11-18,3303,448,DDA-26938,30822,2026-02-28,2026-03-20
East West Bank,EWB-1000360,Conventional,GNMA,Borrower 360,"4099 Main St, Unit 49",Commercial & Multi-Family (5+ Units),CS1,NJ,West,1,PIF,Karen Anderson,2022-06-10,2052-06-02,2026-04-20,1222,Current,0,554513,0,620951,602992,2022-05-26,763,91.96,2025-12-02,3395,751,DDA-46999,31924,2026-03-15,2026-03-20
East West Bank,EWB-1000361,Equity,GNMA,Borrower 361,"8850 Main St, Unit 27",Commercial & Multi-Family (5+ Units),HE1,FL,West,3,SII,Daniel Martin,2022-02-05,2052-01-29,2026-04-20,4711,Current,0,382064,0,746562,765410,2022-01-21,645,49.92,2025-11-03,2921,813,DDA-81285,31110,2026-03-19,2026-03-21
East West Bank,EWB-1000362,Equity,GNMA,Borrower 362,"5999 Main St, Unit 23",Commercial & Multi-Family (5+ Units),HE1,FL,North,3,BK,Donald Martinez,2023-12-22,2053-12-14,2026-04-20,4512,Current,0,183849,0,341076,418214,2023-12-07,597,43.96,2025-12-19,4021,304,DDA-42360,29159,2026-03-09,2026-03-21
East West Bank,EWB-1000363,Lot Loan,PRIV,Borrower 363,"2835 Main St, Unit 49",Residential Property (1-4 Units),CS1,WA,East,3,LOSS,Nancy Jackson,2022-12-18,2052-12-10,2026-04-20,4208,Current,0,622016,0,722735,715541,2022-12-03,706,86.93,2025-12-25,3050,222,DDA-89442,29227,2026-03-14,2026-03-21
East West Bank,EWB-1000364,Specialty,FHLMC,Borrower 364,"157 Main St, Unit 7",Commercial & Multi-Family (5+ Units),HE1,CA,West,3,BK,Sarah Jenkins,2022-09-26,2052-09-18,2026-04-20,4029,Current,0,659951,0,749991,974903,2022-09-11,615,67.69,2025-11-17,4918,556,DDA-18523,1873,2026-03-13,2026-03-21
East West Bank,EWB-1000365,Construction,EWB-INT,Borrower 365,"9504 Main St, Unit 12",Commercial & Multi-Family (5+ Units),HE1,GA,North,3,TRNS,John Smith,2023-04-26,2053-04-18,2026-04-20,3652,Current,0,1188771,0,1311157,1475825,2023-04-11,810,80.55,2025-11-21,3325,177,DDA-69469,27152,2026-02-21,2026-03-20
East West Bank,EWB-1000366,Equity,FHLMC,Borrower 366,"6932 Main St, Unit 1",Commercial & Multi-Family (5+ Units),HE1,TX,West,1,M,Linda Garcia,2023-08-12,2053-08-04,2026-04-20,2641,30-Day Delinquent,30,748061,0,1052580,1128987,2023-07-28,615,66.26,2025-12-14,4385,490,DDA-87141,30905,2026-02-19,2026-03-20
East West Bank,EWB-1000367,Equity,PRIV,Borrower 367,"2004 Main St, Unit 22",Residential Property (1-4 Units),CS1,VA,West,2,LOSS,Sarah Jenkins,2022-09-29,2052-09-21,2026-04-20,1214,Current,0,217082,0,266421,315744,2022-09-14,645,68.75,2025-11-29,3890,123,DDA-35825,12744,2026-02-20,2026-03-21
East West Bank,EWB-1000368,Equity,EWB-INT,Borrower 368,"3677 Main St, Unit 48",Commercial & Multi-Family (5+ Units),HE1,IL,East,2,FC,Emily Watson,2023-11-23,2053-11-15,2026-04-20,4944,Current,0,168170,0,222303,233423,2023-11-08,755,72.05,2025-11-12,1343,24,DDA-85067,11789,2026-03-02,2026-03-21
East West Bank,EWB-1000369,Equity,PRIV,Borrower 369,"116 Main St, Unit 27",Residential Property (1-4 Units),CS1,MA,East,4,LEG,Margaret Harris,2022-07-11,2052-07-03,2026-04-20,3155,Current,0,204963,0,337210,332295,2022-06-26,789,61.68,2025-12-28,2565,912,DDA-76574,17255,2026-03-20,2026-03-18
East West Bank,EWB-1000370,Construction,FNMA,Borrower 370,"7474 Main St, Unit 24",Commercial & Multi-Family (5+ Units),CE1,MA,West,3,LEG,John Smith,2022-06-12,2052-06-04,2026-04-20,3911,Current,0,737172,0,1012557,1222760,2022-05-28,795,60.29,2025-11-28,1346,692,DDA-81297,46506,2026-02-20,2026-03-20
East West Bank,EWB-1000371,Specialty,PRIV,Borrower 371,"5740 Main St, Unit 9",Commercial & Multi-Family (5+ Units),CR1,VA,North,4,TRNS,Thomas Thompson,2022-06-02,2052-05-25,2026-04-20,4928,Current,0,983045,0,1357094,1383134,2022-05-18,632,71.07,2025-11-17,3540,982,DDA-45865,27991,2026-02-21,2026-03-19
East West Bank,EWB-1000372,Specialty,FNMA,Borrower 372,"6496 Main St, Unit 45",Residential Property (1-4 Units),CR1,NJ,North,2,M,Richard Davis,2023-09-03,2053-08-26,2026-04-20,2528,60-Day Delinquent,60,396159,0,568034,716015,2023-08-19,751,55.33,2025-12-18,2548,482,DDA-43854,23792,2026-03-18,2026-03-16
East West Bank,EWB-1000373,Conventional,PRIV,Borrower 373,"9972 Main St, Unit 3",Commercial & Multi-Family (5+ Units),CE1,FL,East,1,LEG,Daniel Martin,2023-11-28,2053-11-20,2026-04-20,1700,Current,0,777320,0,940756,847564,2023-11-13,624,91.71,2025-12-18,4210,681,DDA-87266,12371,2026-03-03,2026-03-18
East West Bank,EWB-1000374,Conventional,PRIV,Borrower 374,"4260 Main St, Unit 14",Residential Property (1-4 Units),CR1,IL,North,2,PIF,Thomas Thompson,2022-01-31,2052-01-24,2026-04-20,4061,90-Day Delinquent,150,914430,950,1105614,1133733,2022-01-16,599,80.66,2025-11-18,3785,161,DDA-33325,9482,2026-03-14,2026-03-20
East West Bank,EWB-1000375,Equity,GNMA,Borrower 375,"2592 Main St, Unit 38",Commercial & Multi-Family (5+ Units),CS1,NJ,West,1,BK,Sarah Jenkins,2023-03-21,2053-03-13,2026-04-20,3303,90-Day Delinquent,90,1017465,3829,1147083,1309969,2023-03-06,766,77.67,2025-12-10,2789,360,DDA-22899,7036,2026-03-12,2026-03-16
East West Bank,EWB-1000376,Conventional,FNMA,Borrower 376,"1667 Main St, Unit 25",Residential Property (1-4 Units),HE1,TX,North,4,LEG,Charles Wilson,2022-07-20,2052-07-12,2026-04-20,4149,90-Day Delinquent,90,800434,3591,912501,832699,2022-07-05,794,96.13,2025-11-18,1245,143,DDA-37890,46354,2026-03-15,2026-03-17
East West Bank,EWB-1000377,Specialty,EWB-INT,Borrower 377,"4744 Main St, Unit 25",Commercial & Multi-Family (5+ Units),SP1,GA,East,2,LEG,Sarah Jenkins,2023-12-09,2053-12-01,2026-04-20,1000,90-Day Delinquent,120,220978,3073,262221,336076,2023-11-24,787,65.75,2025-11-30,1576,653,DDA-70962,1060,2026-03-12,2026-03-17
East West Bank,EWB-1000378,Construction,GNMA,Borrower 378,"3588 Main St, Unit 49",Commercial & Multi-Family (5+ Units),HE1,VA,East,3,REO,Jessica Taylor,2022-10-28,2052-10-20,2026-04-20,1990,Current,0,496709,0,949666,948485,2022-10-13,768,52.37,2025-11-07,3388,279,DDA-52389,17521,2026-02-23,2026-03-21
East West Bank,EWB-1000379,Construction,PRIV,Borrower 379,"7553 Main St, Unit 13",Commercial & Multi-Family (5+ Units),CE1,NJ,West,4,TRNS,James Miller,2023-12-16,2053-12-08,2026-04-20,2264,60-Day Delinquent,60,892994,0,989873,1037423,2023-12-01,747,86.08,2025-12-10,4924,712,DDA-47168,48426,2026-03-03,2026-03-20
East West Bank,EWB-1000380,Construction,GNMA,Borrower 380,"2312 Main St, Unit 26",Residential Property (1-4 Units),CS1,IL,South,3,LEG,Daniel Martin,2022-08-06,2052-07-29,2026-04-20,3215,Current,0,271163,0,394761,420475,2022-07-22,641,64.49,2025-11-23,3518,184,DDA-31869,37724,2026-03-14,2026-03-18
East West Bank,EWB-1000381,Specialty,GNMA,Borrower 381,"6901 Main St, Unit 43",Commercial & Multi-Family (5+ Units),SP1,NJ,West,2,FC,Susan Martinez,2022-01-31,2052-01-24,2026-04-20,4169,Current,0,257245,0,287541,353990,2022-01-16,724,72.67,2025-11-26,1910,90,DDA-69075,21191,2026-03-10,2026-03-18
East West Bank,EWB-1000382,Conventional,PRIV,Borrower 382,"5964 Main St, Unit 6",Commercial & Multi-Family (5+ Units),CR1,GA,West,4,M,Jessica Taylor,2022-11-15,2052-11-07,2026-04-20,3093,90-Day Delinquent,120,159023,2859,214323,259071,2022-10-31,800,61.38,2025-12-19,2496,365,DDA-75231,41821,2026-03-18,2026-03-21
East West Bank,EWB-1000383,Construction,FHLMC,Borrower 383,"7393 Main St, Unit 41",Residential Property (1-4 Units),CR1,CA,South,4,DIS,Michael Chen,2023-12-12,2053-12-04,2026-04-20,4594,Current,0,848518,0,1379024,1631690,2023-11-27,748,52.0,2025-12-25,2571,711,DDA-66159,13867,2026-03-18,2026-03-18
East West Bank,EWB-1000384,Equity,FNMA,Borrower 384,"8436 Main St, Unit 20",Residential Property (1-4 Units),CS1,NY,West,1,FC,Lisa Williams,2023-09-03,2053-08-26,2026-04-20,4711,30-Day Delinquent,30,217218,0,385659,449857,2023-08-19,716,48.29,2025-12-23,1324,856,DDA-80476,25658,2026-03-01,2026-03-20
East West Bank,EWB-1000385,Specialty,FHLMC,Borrower 385,"6760 Main St, Unit 47",Residential Property (1-4 Units),LC1,NY,East,4,REO,John Smith,2022-08-17,2052-08-09,2026-04-20,4246,Current,0,851466,0,1303113,1347329,2022-08-02,611,63.2,2025-11-03,4743,671,DDA-30578,16137,2026-02-26,2026-03-18
East West Bank,EWB-1000386,Lot Loan,EWB-INT,Borrower 386,"6534 Main St, Unit 21",Residential Property (1-4 Units),HE1,CA,North,1,SII,Donald Martinez,2023-10-25,2053-10-17,2026-04-20,2381,60-Day Delinquent,60,852649,0,938260,1135374,2023-10-10,761,75.1,2025-12-30,3421,753,DDA-21224,26617,2026-03-13,2026-03-16
East West Bank,EWB-1000387,Construction,GNMA,Borrower 387,"9410 Main St, Unit 36",Residential Property (1-4 Units),CE1,WA,West,3,PIF,Nancy Jackson,2022-04-20,2052-04-12,2026-04-20,2449,Current,0,790566,0,936275,1065069,2022-04-05,751,74.23,2025-11-16,4297,777,DDA-78134,4956,2026-03-06,2026-03-18
East West Bank,EWB-1000388,Equity,GNMA,Borrower 388,"6690 Main St, Unit 2",Commercial & Multi-Family (5+ Units),SP1,GA,East,4,M,Jessica Taylor,2022-06-02,2052-05-25,2026-04-20,2740,Current,0,583787,0,721650,932963,2022-05-18,766,62.57,2025-11-07,3882,252,DDA-82283,47043,2026-03-13,2026-03-17
East West Bank,EWB-1000389,Specialty,FNMA,Borrower 389,"7113 Main St, Unit 21",Commercial & Multi-Family (5+ Units),HE1,VA,West,1,M,Richard Davis,2022-02-25,2052-02-18,2026-04-20,1411,Current,0,755993,0,916641,929970,2022-02-10,818,81.29,2025-11-24,1591,881,DDA-29801,31583,2026-03-04,2026-03-19
East West Bank,EWB-1000390,Construction,FNMA,Borrower 390,"7114 Main St, Unit 22",Residential Property (1-4 Units),SP1,FL,West,4,FC,Richard Davis,2023-10-31,2053-10-23,2026-04-20,3375,Current,0,886548,0,1280756,1428322,2023-10-16,769,62.07,2025-12-24,2378,569,DDA-98428,7065,2026-03-19,2026-03-18
East West Bank,EWB-1000391,Foreign National,FHLMC,Borrower 391,"1621 Main St, Unit 39",Residential Property (1-4 Units),CS1,NY,West,4,LEG,Michael Chen,2022-09-11,2052-09-03,2026-04-20,2637,Current,0,629527,0,1069723,1070524,2022-08-27,648,58.81,2025-11-18,4318,183,DDA-61170,43996,2026-03-15,2026-03-21
East West Bank,EWB-1000392,Lot Loan,FHLMC,Borrower 392,"8277 Main St, Unit 29",Residential Property (1-4 Units),CS1,GA,East,3,M,James Miller,2023-02-26,2053-02-18,2026-04-20,1597,Current,0,128081,0,155287,172591,2023-02-11,776,74.21,2025-12-27,2823,988,DDA-89079,48488,2026-03-09,2026-03-19
East West Bank,EWB-1000393,Equity,EWB-INT,Borrower 393,"6827 Main St, Unit 26",Residential Property (1-4 Units),CS1,MA,East,4,REO,James Miller,2022-10-27,2052-10-19,2026-04-20,2162,60-Day Delinquent,60,812196,0,1207088,1312469,2022-10-12,650,61.88,2025-12-24,4667,516,DDA-94452,40968,2026-03-02,2026-03-19
East West Bank,EWB-1000394,Equity,FHLMC,Borrower 394,"5299 Main St, Unit 48",Commercial & Multi-Family (5+ Units),LC1,GA,North,2,TRNS,Richard Davis,2022-06-17,2052-06-09,2026-04-20,2982,Current,0,966742,0,1307448,1257644,2022-06-02,727,76.87,2025-12-08,1126,969,DDA-87362,1303,2026-03-15,2026-03-21
East West Bank,EWB-1000395,Conventional,FNMA,Borrower 395,"5928 Main St, Unit 30",Residential Property (1-4 Units),CE1,IL,South,2,DIS,Linda Garcia,2022-08-11,2052-08-03,2026-04-20,3138,60-Day Delinquent,60,147911,0,243070,219376,2022-07-27,778,67.42,2025-11-11,1421,369,DDA-76905,41388,2026-03-10,2026-03-21
East West Bank,EWB-1000396,Lot Loan,EWB-INT,Borrower 396,"2178 Main St, Unit 32",Residential Property (1-4 Units),HE1,VA,North,3,REO,Donald Martinez,2023-08-09,2053-08-01,2026-04-20,3952,Current,0,988441,0,1094118,1198815,2023-07-25,722,82.45,2025-11-07,1207,624,DDA-56364,14315,2026-03-07,2026-03-20
East West Bank,EWB-1000397,Lot Loan,FNMA,Borrower 397,"1467 Main St, Unit 22",Commercial & Multi-Family (5+ Units),CR1,VA,South,2,BK,Matthew Moore,2022-05-03,2052-04-25,2026-04-20,4919,60-Day Delinquent,60,690131,0,1240654,1280757,2022-04-18,666,53.88,2025-12-18,1557,535,DDA-26002,14166,2026-03-01,2026-03-20
East West Bank,EWB-1000398,Equity,GNMA,Borrower 398,"4396 Main St, Unit 16",Commercial & Multi-Family (5+ Units),CE1,WA,South,3,M,John Smith,2023-07-14,2053-07-06,2026-04-20,3749,90-Day Delinquent,90,315815,3386,377645,420559,2023-06-29,776,75.09,2025-12-16,4321,150,DDA-99993,32261,2026-02-21,2026-03-17
East West Bank,EWB-1000399,Foreign National,EWB-INT,Borrower 399,"4218 Main St, Unit 29",Commercial & Multi-Family (5+ Units),CR1,IL,East,4,DIS,Karen Anderson,2023-08-13,2053-08-05,2026-04-20,1943,30-Day Delinquent,30,815533,0,1325885,1655795,2023-07-29,746,49.25,2025-11-03,3955,944,DDA-56073,34645,2026-03-10,2026-03-20
East West Bank,EWB-1000400,Equity,FHLMC,Borrower 400,"2238 Main St, Unit 1",Residential Property (1-4 Units),LC1,WA,West,1,TRNS,Sandra Garcia,2022-07-18,2052-07-10,2026-04-20,3216,90-Day Delinquent,120,722054,2963,1038266,1153516,2022-07-03,621,62.6,2025-11-05,1617,264,DDA-74501,592,2026-03-06,2026-03-20
East West Bank,EWB-1000401,Specialty,EWB-INT,Borrower 401,"2194 Main St, Unit 43",Residential Property (1-4 Units),CE1,NJ,North,4,SII,Sarah Jenkins,2022-06-27,2052-06-19,2026-04-20,4104,90-Day Delinquent,120,360951,4205,496699,501886,2022-06-12,815,71.92,2025-12-07,4477,124,DDA-36934,19955,2026-03-09,2026-03-19
East West Bank,EWB-1000402,Conventional,GNMA,Borrower 402,"4192 Main St, Unit 33",Commercial & Multi-Family (5+ Units),LC1,TX,East,3,FC,Sandra Garcia,2022-10-19,2052-10-11,2026-04-20,4232,Current,0,555512,0,922608,1108464,2022-10-04,680,50.12,2025-12-14,4075,167,DDA-58519,13498,2026-03-05,2026-03-21
East West Bank,EWB-1000403,Lot Loan,EWB-INT,Borrower 403,"3484 Main St, Unit 43",Residential Property (1-4 Units),CR1,NY,South,2,LOSS,Matthew Moore,2023-11-22,2053-11-14,2026-04-20,4218,30-Day Delinquent,30,735890,0,1242501,1380866,2023-11-07,598,53.29,2025-12-28,4580,239,DDA-67359,42457,2026-03-01,2026-03-20
East West Bank,EWB-1000404,Equity,FHLMC,Borrower 404,"122 Main St, Unit 15",Residential Property (1-4 Units),CR1,IL,West,4,REO,Susan Martinez,2023-10-05,2053-09-27,2026-04-20,2354,Current,0,1102239,0,1285964,1619802,2023-09-20,640,68.05,2026-01-01,3057,803,DDA-97841,40388,2026-03-06,2026-03-19
East West Bank,EWB-1000405,ARM,PRIV,Borrower 405,"4491 Main St, Unit 34",Residential Property (1-4 Units),LC1,NJ,East,2,LEG,Donald Martinez,2023-03-13,2053-03-05,2026-04-20,4260,Current,0,129131,0,208596,254590,2023-02-26,654,50.72,2025-12-06,1240,36,DDA-17902,14516,2026-02-28,2026-03-21
East West Bank,EWB-1000406,Foreign National,GNMA,Borrower 406,"6055 Main St, Unit 6",Commercial & Multi-Family (5+ Units),CR1,FL,East,2,BK,Joseph White,2023-08-23,2053-08-15,2026-04-20,3387,Current,0,375328,0,501005,624406,2023-08-08,675,60.11,2025-12-08,3009,971,DDA-35505,47490,2026-03-17,2026-03-21
East West Bank,EWB-1000407,ARM,GNMA,Borrower 407,"7227 Main St, Unit 22",Residential Property (1-4 Units),CS1,NY,East,4,SII,Patricia Hernandez,2022-06-08,2052-05-31,2026-04-20,1234,60-Day Delinquent,60,395488,0,672244,730335,2022-05-24,746,54.15,2025-12-24,2923,796,DDA-61028,19637,2026-03-10,2026-03-17
East West Bank,EWB-1000408,ARM,FHLMC,Borrower 408,"1042 Main St, Unit 25",Residential Property (1-4 Units),CR1,VA,West,4,PIF,John Smith,2022-08-06,2052-07-29,2026-04-20,4079,Current,0,555151,0,649097,658296,2022-07-22,784,84.33,2025-12-10,2044,161,DDA-14521,35679,2026-02-24,2026-03-17
East West Bank,EWB-1000409,Specialty,PRIV,Borrower 409,"1662 Main St, Unit 43",Commercial & Multi-Family (5+ Units),CR1,TX,North,4,M,Sandra Garcia,2023-03-04,2053-02-24,2026-04-20,4177,90-Day Delinquent,90,1148569,3178,1346632,1527592,2023-02-17,656,75.19,2025-12-29,3552,197,DDA-76347,6734,2026-02-20,2026-03-17
East West Bank,EWB-1000410,Specialty,FHLMC,Borrower 410,"6487 Main St, Unit 32",Commercial & Multi-Family (5+ Units),SP1,MA,South,4,SII,Thomas Thompson,2023-09-13,2053-09-05,2026-04-20,2145,90-Day Delinquent,90,670496,2696,979735,975128,2023-08-29,735,68.76,2025-12-23,3054,755,DDA-78797,44071,2026-02-24,2026-03-19
East West Bank,EWB-1000411,Lot Loan,EWB-INT,Borrower 411,"4588 Main St, Unit 28",Residential Property (1-4 Units),HE1,VA,South,1,BK,Sarah Jenkins,2023-07-16,2053-07-08,2026-04-20,1610,Current,0,1141549,0,1238287,1381048,2023-07-01,744,82.66,2025-12-30,4902,835,DDA-86406,30414,2026-03-07,2026-03-18
East West Bank,EWB-1000412,Equity,FHLMC,Borrower 412,"8923 Main St, Unit 48",Residential Property (1-4 Units),HE1,NY,West,3,DIS,Emily Watson,2022-11-18,2052-11-10,2026-04-20,3805,Current,0,521403,0,615317,745596,2022-11-03,687,69.93,2025-11-24,4778,506,DDA-71237,12547,2026-03-19,2026-03-21
East West Bank,EWB-1000413,Equity,PRIV,Borrower 413,"1769 Main St, Unit 15",Residential Property (1-4 Units),CS1,WA,South,1,BK,Michael Chen,2022-03-15,2052-03-07,2026-04-20,3070,Current,0,738163,0,1301550,1175887,2022-02-28,804,62.77,2025-12-23,2366,228,DDA-93854,4061,2026-02-28,2026-03-20
East West Bank,EWB-1000414,Construction,EWB-INT,Borrower 414,"2421 Main St, Unit 15",Residential Property (1-4 Units),HE1,VA,South,1,LOSS,Thomas Thompson,2023-12-07,2053-11-29,2026-04-20,4541,Current,0,1164972,0,1348744,1693157,2023-11-22,732,68.8,2025-12-02,3442,678,DDA-84977,5295,2026-03-09,2026-03-16
East West Bank,EWB-1000415,Conventional,PRIV,Borrower 415,"8919 Main St, Unit 11",Residential Property (1-4 Units),SP1,TX,North,3,BK,Nancy Jackson,2023-10-12,2053-10-04,2026-04-20,4777,Current,0,474309,0,588774,691978,2023-09-27,680,68.54,2025-12-15,2507,329,DDA-67505,39757,2026-03-15,2026-03-20
East West Bank,EWB-1000416,Construction,FHLMC,Borrower 416,"5511 Main St, Unit 8",Commercial & Multi-Family (5+ Units),HE1,NY,North,2,BK,Lisa Williams,2023-09-30,2053-09-22,2026-04-20,1500,Current,0,562063,0,1064228,969115,2023-09-15,588,58.0,2025-12-22,4799,993,DDA-66432,40308,2026-03-10,2026-03-19
East West Bank,EWB-1000417,Conventional,FNMA,Borrower 417,"789 Main St, Unit 42",Commercial & Multi-Family (5+ Units),HE1,TX,East,4,REO,John Smith,2023-08-03,2053-07-26,2026-04-20,2882,90-Day Delinquent,90,785677,4175,1071522,1103447,2023-07-19,753,71.2,2025-11-08,3541,364,DDA-17570,44511,2026-03-04,2026-03-16
East West Bank,EWB-1000418,Foreign National,GNMA,Borrower 418,"2211 Main St, Unit 34",Residential Property (1-4 Units),CE1,TX,North,4,LEG,Donald Martinez,2022-09-24,2052-09-16,2026-04-20,4371,Current,0,786103,0,1422386,1769157,2022-09-09,690,44.43,2025-12-07,2332,912,DDA-33890,12526,2026-03-16,2026-03-16
East West Bank,EWB-1000419,Lot Loan,FNMA,Borrower 419,"1062 Main St, Unit 50",Commercial & Multi-Family (5+ Units),HE1,MA,North,4,SII,David Rodriguez,2023-07-30,2053-07-22,2026-04-20,1144,30-Day Delinquent,30,473135,0,630703,818263,2023-07-15,723,57.82,2025-12-25,1116,173,DDA-95393,34848,2026-03-01,2026-03-21
East West Bank,EWB-1000420,Conventional,FHLMC,Borrower 420,"1347 Main St, Unit 40",Commercial & Multi-Family (5+ Units),CE1,WA,West,3,SII,James Miller,2023-10-02,2053-09-24,2026-04-20,4214,Current,0,929187,0,1056862,1112864,2023-09-17,613,83.5,2025-12-09,2779,124,DDA-75975,3559,2026-03-13,2026-03-21
East West Bank,EWB-1000421,ARM,EWB-INT,Borrower 421,"4175 Main St, Unit 19",Residential Property (1-4 Units),CR1,GA,East,3,SII,Daniel Martin,2023-04-27,2053-04-19,2026-04-20,2560,30-Day Delinquent,30,926073,0,1257955,1498106,2023-04-12,583,61.82,2025-11-23,4390,709,DDA-82630,30945,2026-03-15,2026-03-16
East West Bank,EWB-1000422,Construction,PRIV,Borrower 422,"7096 Main St, Unit 17",Residential Property (1-4 Units),CR1,MA,North,2,TRNS,Charles Wilson,2022-10-26,2052-10-18,2026-04-20,4908,30-Day Delinquent,30,154714,0,248723,317627,2022-10-11,594,48.71,2025-11-04,3915,477,DDA-87999,28420,2026-03-04,2026-03-20
East West Bank,EWB-1000423,Foreign National,GNMA,Borrower 423,"8082 Main St, Unit 22",Residential Property (1-4 Units),CS1,WA,West,3,PIF,Sandra Garcia,2022-07-20,2052-07-12,2026-04-20,2000,90-Day Delinquent,150,949581,4287,1003088,927184,2022-07-05,762,102.42,2025-11-19,3678,52,DDA-69951,29057,2026-03-07,2026-03-16
East West Bank,EWB-1000424,Equity,FNMA,Borrower 424,"4409 Main St, Unit 39",Residential Property (1-4 Units),CR1,TX,South,4,TRNS,Joseph White,2023-07-01,2053-06-23,2026-04-20,4328,30-Day Delinquent,30,636797,0,1230730,1403615,2023-06-16,784,45.37,2025-12-10,2021,145,DDA-36400,43330,2026-03-14,2026-03-19
East West Bank,EWB-1000425,ARM,PRIV,Borrower 425,"8613 Main St, Unit 9",Residential Property (1-4 Units),CS1,NY,West,4,REO,Donald Martinez,2023-04-25,2053-04-17,2026-04-20,3824,30-Day Delinquent,30,396262,0,431173,485864,2023-04-10,778,81.56,2025-12-02,4828,383,DDA-26364,45091,2026-02-19,2026-03-18
East West Bank,EWB-1000426,Equity,FHLMC,Borrower 426,"8953 Main St, Unit 17",Commercial & Multi-Family (5+ Units),CR1,CA,West,3,BK,Patricia Hernandez,2023-12-19,2053-12-11,2026-04-20,4525,30-Day Delinquent,30,1275627,0,1441898,1320057,2023-12-04,583,96.63,2025-11-26,3753,183,DDA-80373,16196,2026-03-09,2026-03-18
East West Bank,EWB-1000427,ARM,PRIV,Borrower 427,"6185 Main St, Unit 45",Residential Property (1-4 Units),LC1,FL,West,2,M,John Smith,2022-08-30,2052-08-22,2026-04-20,3007,60-Day Delinquent,60,1148913,0,1353358,1397579,2022-08-15,770,82.21,2025-11-12,3290,943,DDA-70611,48432,2026-03-20,2026-03-19
East West Bank,EWB-1000428,Equity,EWB-INT,Borrower 428,"6699 Main St, Unit 3",Residential Property (1-4 Units),CS1,FL,North,2,M,Michael Chen,2022-10-21,2052-10-13,2026-04-20,3350,Current,0,317191,0,352967,344925,2022-10-06,638,91.96,2025-12-03,3461,234,DDA-61099,20628,2026-03-12,2026-03-17
East West Bank,EWB-1000429,Construction,EWB-INT,Borrower 429,"1045 Main St, Unit 22",Residential Property (1-4 Units),HE1,IL,North,2,BK,Sarah Jenkins,2023-03-04,2053-02-24,2026-04-20,4268,30-Day Delinquent,30,1198461,0,1480823,1780024,2023-02-17,664,67.33,2025-11-11,3441,73,DDA-17622,30522,2026-03-19,2026-03-17
East West Bank,EWB-1000430,Equity,FNMA,Borrower 430,"2739 Main St, Unit 41",Residential Property (1-4 Units),LC1,IL,North,4,M,Karen Anderson,2023-07-25,2053-07-17,2026-04-20,2176,Current,0,995735,0,1212958,1171840,2023-07-10,663,84.97,2025-12-15,3121,437,DDA-77197,19310,2026-02-25,2026-03-17
East West Bank,EWB-1000431,Foreign National,GNMA,Borrower 431,"2463 Main St, Unit 9",Residential Property (1-4 Units),HE1,CA,East,1,SII,Lisa Williams,2022-01-14,2052-01-07,2026-04-20,4342,Current,0,927701,0,1481329,1616359,2021-12-30,752,57.39,2025-11-25,3419,959,DDA-93335,48944,2026-02-25,2026-03-17
East West Bank,EWB-1000432,Lot Loan,FNMA,Borrower 432,"9697 Main St, Unit 12",Commercial & Multi-Family (5+ Units),SP1,TX,South,3,BK,Jessica Taylor,2022-05-30,2052-05-22,2026-04-20,4164,Current,0,838815,0,1430626,1434122,2022-05-15,797,58.49,2025-12-20,1134,996,DDA-54136,23870,2026-03-10,2026-03-19
East West Bank,EWB-1000433,Conventional,FNMA,Borrower 433,"9667 Main St, Unit 22",Residential Property (1-4 Units),CS1,NJ,South,4,SII,Robert Brown,2023-02-10,2053-02-02,2026-04-20,4374,30-Day Delinquent,30,638369,0,1197843,1470665,2023-01-26,591,43.41,2025-12-14,2504,788,DDA-58216,35796,2026-02-27,2026-03-17
East West Bank,EWB-1000434,Equity,GNMA,Borrower 434,"3387 Main St, Unit 6",Commercial & Multi-Family (5+ Units),LC1,VA,South,3,BK,Joseph White,2022-02-17,2052-02-10,2026-04-20,4667,30-Day Delinquent,30,678575,0,745603,678009,2022-02-02,663,100.08,2025-12-26,4693,679,DDA-54006,18608,2026-03-19,2026-03-18
East West Bank,EWB-1000435,ARM,EWB-INT,Borrower 435,"9175 Main St, Unit 42",Residential Property (1-4 Units),CR1,VA,South,1,LEG,Michael Chen,2023-09-04,2053-08-27,2026-04-20,2685,Current,0,826324,0,1212729,1464030,2023-08-20,634,56.44,2025-11-15,3863,364,DDA-48991,48684,2026-03-04,2026-03-17
East West Bank,EWB-1000436,Lot Loan,GNMA,Borrower 436,"6486 Main St, Unit 37",Commercial & Multi-Family (5+ Units),CS1,NJ,South,1,TRNS,Richard Davis,2023-05-19,2053-05-11,2026-04-20,2453,Current,0,1124566,0,1439349,1574500,2023-05-04,657,71.42,2026-01-01,4605,412,DDA-68886,19863,2026-02-24,2026-03-20
East West Bank,EWB-1000437,Equity,PRIV,Borrower 437,"2593 Main St, Unit 40",Commercial & Multi-Family (5+ Units),SP1,WA,North,3,TRNS,Lisa Williams,2023-06-10,2053-06-02,2026-04-20,1736,Current,0,393544,0,544030,531244,2023-05-26,792,74.08,2025-11-29,2314,304,DDA-68621,39273,2026-03-06,2026-03-16
East West Bank,EWB-1000438,Equity,GNMA,Borrower 438,"4862 Main St, Unit 39",Commercial & Multi-Family (5+ Units),SP1,FL,West,3,SII,John Smith,2022-03-05,2052-02-26,2026-04-20,3892,Current,0,612621,0,1026906,1051885,2022-02-18,601,58.24,2025-11-10,2216,911,DDA-88532,39520,2026-03-12,2026-03-17
East West Bank,EWB-1000439,Lot Loan,PRIV,Borrower 439,"9961 Main St, Unit 23",Commercial & Multi-Family (5+ Units),LC1,GA,East,3,DIS,Richard Davis,2022-06-05,2052-05-28,2026-04-20,3031,Current,0,813201,0,1405564,1751483,2022-05-21,729,46.43,2025-11-24,1266,1000,DDA-20652,15907,2026-03-09,2026-03-17
East West Bank,EWB-1000440,ARM,PRIV,Borrower 440,"888 Main St, Unit 8",Residential Property (1-4 Units),SP1,VA,South,4,LOSS,Charles Wilson,2023-07-23,2053-07-15,2026-04-20,4571,Current,0,580480,0,1046209,1232166,2023-07-08,718,47.11,2025-12-09,2279,606,DDA-35577,18816,2026-02-19,2026-03-18
East West Bank,EWB-1000441,Lot Loan,GNMA,Borrower 441,"9695 Main St, Unit 29",Residential Property (1-4 Units),HE1,VA,North,2,LOSS,Lisa Williams,2022-09-21,2052-09-13,2026-04-20,4765,30-Day Delinquent,30,203508,0,338014,369584,2022-09-06,802,55.06,2025-12-06,3315,170,DDA-30718,36525,2026-02-28,2026-03-21
East West Bank,EWB-1000442,Conventional,PRIV,Borrower 442,"5544 Main St, Unit 46",Residential Property (1-4 Units),SP1,GA,East,2,REO,James Miller,2023-03-20,2053-03-12,2026-04-20,1619,30-Day Delinquent,30,670964,0,963738,1008726,2023-03-05,641,66.52,2025-12-15,3278,852,DDA-72898,5511,2026-03-02,2026-03-16
East West Bank,EWB-1000443,Construction,GNMA,Borrower 443,"5323 Main St, Unit 11",Commercial & Multi-Family (5+ Units),HE1,VA,North,2,SII,Daniel Martin,2023-11-05,2053-10-28,2026-04-20,2317,90-Day Delinquent,120,753232,1018,973651,1051536,2023-10-21,767,71.63,2025-11-30,4184,934,DDA-33712,24253,2026-03-08,2026-03-18
East West Bank,EWB-1000444,Foreign National,PRIV,Borrower 444,"3993 Main St, Unit 36",Residential Property (1-4 Units),HE1,VA,South,3,BK,Patricia Hernandez,2023-03-17,2053-03-09,2026-04-20,1392,90-Day Delinquent,90,212098,4059,345716,444393,2023-03-02,673,47.73,2025-11-28,2506,322,DDA-16851,44348,2026-03-02,2026-03-17
East West Bank,EWB-1000445,Equity,PRIV,Borrower 445,"9285 Main St, Unit 49",Commercial & Multi-Family (5+ Units),LC1,FL,North,2,DIS,David Rodriguez,2023-04-08,2053-03-31,2026-04-20,3652,90-Day Delinquent,90,521716,2059,1040695,1222999,2023-03-24,639,42.66,2025-12-10,1031,281,DDA-33192,2017,2026-03-04,2026-03-18
East West Bank,EWB-1000446,Lot Loan,FNMA,Borrower 446,"9274 Main St, Unit 3",Residential Property (1-4 Units),CR1,NY,West,3,PIF,Emily Watson,2022-05-18,2052-05-10,2026-04-20,3475,30-Day Delinquent,30,650346,0,1226208,1158009,2022-05-03,819,56.16,2025-12-24,1526,821,DDA-26430,40261,2026-03-13,2026-03-20
East West Bank,EWB-1000447,Conventional,FHLMC,Borrower 447,"4076 Main St, Unit 16",Commercial & Multi-Family (5+ Units),HE1,VA,South,1,BK,Sarah Jenkins,2022-11-21,2052-11-13,2026-04-20,3087,Current,0,697447,0,1308521,1503413,2022-11-06,751,46.39,2025-12-25,2481,87,DDA-42466,17379,2026-02-19,2026-03-20
East West Bank,EWB-1000448,ARM,FNMA,Borrower 448,"325 Main St, Unit 15",Commercial & Multi-Family (5+ Units),CR1,MA,South,2,LOSS,Linda Garcia,2022-05-10,2052-05-02,2026-04-20,3837,Current,0,560721,0,891426,1155552,2022-04-25,651,48.52,2025-12-30,2709,574,DDA-48641,44122,2026-03-11,2026-03-19
East West Bank,EWB-1000449,Construction,PRIV,Borrower 449,"4423 Main St, Unit 27",Commercial & Multi-Family (5+ Units),CE1,MA,North,4,FC,Linda Garcia,2023-10-20,2053-10-12,2026-04-20,2133,30-Day Delinquent,30,1281923,0,1373975,1548453,2023-10-05,750,82.79,2025-11-04,3444,932,DDA-46319,24544,2026-03-05,2026-03-17
East West Bank,EWB-1000450,Foreign National,FHLMC,Borrower 450,"3220 Main St, Unit 2",Residential Property (1-4 Units),SP1,IL,North,2,SII,Nancy Jackson,2023-01-03,2052-12-26,2026-04-20,1922,60-Day Delinquent,60,235050,0,328954,417458,2022-12-19,725,56.31,2025-11-28,1285,481,DDA-56314,18954,2026-02-22,2026-03-20
East West Bank,EWB-1000451,Equity,FNMA,Borrower 451,"3405 Main St, Unit 42",Residential Property (1-4 Units),CE1,GA,West,3,LEG,Susan Martinez,2022-01-04,2051-12-28,2026-04-20,2855,Current,0,220315,0,434260,474141,2021-12-20,820,46.47,2025-11-29,3263,750,DDA-39965,9090,2026-03-17,2026-03-21
East West Bank,EWB-1000452,ARM,EWB-INT,Borrower 452,"6540 Main St, Unit 31",Residential Property (1-4 Units),LC1,IL,West,4,TRNS,Sarah Jenkins,2022-10-03,2052-09-25,2026-04-20,3548,90-Day Delinquent,150,151066,4367,282717,344465,2022-09-18,752,43.86,2025-11-14,4386,639,DDA-28960,49788,2026-02-25,2026-03-16
East West Bank,EWB-1000453,Specialty,EWB-INT,Borrower 453,"5805 Main St, Unit 45",Residential Property (1-4 Units),SP1,VA,North,1,BK,Barbara Taylor,2022-07-28,2052-07-20,2026-04-20,4216,Current,0,477517,0,529862,483937,2022-07-13,666,98.67,2025-11-19,4904,147,DDA-57043,15307,2026-03-14,2026-03-17
East West Bank,EWB-1000454,Conventional,PRIV,Borrower 454,"826 Main St, Unit 26",Residential Property (1-4 Units),CE1,CA,West,1,SII,Jessica Taylor,2023-07-16,2053-07-08,2026-04-20,4436,90-Day Delinquent,90,1219130,1886,1298734,1291041,2023-07-01,785,94.43,2025-12-14,3784,307,DDA-93078,17994,2026-02-27,2026-03-17
East West Bank,EWB-1000455,Equity,PRIV,Borrower 455,"1161 Main St, Unit 21",Commercial & Multi-Family (5+ Units),CR1,MA,North,1,SII,Thomas Thompson,2023-02-21,2053-02-13,2026-04-20,2228,Current,0,250296,0,480388,523393,2023-02-06,673,47.82,2025-11-08,2715,432,DDA-17760,18331,2026-03-02,2026-03-18
East West Bank,EWB-1000456,Specialty,EWB-INT,Borrower 456,"9384 Main St, Unit 16",Residential Property (1-4 Units),HE1,VA,West,1,BK,Lisa Williams,2023-09-07,2053-08-30,2026-04-20,1011,Current,0,506105,0,618276,590657,2023-08-23,654,85.69,2026-01-01,1403,417,DDA-82338,46278,2026-03-17,2026-03-20
East West Bank,EWB-1000457,Equity,EWB-INT,Borrower 457,"2932 Main St, Unit 24",Commercial & Multi-Family (5+ Units),CE1,MA,East,2,BK,Daniel Martin,2023-03-01,2053-02-21,2026-04-20,4534,Current,0,472491,0,661411,748259,2023-02-14,795,63.15,2025-12-13,3272,490,DDA-59025,35347,2026-03-05,2026-03-18
East West Bank,EWB-1000458,Lot Loan,FHLMC,Borrower 458,"9547 Main St, Unit 46",Commercial & Multi-Family (5+ Units),HE1,CA,South,3,PIF,Daniel Martin,2023-11-02,2053-10-25,2026-04-20,4694,60-Day Delinquent,60,969703,0,1034377,982172,2023-10-18,651,98.73,2025-12-13,1099,0,DDA-36953,23630,2026-02-23,2026-03-16
East West Bank,EWB-1000459,Equity,FHLMC,Borrower 459,"5653 Main St, Unit 9",Commercial & Multi-Family (5+ Units),CR1,VA,West,3,BK,Lisa Williams,2022-08-26,2052-08-18,2026-04-20,1718,Current,0,824817,0,1092654,1051018,2022-08-11,713,78.48,2025-12-08,3831,143,DDA-68574,8216,2026-03-06,2026-03-17
East West Bank,EWB-1000460,Lot Loan,FHLMC,Borrower 460,"4831 Main St, Unit 22",Residential Property (1-4 Units),CE1,NY,North,4,SII,Karen Anderson,2022-09-28,2052-09-20,2026-04-20,2194,Current,0,730506,0,1167433,1261309,2022-09-13,814,57.92,2025-12-10,3325,900,DDA-16938,11871,2026-03-13,2026-03-20
East West Bank,EWB-1000461,Lot Loan,FHLMC,Borrower 461,"7041 Main St, Unit 28",Commercial & Multi-Family (5+ Units),CS1,NJ,West,3,LEG,Margaret Harris,2023-04-17,2053-04-09,2026-04-20,3444,90-Day Delinquent,90,496705,3307,813937,1005835,2023-04-02,639,49.38,2025-11-24,4753,794,DDA-57888,23796,2026-03-03,2026-03-16
East West Bank,EWB-1000462,Foreign National,FHLMC,Borrower 462,"9191 Main St, Unit 22",Residential Property (1-4 Units),CR1,FL,West,4,LOSS,Jessica Taylor,2023-10-07,2053-09-29,2026-04-20,2509,Current,0,767569,0,994193,976218,2023-09-22,680,78.63,2025-11-25,1867,182,DDA-88064,9627,2026-03-18,2026-03-21
East West Bank,EWB-1000463,Equity,FNMA,Borrower 463,"8131 Main St, Unit 11",Commercial & Multi-Family (5+ Units),LC1,TX,West,2,PIF,Jessica Taylor,2023-04-25,2053-04-17,2026-04-20,3365,90-Day Delinquent,90,642966,512,812143,759528,2023-04-10,766,84.65,2025-11-21,2050,379,DDA-43691,27850,2026-03-06,2026-03-17
East West Bank,EWB-1000464,Lot Loan,GNMA,Borrower 464,"5362 Main St, Unit 49",Residential Property (1-4 Units),CR1,CA,North,3,LOSS,Lisa Williams,2022-06-24,2052-06-16,2026-04-20,1769,Current,0,914718,0,1400155,1650274,2022-06-09,597,55.43,2025-11-24,1788,817,DDA-28783,11134,2026-03-16,2026-03-19
East West Bank,EWB-1000465,Specialty,FNMA,Borrower 465,"7078 Main St, Unit 39",Residential Property (1-4 Units),LC1,IL,North,3,M,Nancy Jackson,2022-05-22,2052-05-14,2026-04-20,2180,90-Day Delinquent,90,852685,3971,921253,1174683,2022-05-07,714,72.59,2025-12-25,4763,749,DDA-53932,23323,2026-03-07,2026-03-16
East West Bank,EWB-1000466,Conventional,FNMA,Borrower 466,"9786 Main St, Unit 9",Residential Property (1-4 Units),HE1,IL,North,2,DIS,Margaret Harris,2023-03-05,2053-02-25,2026-04-20,2210,Current,0,656882,0,956388,969403,2023-02-18,739,67.76,2025-12-05,2393,824,DDA-41749,28625,2026-03-16,2026-03-19
East West Bank,EWB-1000467,Conventional,FHLMC,Borrower 467,"7762 Main St, Unit 42",Commercial & Multi-Family (5+ Units),LC1,IL,North,3,FC,Christopher Thomas,2022-06-20,2052-06-12,2026-04-20,3791,90-Day Delinquent,90,285868,2448,533152,584740,2022-06-05,649,48.89,2025-11-09,1447,385,DDA-24695,49439,2026-03-14,2026-03-20
East West Bank,EWB-1000468,ARM,EWB-INT,Borrower 468,"2050 Main St, Unit 3",Residential Property (1-4 Units),HE1,GA,East,2,LEG,Emily Watson,2022-05-13,2052-05-05,2026-04-20,1527,60-Day Delinquent,60,1061674,0,1195482,1120033,2022-04-28,762,94.79,2025-11-19,4067,236,DDA-20349,24391,2026-02-25,2026-03-16
East West Bank,EWB-1000469,Lot Loan,EWB-INT,Borrower 469,"5976 Main St, Unit 36",Commercial & Multi-Family (5+ Units),CE1,WA,North,1,REO,James Miller,2022-01-31,2052-01-24,2026-04-20,4198,30-Day Delinquent,30,1002722,0,1345889,1654268,2022-01-16,657,60.61,2025-12-30,1129,955,DDA-24467,48451,2026-02-22,2026-03-20
East West Bank,EWB-1000470,Foreign National,EWB-INT,Borrower 470,"8405 Main St, Unit 41",Residential Property (1-4 Units),LC1,CA,South,1,REO,Robert Brown,2022-04-16,2052-04-08,2026-04-20,3759,30-Day Delinquent,30,1351387,0,1445302,1701354,2022-04-01,736,79.43,2025-12-17,4177,747,DDA-90386,38880,2026-03-15,2026-03-21
East West Bank,EWB-1000471,ARM,EWB-INT,Borrower 471,"5899 Main St, Unit 3",Residential Property (1-4 Units),LC1,TX,West,1,FC,Daniel Martin,2022-05-10,2052-05-02,2026-04-20,4644,90-Day Delinquent,120,135625,829,169816,168861,2022-04-25,631,80.32,2025-11-22,1844,982,DDA-40611,38896,2026-03-04,2026-03-17
East West Bank,EWB-1000472,Lot Loan,EWB-INT,Borrower 472,"240 Main St, Unit 48",Commercial & Multi-Family (5+ Units),HE1,NJ,South,2,REO,Margaret Harris,2023-05-08,2053-04-30,2026-04-20,1952,Current,0,370444,0,464997,577251,2023-04-23,812,64.17,2026-01-01,2132,783,DDA-88323,28827,2026-02-19,2026-03-20
East West Bank,EWB-1000473,Specialty,GNMA,Borrower 473,"4160 Main St, Unit 12",Residential Property (1-4 Units),LC1,MA,West,4,REO,Daniel Martin,2022-04-09,2052-04-01,2026-04-20,2806,90-Day Delinquent,90,1148993,3833,1405100,1794839,2022-03-25,645,64.02,2025-12-09,3104,999,DDA-15263,11749,2026-03-06,2026-03-21
East West Bank,EWB-1000474,Foreign National,EWB-INT,Borrower 474,"9846 Main St, Unit 37",Residential Property (1-4 Units),CR1,GA,South,1,M,Patricia Hernandez,2023-06-15,2053-06-07,2026-04-20,4496,Current,0,755480,0,1350454,1471413,2023-05-31,753,51.34,2025-12-19,4929,677,DDA-61310,35475,2026-03-07,2026-03-21
East West Bank,EWB-1000475,Conventional,FHLMC,Borrower 475,"2079 Main St, Unit 45",Residential Property (1-4 Units),HE1,TX,West,1,LEG,Barbara Taylor,2022-11-21,2052-11-13,2026-04-20,1726,Current,0,859503,0,931452,995388,2022-11-06,604,86.35,2025-12-10,1166,139,DDA-74450,43288,2026-03-12,2026-03-21
East West Bank,EWB-1000476,Conventional,FHLMC,Borrower 476,"4121 Main St, Unit 23",Commercial & Multi-Family (5+ Units),CR1,MA,North,4,SII,Michael Chen,2022-05-12,2052-05-04,2026-04-20,2487,Current,0,237500,0,283554,312395,2022-04-27,650,76.03,2025-12-18,4596,80,DDA-74903,16099,2026-03-01,2026-03-17
East West Bank,EWB-1000477,Lot Loan,EWB-INT,Borrower 477,"7607 Main St, Unit 28",Commercial & Multi-Family (5+ Units),LC1,NY,North,2,REO,Thomas Thompson,2022-07-31,2052-07-23,2026-04-20,2021,Current,0,556826,0,601282,659955,2022-07-16,752,84.37,2025-12-21,4307,394,DDA-80068,22075,2026-03-01,2026-03-17
East West Bank,EWB-1000478,ARM,PRIV,Borrower 478,"3805 Main St, Unit 3",Residential Property (1-4 Units),HE1,GA,West,2,REO,Linda Garcia,2022-08-10,2052-08-02,2026-04-20,2001,Current,0,812881,0,1258252,1292831,2022-07-26,754,62.88,2025-11-16,4062,144,DDA-20763,26724,2026-03-03,2026-03-20
East West Bank,EWB-1000479,Conventional,FHLMC,Borrower 479,"2894 Main St, Unit 33",Residential Property (1-4 Units),CR1,IL,West,3,M,Daniel Martin,2022-03-01,2052-02-22,2026-04-20,4355,30-Day Delinquent,30,1107425,0,1372108,1338412,2022-02-14,819,82.74,2025-11-22,2848,766,DDA-21684,6012,2026-02-22,2026-03-21
East West Bank,EWB-1000480,Equity,FHLMC,Borrower 480,"2770 Main St, Unit 43",Residential Property (1-4 Units),CR1,VA,West,3,BK,Matthew Moore,2023-02-10,2053-02-02,2026-04-20,2132,Current,0,239280,0,370178,388094,2023-01-26,809,61.66,2025-12-27,2356,737,DDA-60194,27902,2026-02-25,2026-03-20
East West Bank,EWB-1000481,Specialty,GNMA,Borrower 481,"6747 Main St, Unit 25",Commercial & Multi-Family (5+ Units),HE1,FL,South,2,FC,Sarah Jenkins,2022-10-14,2052-10-06,2026-04-20,4344,Current,0,439911,0,738365,811032,2022-09-29,791,54.24,2025-12-10,1098,537,DDA-85103,36794,2026-02-27,2026-03-20
East West Bank,EWB-1000482,Conventional,PRIV,Borrower 482,"4396 Main St, Unit 39",Residential Property (1-4 Units),CR1,MA,East,1,DIS,Lisa Williams,2022-08-24,2052-08-16,2026-04-20,4433,30-Day Delinquent,30,877320,0,1455585,1612835,2022-08-09,707,54.4,2025-11-26,4353,736,DDA-93659,36078,2026-02-22,2026-03-20
East West Bank,EWB-1000483,ARM,FNMA,Borrower 483,"2267 Main St, Unit 17",Residential Property (1-4 Units),CS1,MA,North,1,FC,Robert Brown,2022-05-22,2052-05-14,2026-04-20,3541,Current,0,438532,0,712288,696165,2022-05-07,606,62.99,2025-12-15,4943,515,DDA-49067,31274,2026-02-19,2026-03-20
East West Bank,EWB-1000484,Equity,EWB-INT,Borrower 484,"7709 Main St, Unit 17",Residential Property (1-4 Units),LC1,CA,South,1,LOSS,Richard Davis,2022-03-04,2052-02-25,2026-04-20,3580,Current,0,244108,0,450709,432499,2022-02-17,622,56.44,2025-12-24,1562,54,DDA-83747,35911,2026-02-24,2026-03-21
East West Bank,EWB-1000485,Equity,EWB-INT,Borrower 485,"9037 Main St, Unit 33",Commercial & Multi-Family (5+ Units),CS1,NY,North,2,LOSS,Margaret Harris,2023-12-02,2053-11-24,2026-04-20,2817,60-Day Delinquent,60,905189,0,1384816,1768734,2023-11-17,614,51.18,2025-11-10,2633,239,DDA-31533,25463,2026-03-04,2026-03-16
East West Bank,EWB-1000486,Conventional,FHLMC,Borrower 486,"9944 Main St, Unit 19",Commercial & Multi-Family (5+ Units),SP1,NJ,South,3,FC,Jessica Taylor,2023-09-02,2053-08-25,2026-04-20,1629,Current,0,778566,0,1473062,1872742,2023-08-18,764,41.57,2025-11-19,4995,260,DDA-32983,39376,2026-03-13,2026-03-17
East West Bank,EWB-1000487,Equity,EWB-INT,Borrower 487,"1389 Main St, Unit 6",Residential Property (1-4 Units),SP1,NJ,East,4,FC,David Rodriguez,2022-05-10,2052-05-02,2026-04-20,1383,90-Day Delinquent,120,1026748,3399,1277199,1362523,2022-04-25,597,75.36,2025-12-22,4268,961,DDA-21344,26744,2026-02-28,2026-03-18
East West Bank,EWB-1000488,Equity,GNMA,Borrower 488,"9966 Main St, Unit 1",Commercial & Multi-Family (5+ Units),CE1,NJ,South,1,PIF,Margaret Harris,2022-04-16,2052-04-08,2026-04-20,2591,Current,0,964743,0,1057425,1181268,2022-04-01,601,81.67,2025-12-07,4376,495,DDA-94829,13542,2026-02-21,2026-03-16
East West Bank,EWB-1000489,Equity,PRIV,Borrower 489,"375 Main St, Unit 14",Residential Property (1-4 Units),LC1,MA,West,3,M,Margaret Harris,2022-10-06,2052-09-28,2026-04-20,3728,Current,0,556926,0,802465,937612,2022-09-21,621,59.4,2025-12-09,1733,649,DDA-13467,19563,2026-03-12,2026-03-18
East West Bank,EWB-1000490,Equity,EWB-INT,Borrower 490,"6729 Main St, Unit 7",Commercial & Multi-Family (5+ Units),CR1,CA,West,3,DIS,Nancy Jackson,2022-01-12,2052-01-05,2026-04-20,4687,90-Day Delinquent,90,699004,4252,1308151,1273503,2021-12-28,796,54.89,2025-12-02,3024,122,DDA-31904,25285,2026-03-09,2026-03-18
East West Bank,EWB-1000491,Foreign National,EWB-INT,Borrower 491,"762 Main St, Unit 48",Commercial & Multi-Family (5+ Units),CS1,FL,South,2,M,Lisa Williams,2022-11-25,2052-11-17,2026-04-20,1981,Current,0,865800,0,1406182,1623170,2022-11-10,640,53.34,2025-11-02,3099,666,DDA-22863,37356,2026-03-03,2026-03-18
East West Bank,EWB-1000492,Construction,GNMA,Borrower 492,"8222 Main St, Unit 19",Commercial & Multi-Family (5+ Units),LC1,VA,South,3,BK,Margaret Harris,2023-06-14,2053-06-06,2026-04-20,1654,Current,0,1126642,0,1491398,1918288,2023-05-30,791,58.73,2025-12-17,2976,190,DDA-36962,35538,2026-03-11,2026-03-19
East West Bank,EWB-1000493,Lot Loan,EWB-INT,Borrower 493,"2617 Main St, Unit 6",Commercial & Multi-Family (5+ Units),CS1,MA,East,1,REO,Jessica Taylor,2022-07-10,2052-07-02,2026-04-20,2990,30-Day Delinquent,30,484120,0,920044,1037982,2022-06-25,691,46.64,2025-12-25,3335,631,DDA-68539,6530,2026-03-13,2026-03-20
East West Bank,EWB-1000494,Specialty,EWB-INT,Borrower 494,"2848 Main St, Unit 10",Commercial & Multi-Family (5+ Units),CE1,CA,East,2,SII,Richard Davis,2022-06-19,2052-06-11,2026-04-20,4438,Current,0,525311,0,628446,799652,2022-06-04,815,65.69,2025-11-18,3095,430,DDA-75598,16611,2026-02-24,2026-03-17
East West Bank,EWB-1000495,Equity,EWB-INT,Borrower 495,"9629 Main St, Unit 40",Residential Property (1-4 Units),CS1,NY,South,3,M,Sarah Jenkins,2023-12-09,2053-12-01,2026-04-20,1638,Current,0,764171,0,1238562,1578436,2023-11-24,610,48.41,2025-12-24,4961,948,DDA-11320,2458,2026-03-12,2026-03-19
East West Bank,EWB-1000496,Foreign National,PRIV,Borrower 496,"8810 Main St, Unit 40",Commercial & Multi-Family (5+ Units),LC1,VA,South,3,SII,Donald Martinez,2023-10-02,2053-09-24,2026-04-20,1608,30-Day Delinquent,30,531463,0,622327,755881,2023-09-17,683,70.31,2025-11-21,4046,184,DDA-69926,24239,2026-02-26,2026-03-17
East West Bank,EWB-1000497,Foreign National,FHLMC,Borrower 497,"1600 Main St, Unit 30",Residential Property (1-4 Units),CE1,GA,East,2,LOSS,Sandra Garcia,2023-09-18,2053-09-10,2026-04-20,1385,Current,0,119512,0,184911,172761,2023-09-03,580,69.18,2025-12-14,3182,608,DDA-50436,28874,2026-02-20,2026-03-16
East West Bank,EWB-1000498,Construction,GNMA,Borrower 498,"4248 Main St, Unit 37",Residential Property (1-4 Units),LC1,VA,North,4,DIS,Donald Martinez,2023-04-28,2053-04-20,2026-04-20,1399,90-Day Delinquent,150,751153,1404,880399,858583,2023-04-13,730,87.49,2025-12-03,1896,995,DDA-55301,31929,2026-03-19,2026-03-21
East West Bank,EWB-1000499,Construction,GNMA,Borrower 499,"8985 Main St, Unit 14",Commercial & Multi-Family (5+ Units),LC1,IL,East,2,M,Susan Martinez,2023-07-25,2053-07-17,2026-04-20,3703,90-Day Delinquent,90,442094,223,758746,851769,2023-07-10,664,51.9,2025-12-17,2926,303,DDA-92210,7097,2026-03-07,2026-03-18
East West Bank,EWB-1000500,Construction,FNMA,Borrower 500,"3858 Main St, Unit 37",Commercial & Multi-Family (5+ Units),CE1,CA,East,2,FC,John Smith,2022-01-08,2052-01-01,2026-04-20,2990,90-Day Delinquent,120,442620,287,466915,556602,2021-12-24,800,79.52,2025-11-14,1390,100,DDA-19711,46939,2026-03-02,2026-03-18
East West Bank,EWB-1000501,Specialty,EWB-INT,Borrower 501,"9485 Main St, Unit 24",Commercial & Multi-Family (5+ Units),CS1,CA,West,1,LEG,Charles Wilson,2023-02-13,2053-02-05,2026-04-20,3019,30-Day Delinquent,30,712732,0,761213,701926,2023-01-29,664,101.54,2025-12-07,3882,258,DDA-24538,5052,2026-02-26,2026-03-21
East West Bank,EWB-1000502,ARM,EWB-INT,Borrower 502,"4217 Main St, Unit 35",Commercial & Multi-Family (5+ Units),CE1,IL,South,3,BK,Daniel Martin,2022-01-20,2052-01-13,2026-04-20,4771,Current,0,186597,0,197057,228670,2022-01-05,623,81.6,2025-11-13,1702,5,DDA-56892,38117,2026-03-07,2026-03-19
East West Bank,EWB-1000503,Foreign National,GNMA,Borrower 503,"4680 Main St, Unit 39",Commercial & Multi-Family (5+ Units),HE1,WA,East,1,M,Matthew Moore,2023-11-16,2053-11-08,2026-04-20,1679,Current,0,214941,0,404726,489019,2023-11-01,714,43.95,2025-11-26,3566,785,DDA-82880,15146,2026-03-19,2026-03-18
East West Bank,EWB-1000504,Construction,FHLMC,Borrower 504,"6535 Main St, Unit 15",Commercial & Multi-Family (5+ Units),CE1,CA,South,3,PIF,Donald Martinez,2022-07-23,2052-07-15,2026-04-20,4757,30-Day Delinquent,30,814879,0,858754,1097757,2022-07-08,680,74.23,2025-12-29,4084,573,DDA-47791,17013,2026-03-10,2026-03-16
East West Bank,EWB-1000505,Conventional,EWB-INT,Borrower 505,"5940 Main St, Unit 15",Residential Property (1-4 Units),HE1,WA,South,3,TRNS,Donald Martinez,2022-10-15,2052-10-07,2026-04-20,2029,Current,0,263525,0,294931,356970,2022-09-30,745,73.82,2025-12-13,2144,860,DDA-31242,2435,2026-03-08,2026-03-20
East West Bank,EWB-1000506,Conventional,FNMA,Borrower 506,"7756 Main St, Unit 10",Residential Property (1-4 Units),SP1,GA,North,2,M,Karen Anderson,2022-03-24,2052-03-16,2026-04-20,3818,30-Day Delinquent,30,374753,0,551921,557548,2022-03-09,648,67.21,2025-12-23,2913,318,DDA-91897,41850,2026-03-03,2026-03-18
East West Bank,EWB-1000507,Specialty,PRIV,Borrower 507,"4830 Main St, Unit 42",Residential Property (1-4 Units),LC1,CA,East,4,BK,Barbara Taylor,2023-06-26,2053-06-18,2026-04-20,4241,90-Day Delinquent,90,1073361,1801,1221812,1149895,2023-06-11,687,93.34,2025-11-10,3572,292,DDA-74975,5707,2026-03-07,2026-03-18
East West Bank,EWB-1000508,Lot Loan,EWB-INT,Borrower 508,"7440 Main St, Unit 43",Commercial & Multi-Family (5+ Units),CE1,GA,West,3,REO,Charles Wilson,2023-10-14,2053-10-06,2026-04-20,4762,Current,0,481904,0,777433,936769,2023-09-29,610,51.44,2025-11-16,3487,772,DDA-27341,27062,2026-03-18,2026-03-16
East West Bank,EWB-1000509,Conventional,GNMA,Borrower 509,"8300 Main St, Unit 1",Commercial & Multi-Family (5+ Units),CS1,IL,West,3,DIS,Christopher Thomas,2023-11-08,2053-10-31,2026-04-20,2994,60-Day Delinquent,60,1111896,0,1293490,1448890,2023-10-24,784,76.74,2025-11-06,3765,470,DDA-79644,21997,2026-03-19,2026-03-18
East West Bank,EWB-1000510,Equity,EWB-INT,Borrower 510,"436 Main St, Unit 17",Commercial & Multi-Family (5+ Units),CS1,TX,North,1,REO,Lisa Williams,2022-12-01,2052-11-23,2026-04-20,4432,Current,0,317846,0,528387,573321,2022-11-16,760,55.44,2025-11-22,4608,815,DDA-65978,9118,2026-03-04,2026-03-19
East West Bank,EWB-1000511,ARM,GNMA,Borrower 511,"9906 Main St, Unit 27",Commercial & Multi-Family (5+ Units),CS1,NJ,East,2,PIF,Donald Martinez,2023-05-26,2053-05-18,2026-04-20,1441,30-Day Delinquent,30,729258,0,1146261,1232080,2023-05-11,716,59.19,2025-11-13,4936,716,DDA-23595,45932,2026-02-26,2026-03-16
East West Bank,EWB-1000512,Foreign National,GNMA,Borrower 512,"3363 Main St, Unit 21",Commercial & Multi-Family (5+ Units),SP1,IL,West,1,BK,Susan Martinez,2023-04-02,2053-03-25,2026-04-20,1406,60-Day Delinquent,60,290166,0,542417,512067,2023-03-18,769,56.67,2025-12-22,3799,894,DDA-77876,45563,2026-03-20,2026-03-18
East West Bank,EWB-1000513,Equity,GNMA,Borrower 513,"8644 Main St, Unit 35",Commercial & Multi-Family (5+ Units),SP1,TX,North,1,BK,Margaret Harris,2022-08-04,2052-07-27,2026-04-20,3856,90-Day Delinquent,90,1034956,4092,1319250,1335531,2022-07-20,582,77.49,2025-12-03,4817,510,DDA-82196,45509,2026-02-23,2026-03-18
East West Bank,EWB-1000514,Specialty,FHLMC,Borrower 514,"783 Main St, Unit 22",Residential Property (1-4 Units),LC1,TX,East,4,TRNS,Linda Garcia,2023-03-15,2053-03-07,2026-04-20,2934,90-Day Delinquent,120,1313163,2963,1455289,1572079,2023-02-28,690,83.53,2025-12-12,3332,525,DDA-52553,38370,2026-03-20,2026-03-21
East West Bank,EWB-1000515,Specialty,PRIV,Borrower 515,"2967 Main St, Unit 21",Residential Property (1-4 Units),CS1,GA,North,2,FC,Emily Watson,2023-06-18,2053-06-10,2026-04-20,3479,Current,0,181512,0,217642,226552,2023-06-03,799,80.12,2025-12-28,3413,113,DDA-95875,24975,2026-03-18,2026-03-20
East West Bank,EWB-1000516,Specialty,EWB-INT,Borrower 516,"135 Main St, Unit 45",Commercial & Multi-Family (5+ Units),CR1,CA,South,2,BK,Barbara Taylor,2022-09-12,2052-09-04,2026-04-20,1620,90-Day Delinquent,90,276555,1383,367215,407884,2022-08-28,609,67.8,2025-12-19,4736,538,DDA-96507,4788,2026-02-21,2026-03-17
East West Bank,EWB-1000517,Construction,EWB-INT,Borrower 517,"7426 Main St, Unit 16",Commercial & Multi-Family (5+ Units),CR1,CA,West,1,PIF,Donald Martinez,2022-07-07,2052-06-29,2026-04-20,1786,Current,0,98337,0,185954,236274,2022-06-22,716,41.62,2025-12-04,1868,952,DDA-20754,41412,2026-03-01,2026-03-17
East West Bank,EWB-1000518,ARM,PRIV,Borrower 518,"360 Main St, Unit 43",Residential Property (1-4 Units),CS1,TX,North,4,LEG,Richard Davis,2022-08-09,2052-08-01,2026-04-20,2435,Current,0,563938,0,709655,694472,2022-07-25,663,81.2,2025-12-22,1011,531,DDA-50768,42176,2026-02-22,2026-03-18
East West Bank,EWB-1000519,Equity,EWB-INT,Borrower 519,"2189 Main St, Unit 14",Commercial & Multi-Family (5+ Units),CE1,WA,West,3,BK,Charles Wilson,2022-09-09,2052-09-01,2026-04-20,4322,30-Day Delinquent,30,778828,0,1036040,1314529,2022-08-25,701,59.25,2025-11-09,3910,338,DDA-94868,15011,2026-02-19,2026-03-18
East West Bank,EWB-1000520,Equity,PRIV,Borrower 520,"5884 Main St, Unit 8",Residential Property (1-4 Units),CR1,NY,North,4,DIS,Daniel Martin,2022-06-18,2052-06-10,2026-04-20,4133,Current,0,887439,0,991461,1217091,2022-06-03,632,72.91,2025-12-13,1854,651,DDA-18367,10746,2026-02-27,2026-03-19
East West Bank,EWB-1000521,Foreign National,FHLMC,Borrower 521,"3153 Main St, Unit 14",Residential Property (1-4 Units),SP1,WA,North,3,LOSS,Charles Wilson,2022-11-15,2052-11-07,2026-04-20,2686,30-Day Delinquent,30,169904,0,266739,269463,2022-10-31,701,63.05,2025-12-09,3336,739,DDA-17383,35949,2026-02-28,2026-03-21
East West Bank,EWB-1000522,Construction,GNMA,Borrower 522,"1041 Main St, Unit 7",Residential Property (1-4 Units),CR1,MA,West,4,LOSS,Donald Martinez,2022-12-01,2052-11-23,2026-04-20,2842,Current,0,617304,0,930316,871476,2022-11-16,602,70.83,2026-01-01,2958,649,DDA-40922,39764,2026-03-01,2026-03-18
East West Bank,EWB-1000523,Construction,FNMA,Borrower 523,"7911 Main St, Unit 7",Residential Property (1-4 Units),CS1,TX,East,1,M,Susan Martinez,2022-03-26,2052-03-18,2026-04-20,4400,Current,0,302338,0,486676,591298,2022-03-11,606,51.13,2025-11-23,2164,375,DDA-39041,40690,2026-02-25,2026-03-16
East West Bank,EWB-1000524,ARM,FNMA,Borrower 524,"4335 Main St, Unit 42",Residential Property (1-4 Units),HE1,TX,South,3,M,James Miller,2023-11-27,2053-11-19,2026-04-20,4082,Current,0,898331,0,1164929,1337379,2023-11-12,810,67.17,2025-11-10,4238,911,DDA-60724,10353,2026-03-14,2026-03-18
East West Bank,EWB-1000525,Conventional,GNMA,Borrower 525,"5891 Main St, Unit 39",Commercial & Multi-Family (5+ Units),CR1,GA,South,1,M,Susan Martinez,2023-01-07,2052-12-30,2026-04-20,4296,Current,0,583853,0,635417,686502,2022-12-23,758,85.05,2025-11-14,3101,797,DDA-52746,29583,2026-03-08,2026-03-16
East West Bank,EWB-1000526,ARM,FHLMC,Borrower 526,"517 Main St, Unit 22",Commercial & Multi-Family (5+ Units),HE1,TX,North,1,PIF,Barbara Taylor,2023-11-22,2053-11-14,2026-04-20,2459,Current,0,386049,0,705941,794211,2023-11-07,813,48.61,2025-11-15,2498,33,DDA-59463,15092,2026-03-01,2026-03-16
East West Bank,EWB-1000527,Specialty,PRIV,Borrower 527,"3036 Main St, Unit 24",Commercial & Multi-Family (5+ Units),CS1,NY,North,4,LOSS,John Smith,2022-02-02,2052-01-26,2026-04-20,4437,Current,0,279873,0,378504,397841,2022-01-18,582,70.35,2025-12-02,1646,863,DDA-50596,2258,2026-03-04,2026-03-19
East West Bank,EWB-1000528,Construction,EWB-INT,Borrower 528,"9951 Main St, Unit 35",Commercial & Multi-Family (5+ Units),HE1,TX,West,1,SII,Susan Martinez,2022-11-13,2052-11-05,2026-04-20,1465,Current,0,474245,0,723044,768365,2022-10-29,591,61.72,2025-11-25,1475,837,DDA-67893,19628,2026-03-08,2026-03-18
East West Bank,EWB-1000529,Equity,PRIV,Borrower 529,"715 Main St, Unit 22",Residential Property (1-4 Units),CR1,NY,North,1,TRNS,Margaret Harris,2022-12-16,2052-12-08,2026-04-20,3313,Current,0,543082,0,866756,840124,2022-12-01,729,64.64,2025-11-25,3358,145,DDA-65043,7339,2026-03-02,2026-03-16
East West Bank,EWB-1000530,Foreign National,EWB-INT,Borrower 530,"1405 Main St, Unit 41",Residential Property (1-4 Units),CS1,GA,West,3,TRNS,Margaret Harris,2023-11-10,2053-11-02,2026-04-20,4981,Current,0,770303,0,1227978,1565186,2023-10-26,708,49.21,2025-11-08,4878,861,DDA-77531,41760,2026-02-28,2026-03-16
East West Bank,EWB-1000531,ARM,PRIV,Borrower 531,"1380 Main St, Unit 34",Commercial & Multi-Family (5+ Units),CE1,NY,East,4,LOSS,David Rodriguez,2022-02-26,2052-02-19,2026-04-20,2653,Current,0,733149,0,1376476,1366100,2022-02-11,608,53.67,2025-11-12,1952,426,DDA-35678,45532,2026-02-26,2026-03-18
East West Bank,EWB-1000532,Lot Loan,FNMA,Borrower 532,"666 Main St, Unit 45",Residential Property (1-4 Units),CS1,GA,South,1,SII,Sandra Garcia,2023-09-01,2053-08-24,2026-04-20,3315,30-Day Delinquent,30,268625,0,486326,528097,2023-08-17,817,50.87,2025-12-06,1487,139,DDA-95169,26966,2026-03-07,2026-03-20
East West Bank,EWB-1000533,Equity,PRIV,Borrower 533,"7017 Main St, Unit 23",Residential Property (1-4 Units),HE1,CA,East,2,TRNS,Barbara Taylor,2022-12-19,2052-12-11,2026-04-20,3373,Current,0,893982,0,1079168,1222698,2022-12-04,786,73.12,2025-11-29,3734,721,DDA-81635,42921,2026-02-21,2026-03-17
East West Bank,EWB-1000534,Equity,GNMA,Borrower 534,"3978 Main St, Unit 40",Residential Property (1-4 Units),LC1,NJ,South,2,DIS,James Miller,2022-07-20,2052-07-12,2026-04-20,1402,Current,0,720620,0,841757,897124,2022-07-05,638,80.33,2025-11-27,3649,677,DDA-77896,32570,2026-02-27,2026-03-18
East West Bank,EWB-1000535,ARM,GNMA,Borrower 535,"9544 Main St, Unit 24",Residential Property (1-4 Units),CE1,WA,North,1,BK,Linda Garcia,2023-09-13,2053-09-05,2026-04-20,4510,Current,0,1206500,0,1299947,1254608,2023-08-29,620,96.17,2025-12-15,4670,915,DDA-21772,763,2026-03-09,2026-03-19
East West Bank,EWB-1000536,Construction,FNMA,Borrower 536,"3862 Main St, Unit 4",Commercial & Multi-Family (5+ Units),CS1,VA,West,4,DIS,Michael Chen,2023-09-24,2053-09-16,2026-04-20,1949,90-Day Delinquent,120,752269,4657,1390768,1643609,2023-09-09,735,45.77,2025-11-25,1598,623,DDA-66614,35916,2026-03-17,2026-03-17
East West Bank,EWB-1000537,Construction,FNMA,Borrower 537,"5532 Main St, Unit 11",Residential Property (1-4 Units),HE1,NY,East,2,DIS,Robert Brown,2023-05-03,2053-04-25,2026-04-20,2748,Current,0,618899,0,685843,707658,2023-04-18,692,87.46,2025-11-21,3047,454,DDA-29397,49569,2026-02-24,2026-03-18
East West Bank,EWB-1000538,Conventional,PRIV,Borrower 538,"132 Main St, Unit 16",Commercial & Multi-Family (5+ Units),LC1,TX,West,2,PIF,Nancy Jackson,2023-06-15,2053-06-07,2026-04-20,4543,60-Day Delinquent,60,445572,0,731780,729903,2023-05-31,587,61.05,2025-12-21,4715,829,DDA-88531,9463,2026-02-26,2026-03-21
East West Bank,EWB-1000539,Construction,EWB-INT,Borrower 539,"800 Main St, Unit 40",Residential Property (1-4 Units),LC1,CA,East,3,M,Linda Garcia,2023-11-29,2053-11-21,2026-04-20,3375,60-Day Delinquent,60,862351,0,930298,1171243,2023-11-14,699,73.63,2026-01-01,3967,690,DDA-22754,45131,2026-02-25,2026-03-17
East West Bank,EWB-1000540,Foreign National,GNMA,Borrower 540,"3380 Main St, Unit 5",Commercial & Multi-Family (5+ Units),SP1,GA,West,1,BK,Nancy Jackson,2023-04-12,2053-04-04,2026-04-20,1510,Current,0,1102967,0,1420896,1698619,2023-03-28,716,64.93,2025-12-10,1614,504,DDA-78961,22606,2026-03-12,2026-03-16
East West Bank,EWB-1000541,Construction,PRIV,Borrower 541,"6661 Main St, Unit 15",Residential Property (1-4 Units),HE1,MA,North,1,BK,Thomas Thompson,2022-04-29,2052-04-21,2026-04-20,2606,30-Day Delinquent,30,190855,0,378071,400815,2022-04-14,740,47.62,2025-12-10,1787,462,DDA-97681,47423,2026-02-22,2026-03-16
East West Bank,EWB-1000542,Lot Loan,FNMA,Borrower 542,"4532 Main St, Unit 48",Commercial & Multi-Family (5+ Units),SP1,NY,South,4,PIF,Christopher Thomas,2022-01-22,2052-01-15,2026-04-20,1423,Current,0,577602,0,858662,848100,2022-01-07,667,68.11,2025-12-07,4907,806,DDA-50207,39252,2026-03-11,2026-03-18
East West Bank,EWB-1000543,Equity,FHLMC,Borrower 543,"5045 Main St, Unit 8",Commercial & Multi-Family (5+ Units),HE1,NY,North,2,LEG,Susan Martinez,2022-07-07,2052-06-29,2026-04-20,2302,30-Day Delinquent,30,1166761,0,1465573,1602669,2022-06-22,653,72.8,2025-12-24,2977,750,DDA-72998,33148,2026-02-26,2026-03-16
East West Bank,EWB-1000544,Specialty,FHLMC,Borrower 544,"3251 Main St, Unit 30",Commercial & Multi-Family (5+ Units),HE1,WA,East,1,DIS,Charles Wilson,2022-02-02,2052-01-26,2026-04-20,4535,Current,0,535609,0,565008,688909,2022-01-18,703,77.75,2025-12-19,1214,907,DDA-23102,21549,2026-02-21,2026-03-21
East West Bank,EWB-1000545,Foreign National,GNMA,Borrower 545,"8858 Main St, Unit 40",Commercial & Multi-Family (5+ Units),LC1,WA,North,4,PIF,Jessica Taylor,2023-01-06,2052-12-29,2026-04-20,3875,Current,0,1198002,0,1404126,1645719,2022-12-22,721,72.8,2025-12-29,3984,549,DDA-46134,2782,2026-03-05,2026-03-21
East West Bank,EWB-1000546,Equity,FHLMC,Borrower 546,"7925 Main St, Unit 3",Commercial & Multi-Family (5+ Units),CR1,VA,North,2,LEG,David Rodriguez,2023-01-09,2053-01-01,2026-04-20,2811,Current,0,831791,0,1099491,1150713,2022-12-25,685,72.28,2025-12-31,2080,482,DDA-12134,39523,2026-03-03,2026-03-19
East West Bank,EWB-1000547,Construction,PRIV,Borrower 547,"7104 Main St, Unit 36",Commercial & Multi-Family (5+ Units),SP1,CA,East,1,REO,Nancy Jackson,2022-07-23,2052-07-15,2026-04-20,2659,Current,0,725328,0,1320365,1573971,2022-07-08,618,46.08,2025-12-14,1017,716,DDA-81619,11122,2026-02-20,2026-03-17
East West Bank,EWB-1000548,Specialty,FHLMC,Borrower 548,"2019 Main St, Unit 16",Commercial & Multi-Family (5+ Units),SP1,MA,West,4,DIS,Sarah Jenkins,2022-06-03,2052-05-26,2026-04-20,4467,90-Day Delinquent,120,815976,3187,1264593,1308814,2022-05-19,580,62.34,2025-12-27,3510,818,DDA-11365,44317,2026-03-10,2026-03-20
East West Bank,EWB-1000549,Specialty,FNMA,Borrower 549,"8639 Main St, Unit 31",Residential Property (1-4 Units),LC1,VA,North,2,LOSS,Robert Brown,2022-04-23,2052-04-15,2026-04-20,1216,30-Day Delinquent,30,447727,0,649137,800671,2022-04-08,641,55.92,2025-11-29,3282,835,DDA-60594,7880,2026-02-19,2026-03-21
East West Bank,EWB-1000550,Specialty,FHLMC,Borrower 550,"8822 Main St, Unit 45",Commercial & Multi-Family (5+ Units),LC1,FL,East,2,REO,David Rodriguez,2022-09-24,2052-09-16,2026-04-20,4325,Current,0,579629,0,843264,768212,2022-09-09,625,75.45,2025-11-18,4375,321,DDA-24440,11001,2026-03-20,2026-03-21
East West Bank,EWB-1000551,Specialty,EWB-INT,Borrower 551,"1433 Main St, Unit 3",Residential Property (1-4 Units),HE1,NJ,North,3,REO,Robert Brown,2023-11-30,2053-11-22,2026-04-20,3717,Current,0,689544,0,757847,743083,2023-11-15,604,92.8,2025-12-18,2200,803,DDA-64576,18804,2026-03-08,2026-03-18
East West Bank,EWB-1000552,Specialty,FHLMC,Borrower 552,"8687 Main St, Unit 11",Commercial & Multi-Family (5+ Units),CE1,IL,North,3,REO,Sandra Garcia,2023-05-23,2053-05-15,2026-04-20,3948,Current,0,791931,0,1474070,1433811,2023-05-08,690,55.23,2025-11-09,2100,648,DDA-19108,46239,2026-03-02,2026-03-21
East West Bank,EWB-1000553,Specialty,GNMA,Borrower 553,"8690 Main St, Unit 31",Commercial & Multi-Family (5+ Units),CE1,TX,North,2,M,Robert Brown,2022-10-10,2052-10-02,2026-04-20,2393,Current,0,456762,0,702433,874693,2022-09-25,704,52.22,2025-11-28,1719,457,DDA-48858,19230,2026-03-07,2026-03-19
East West Bank,EWB-1000554,Lot Loan,FHLMC,Borrower 554,"9567 Main St, Unit 38",Residential Property (1-4 Units),SP1,CA,North,4,LEG,Sarah Jenkins,2023-09-13,2053-09-05,2026-04-20,2575,60-Day Delinquent,60,619567,0,890829,1005888,2023-08-29,742,61.59,2025-12-01,1745,872,DDA-67612,27786,2026-02-21,2026-03-20
East West Bank,EWB-1000555,Equity,FHLMC,Borrower 555,"1449 Main St, Unit 33",Residential Property (1-4 Units),LC1,TX,North,4,BK,Donald Martinez,2023-05-08,2053-04-30,2026-04-20,3087,Current,0,308430,0,435195,455216,2023-04-23,766,67.75,2025-11-13,2632,611,DDA-68979,38520,2026-03-18,2026-03-16
East West Bank,EWB-1000556,ARM,FHLMC,Borrower 556,"3865 Main St, Unit 23",Commercial & Multi-Family (5+ Units),SP1,NY,East,4,TRNS,Linda Garcia,2022-06-14,2052-06-06,2026-04-20,2085,Current,0,752159,0,1324571,1239534,2022-05-30,808,60.68,2025-11-17,2489,75,DDA-97122,37663,2026-03-05,2026-03-17
East West Bank,EWB-1000557,ARM,EWB-INT,Borrower 557,"4981 Main St, Unit 44",Residential Property (1-4 Units),CS1,MA,East,1,M,Susan Martinez,2023-02-19,2053-02-11,2026-04-20,4552,60-Day Delinquent,60,496001,0,943392,1106231,2023-02-04,667,44.84,2025-12-07,4973,611,DDA-29282,7539,2026-02-25,2026-03-18
East West Bank,EWB-1000558,Lot Loan,EWB-INT,Borrower 558,"6165 Main St, Unit 3",Residential Property (1-4 Units),HE1,NJ,West,4,M,David Rodriguez,2023-06-24,2053-06-16,2026-04-20,3288,Current,0,239517,0,330553,390970,2023-06-09,601,61.26,2025-11-12,1899,529,DDA-15626,22917,2026-03-04,2026-03-19
East West Bank,EWB-1000559,ARM,GNMA,Borrower 559,"8094 Main St, Unit 8",Residential Property (1-4 Units),CE1,VA,North,2,LOSS,Joseph White,2023-03-25,2053-03-17,2026-04-20,4471,30-Day Delinquent,30,1169056,0,1458144,1641316,2023-03-10,588,71.23,2025-12-28,4986,570,DDA-44152,31434,2026-03-13,2026-03-21
East West Bank,EWB-1000560,Equity,FNMA,Borrower 560,"1857 Main St, Unit 25",Commercial & Multi-Family (5+ Units),LC1,GA,North,1,FC,Christopher Thomas,2022-08-22,2052-08-14,2026-04-20,2598,Current,0,573066,0,849983,836754,2022-08-07,637,68.49,2025-12-13,4013,639,DDA-34550,46631,2026-02-24,2026-03-18
East West Bank,EWB-1000561,Specialty,EWB-INT,Borrower 561,"6962 Main St, Unit 10",Residential Property (1-4 Units),CE1,WA,North,2,FC,Thomas Thompson,2023-04-25,2053-04-17,2026-04-20,4093,90-Day Delinquent,90,1031501,4363,1401079,1519496,2023-04-10,711,67.88,2025-11-30,3933,340,DDA-48113,8879,2026-03-11,2026-03-18
East West Bank,EWB-1000562,Construction,PRIV,Borrower 562,"9312 Main St, Unit 49",Commercial & Multi-Family (5+ Units),LC1,WA,North,3,TRNS,Emily Watson,2022-10-17,2052-10-09,2026-04-20,3053,30-Day Delinquent,30,741241,0,1209920,1349757,2022-10-02,711,54.92,2025-12-18,1258,172,DDA-58677,28347,2026-02-28,2026-03-17
East West Bank,EWB-1000563,Specialty,PRIV,Borrower 563,"8050 Main St, Unit 41",Commercial & Multi-Family (5+ Units),SP1,IL,South,4,M,Karen Anderson,2023-02-06,2053-01-29,2026-04-20,2218,30-Day Delinquent,30,135484,0,255423,321110,2023-01-22,724,42.19,2025-12-10,2361,912,DDA-32649,21074,2026-03-11,2026-03-20
East West Bank,EWB-1000564,Foreign National,EWB-INT,Borrower 564,"521 Main St, Unit 17",Commercial & Multi-Family (5+ Units),CE1,CA,East,4,SII,Sarah Jenkins,2022-02-14,2052-02-07,2026-04-20,4961,60-Day Delinquent,60,595157,0,821256,1042976,2022-01-30,709,57.06,2025-11-13,3603,774,DDA-22887,2614,2026-02-23,2026-03-17
East West Bank,EWB-1000565,Lot Loan,PRIV,Borrower 565,"7101 Main St, Unit 46",Commercial & Multi-Family (5+ Units),CS1,MA,East,3,M,Karen Anderson,2023-04-03,2053-03-26,2026-04-20,2197,90-Day Delinquent,90,699151,3682,925435,892931,2023-03-19,676,78.3,2025-11-25,1100,256,DDA-36290,16776,2026-03-16,2026-03-17
East West Bank,EWB-1000566,Specialty,EWB-INT,Borrower 566,"4044 Main St, Unit 13",Residential Property (1-4 Units),SP1,IL,South,2,LOSS,Emily Watson,2022-04-23,2052-04-15,2026-04-20,1098,Current,0,817815,0,1059164,1111989,2022-04-08,704,73.55,2025-11-08,3908,514,DDA-58220,46723,2026-02-27,2026-03-21
East West Bank,EWB-1000567,Specialty,GNMA,Borrower 567,"2629 Main St, Unit 11",Residential Property (1-4 Units),CS1,NJ,South,4,M,Nancy Jackson,2022-09-01,2052-08-24,2026-04-20,4755,30-Day Delinquent,30,746832,0,1095439,1170606,2022-08-17,778,63.8,2025-11-15,2491,571,DDA-18998,10049,2026-03-03,2026-03-16
East West Bank,EWB-1000568,Construction,EWB-INT,Borrower 568,"3034 Main St, Unit 20",Commercial & Multi-Family (5+ Units),SP1,CA,West,1,DIS,Christopher Thomas,2023-01-28,2053-01-20,2026-04-20,1839,30-Day Delinquent,30,447050,0,762121,739328,2023-01-13,602,60.47,2025-11-25,3572,87,DDA-34753,7265,2026-02-26,2026-03-20
East West Bank,EWB-1000569,Lot Loan,FHLMC,Borrower 569,"2710 Main St, Unit 37",Commercial & Multi-Family (5+ Units),CS1,IL,East,2,LOSS,Linda Garcia,2022-07-07,2052-06-29,2026-04-20,4381,Current,0,849172,0,1243389,1555448,2022-06-22,665,54.59,2025-12-01,2874,639,DDA-40547,1951,2026-03-14,2026-03-17
East West Bank,EWB-1000570,Construction,EWB-INT,Borrower 570,"7153 Main St, Unit 41",Commercial & Multi-Family (5+ Units),CR1,NY,West,2,BK,Richard Davis,2023-08-26,2053-08-18,2026-04-20,1656,Current,0,366863,0,436214,400230,2023-08-11,715,91.66,2025-12-16,1787,500,DDA-18184,44137,2026-02-20,2026-03-20
East West Bank,EWB-1000571,ARM,GNMA,Borrower 571,"1298 Main St, Unit 43",Residential Property (1-4 Units),LC1,CA,North,4,LEG,Richard Davis,2023-12-05,2053-11-27,2026-04-20,4346,Current,0,292745,0,492703,528056,2023-11-20,629,55.44,2025-12-19,4656,706,DDA-50153,38742,2026-03-01,2026-03-18
East West Bank,EWB-1000572,ARM,FHLMC,Borrower 572,"2077 Main St, Unit 7",Residential Property (1-4 Units),HE1,IL,East,2,DIS,Patricia Hernandez,2023-09-08,2053-08-31,2026-04-20,2418,Current,0,456196,0,549953,700529,2023-08-24,635,65.12,2025-12-27,1920,617,DDA-11340,22497,2026-03-04,2026-03-21
East West Bank,EWB-1000573,Construction,EWB-INT,Borrower 573,"9484 Main St, Unit 36",Commercial & Multi-Family (5+ Units),SP1,CA,East,2,PIF,Charles Wilson,2023-10-19,2053-10-11,2026-04-20,2763,30-Day Delinquent,30,782929,0,988003,1067245,2023-10-04,790,73.36,2025-11-18,4892,507,DDA-33818,23927,2026-03-13,2026-03-20
East West Bank,EWB-1000574,Conventional,GNMA,Borrower 574,"8313 Main St, Unit 25",Residential Property (1-4 Units),LC1,FL,South,4,LEG,Michael Chen,2023-03-02,2053-02-22,2026-04-20,2600,60-Day Delinquent,60,1026492,0,1235841,1208900,2023-02-15,767,84.91,2025-11-20,1598,627,DDA-37943,8833,2026-03-12,2026-03-20
East West Bank,EWB-1000575,Construction,GNMA,Borrower 575,"3494 Main St, Unit 29",Residential Property (1-4 Units),CE1,IL,West,1,DIS,Daniel Martin,2023-08-21,2053-08-13,2026-04-20,1928,Current,0,175111,0,216150,256507,2023-08-06,651,68.27,2025-11-07,1948,643,DDA-93092,13210,2026-03-20,2026-03-20
East West Bank,EWB-1000576,Lot Loan,GNMA,Borrower 576,"3619 Main St, Unit 18",Commercial & Multi-Family (5+ Units),HE1,GA,West,4,FC,Charles Wilson,2022-12-30,2052-12-22,2026-04-20,3690,Current,0,394308,0,487054,619040,2022-12-15,617,63.7,2025-11-15,1531,610,DDA-78435,28220,2026-03-10,2026-03-19
East West Bank,EWB-1000577,Lot Loan,PRIV,Borrower 577,"8846 Main St, Unit 43",Residential Property (1-4 Units),SP1,VA,South,3,FC,Christopher Thomas,2022-06-26,2052-06-18,2026-04-20,4390,Current,0,547026,0,709723,658907,2022-06-11,647,83.02,2025-12-31,2572,565,DDA-11239,21212,2026-03-20,2026-03-20
East West Bank,EWB-1000578,Specialty,EWB-INT,Borrower 578,"7388 Main St, Unit 27",Commercial & Multi-Family (5+ Units),LC1,MA,North,1,M,Sandra Garcia,2022-03-10,2052-03-02,2026-04-20,4376,Current,0,776528,0,1408593,1384961,2022-02-23,792,56.07,2025-12-02,3312,115,DDA-69617,34139,2026-02-19,2026-03-20
East West Bank,EWB-1000579,Construction,EWB-INT,Borrower 579,"3611 Main St, Unit 1",Residential Property (1-4 Units),LC1,FL,East,2,PIF,Christopher Thomas,2022-04-22,2052-04-14,2026-04-20,2264,90-Day Delinquent,90,213025,3592,284055,298441,2022-04-07,782,71.38,2025-11-03,1653,351,DDA-55838,27746,2026-02-19,2026-03-18
East West Bank,EWB-1000580,Conventional,GNMA,Borrower 580,"5733 Main St, Unit 35",Residential Property (1-4 Units),LC1,IL,North,3,M,Sandra Garcia,2023-09-26,2053-09-18,2026-04-20,3821,Current,0,637193,0,959942,1228063,2023-09-11,580,51.89,2025-12-21,4691,348,DDA-43572,44741,2026-03-17,2026-03-18
East West Bank,EWB-1000581,Equity,EWB-INT,Borrower 581,"7567 Main St, Unit 25",Commercial & Multi-Family (5+ Units),CE1,IL,East,1,PIF,Matthew Moore,2023-04-03,2053-03-26,2026-04-20,3976,Current,0,827817,0,1292647,1636741,2023-03-19,816,50.58,2025-12-21,2001,667,DDA-15133,46146,2026-03-03,2026-03-20
East West Bank,EWB-1000582,Foreign National,EWB-INT,Borrower 582,"4572 Main St, Unit 30",Commercial & Multi-Family (5+ Units),LC1,WA,South,4,TRNS,John Smith,2023-03-13,2053-03-05,2026-04-20,1732,Current,0,845401,0,991052,1029450,2023-02-26,623,82.12,2025-12-27,4864,540,DDA-82939,30724,2026-02-24,2026-03-18
East West Bank,EWB-1000583,ARM,PRIV,Borrower 583,"7081 Main St, Unit 39",Residential Property (1-4 Units),CE1,IL,East,1,M,Linda Garcia,2022-11-11,2052-11-03,2026-04-20,4061,30-Day Delinquent,30,355112,0,419708,462416,2022-10-27,777,76.79,2025-11-20,4788,218,DDA-16331,7901,2026-03-13,2026-03-21
East West Bank,EWB-1000584,Construction,EWB-INT,Borrower 584,"7211 Main St, Unit 37",Commercial & Multi-Family (5+ Units),CR1,NJ,East,4,REO,Richard Davis,2023-09-23,2053-09-15,2026-04-20,1904,30-Day Delinquent,30,882195,0,1161727,1152322,2023-09-08,747,76.56,2025-12-27,1347,545,DDA-31170,10259,2026-03-19,2026-03-18
East West Bank,EWB-1000585,Specialty,EWB-INT,Borrower 585,"6930 Main St, Unit 25",Residential Property (1-4 Units),CE1,GA,East,1,LEG,David Rodriguez,2023-10-29,2053-10-21,2026-04-20,4372,Current,0,608952,0,1011291,1177953,2023-10-14,661,51.7,2025-11-27,3678,868,DDA-73873,19965,2026-02-28,2026-03-19
East West Bank,EWB-1000586,Construction,EWB-INT,Borrower 586,"5705 Main St, Unit 3",Commercial & Multi-Family (5+ Units),LC1,CA,East,3,M,David Rodriguez,2023-11-09,2053-11-01,2026-04-20,3730,Current,0,164866,0,273618,343867,2023-10-25,668,47.94,2025-12-07,3166,842,DDA-98515,8359,2026-03-01,2026-03-17
East West Bank,EWB-1000587,Conventional,EWB-INT,Borrower 587,"6673 Main St, Unit 44",Residential Property (1-4 Units),CR1,WA,West,2,TRNS,Susan Martinez,2022-05-08,2052-04-30,2026-04-20,3657,90-Day Delinquent,90,998063,1010,1323917,1658871,2022-04-23,656,60.17,2025-11-24,2704,890,DDA-24395,12780,2026-02-26,2026-03-20
East West Bank,EWB-1000588,Construction,GNMA,Borrower 588,"1898 Main St, Unit 42",Commercial & Multi-Family (5+ Units),CR1,FL,West,3,LOSS,Richard Davis,2022-05-09,2052-05-01,2026-04-20,3216,Current,0,352907,0,702076,773801,2022-04-24,598,45.61,2025-12-04,1694,887,DDA-69124,35165,2026-03-04,2026-03-17
East West Bank,EWB-1000589,Specialty,EWB-INT,Borrower 589,"9104 Main St, Unit 16",Residential Property (1-4 Units),CR1,IL,South,1,DIS,Thomas Thompson,2023-05-14,2053-05-06,2026-04-20,2440,Current,0,796189,0,1032554,1285228,2023-04-29,767,61.95,2025-12-23,4995,246,DDA-43560,47212,2026-03-07,2026-03-21
East West Bank,EWB-1000590,Construction,EWB-INT,Borrower 590,"3366 Main St, Unit 35",Commercial & Multi-Family (5+ Units),LC1,MA,North,1,DIS,Jessica Taylor,2023-04-14,2053-04-06,2026-04-20,3478,90-Day Delinquent,150,565202,1975,690659,652202,2023-03-30,684,86.66,2025-11-23,4446,781,DDA-83952,16969,2026-03-19,2026-03-18
East West Bank,EWB-1000591,Equity,FHLMC,Borrower 591,"9473 Main St, Unit 44",Commercial & Multi-Family (5+ Units),HE1,TX,East,2,DIS,Jessica Taylor,2022-12-18,2052-12-10,2026-04-20,4802,Current,0,661011,0,856544,1087774,2022-12-03,728,60.77,2025-12-18,3542,626,DDA-19031,6754,2026-02-19,2026-03-18
East West Bank,EWB-1000592,Equity,EWB-INT,Borrower 592,"1803 Main St, Unit 27",Residential Property (1-4 Units),LC1,CA,West,1,M,Patricia Hernandez,2023-05-12,2053-05-04,2026-04-20,2717,Current,0,753461,0,1391835,1383020,2023-04-27,765,54.48,2025-12-27,3177,919,DDA-47505,19838,2026-03-17,2026-03-17
East West Bank,EWB-1000593,Equity,GNMA,Borrower 593,"2185 Main St, Unit 34",Commercial & Multi-Family (5+ Units),SP1,CA,West,1,M,Matthew Moore,2022-02-23,2052-02-16,2026-04-20,1379,30-Day Delinquent,30,714089,0,759719,936500,2022-02-08,674,76.25,2025-11-16,1455,201,DDA-13392,33632,2026-03-16,2026-03-18
East West Bank,EWB-1000594,ARM,GNMA,Borrower 594,"1473 Main St, Unit 37",Commercial & Multi-Family (5+ Units),SP1,IL,West,3,PIF,Linda Garcia,2022-07-18,2052-07-10,2026-04-20,3910,Current,0,741801,0,1039097,1061200,2022-07-03,721,69.9,2025-12-02,3338,844,DDA-19132,3918,2026-03-16,2026-03-20
East West Bank,EWB-1000595,Foreign National,PRIV,Borrower 595,"7291 Main St, Unit 24",Commercial & Multi-Family (5+ Units),CR1,GA,West,3,TRNS,Linda Garcia,2022-09-14,2052-09-06,2026-04-20,1206,Current,0,348343,0,400195,439136,2022-08-30,641,79.32,2025-11-26,4914,642,DDA-46537,29761,2026-03-05,2026-03-21
East West Bank,EWB-1000596,Conventional,FHLMC,Borrower 596,"9678 Main St, Unit 35",Residential Property (1-4 Units),SP1,GA,East,3,FC,Nancy Jackson,2022-07-19,2052-07-11,2026-04-20,4146,30-Day Delinquent,30,160016,0,182733,211670,2022-07-04,621,75.6,2025-12-27,2544,282,DDA-55718,27189,2026-02-28,2026-03-17
East West Bank,EWB-1000597,Construction,FNMA,Borrower 597,"4734 Main St, Unit 37",Commercial & Multi-Family (5+ Units),CE1,WA,South,3,LOSS,Sarah Jenkins,2022-03-09,2052-03-01,2026-04-20,3934,Current,0,221475,0,259996,312137,2022-02-22,614,70.95,2025-12-06,4981,318,DDA-30676,13508,2026-03-16,2026-03-16
East West Bank,EWB-1000598,ARM,FNMA,Borrower 598,"1424 Main St, Unit 45",Residential Property (1-4 Units),CS1,IL,North,3,DIS,Lisa Williams,2022-01-24,2052-01-17,2026-04-20,1382,Current,0,514833,0,706701,717687,2022-01-09,679,71.74,2025-11-04,4246,993,DDA-31446,20032,2026-03-05,2026-03-21
East West Bank,EWB-1000599,Lot Loan,FHLMC,Borrower 599,"5063 Main St, Unit 12",Commercial & Multi-Family (5+ Units),SP1,IL,West,2,SII,Margaret Harris,2023-11-13,2053-11-05,2026-04-20,1992,90-Day Delinquent,90,745777,3118,1100417,1084952,2023-10-29,726,68.74,2025-12-21,1703,427,DDA-94429,26355,2026-03-20,2026-03-18
East West Bank,EWB-1000600,ARM,GNMA,Borrower 600,"8011 Main St, Unit 30",Residential Property (1-4 Units),LC1,GA,South,4,DIS,Donald Martinez,2022-12-13,2052-12-05,2026-04-20,3438,Current,0,513393,0,583816,543643,2022-11-28,580,94.44,2025-11-19,3861,5,DDA-74622,2415,2026-03-05,2026-03-17
East West Bank,EWB-1000601,ARM,FNMA,Borrower 601,"7947 Main St, Unit 20",Commercial & Multi-Family (5+ Units),LC1,MA,North,3,SII,Richard Davis,2023-04-14,2053-04-06,2026-04-20,1975,Current,0,593143,0,935332,1050488,2023-03-30,710,56.46,2025-12-11,2203,627,DDA-49397,37282,2026-03-14,2026-03-17
East West Bank,EWB-1000602,Specialty,FNMA,Borrower 602,"8705 Main St, Unit 45",Commercial & Multi-Family (5+ Units),SP1,MA,North,2,TRNS,Nancy Jackson,2023-05-20,2053-05-12,2026-04-20,1922,90-Day Delinquent,150,249201,2191,316472,290410,2023-05-05,707,85.81,2025-12-06,1762,734,DDA-61867,11000,2026-02-25,2026-03-17
East West Bank,EWB-1000603,Conventional,EWB-INT,Borrower 603,"9909 Main St, Unit 37",Residential Property (1-4 Units),CE1,FL,East,4,SII,Linda Garcia,2023-04-08,2053-03-31,2026-04-20,1163,Current,0,256401,0,272744,274160,2023-03-24,664,93.52,2025-11-30,4336,267,DDA-23344,39757,2026-03-17,2026-03-21
East West Bank,EWB-1000604,Conventional,FHLMC,Borrower 604,"8778 Main St, Unit 16",Residential Property (1-4 Units),CR1,IL,North,3,PIF,Robert Brown,2023-02-03,2053-01-26,2026-04-20,3921,30-Day Delinquent,30,722724,0,1241577,1569098,2023-01-19,785,46.06,2025-12-13,2103,765,DDA-51913,21015,2026-03-04,2026-03-19
East West Bank,EWB-1000605,ARM,FNMA,Borrower 605,"6177 Main St, Unit 6",Residential Property (1-4 Units),SP1,MA,South,2,M,Joseph White,2023-02-07,2053-01-30,2026-04-20,4088,60-Day Delinquent,60,664138,0,981460,1094249,2023-01-23,602,60.69,2025-11-10,4865,649,DDA-99001,41920,2026-03-10,2026-03-18
East West Bank,EWB-1000606,Construction,GNMA,Borrower 606,"1169 Main St, Unit 48",Commercial & Multi-Family (5+ Units),CS1,MA,South,1,BK,Robert Brown,2022-05-30,2052-05-22,2026-04-20,4587,Current,0,517783,0,580789,647574,2022-05-15,693,79.96,2025-12-18,4392,73,DDA-96554,22968,2026-03-11,2026-03-20
East West Bank,EWB-1000607,Equity,PRIV,Borrower 607,"3055 Main St, Unit 7",Residential Property (1-4 Units),CR1,MA,South,3,FC,Christopher Thomas,2023-07-21,2053-07-13,2026-04-20,1272,90-Day Delinquent,150,964853,1314,1062727,1318447,2023-07-06,662,73.18,2025-12-03,2201,127,DDA-30346,48095,2026-03-08,2026-03-17
East West Bank,EWB-1000608,Conventional,GNMA,Borrower 608,"4485 Main St, Unit 28",Commercial & Multi-Family (5+ Units),SP1,WA,North,3,TRNS,Thomas Thompson,2023-11-12,2053-11-04,2026-04-20,1596,Current,0,579405,0,708924,648683,2023-10-28,623,89.32,2025-12-06,3582,616,DDA-33905,14454,2026-03-01,2026-03-19
East West Bank,EWB-1000609,Construction,GNMA,Borrower 609,"1106 Main St, Unit 46",Commercial & Multi-Family (5+ Units),CS1,CA,East,1,REO,Thomas Thompson,2023-03-11,2053-03-03,2026-04-20,2846,90-Day Delinquent,150,883544,1976,960694,1225799,2023-02-24,786,72.08,2025-11-17,2349,177,DDA-29325,44339,2026-03-01,2026-03-20
East West Bank,EWB-1000610,Specialty,GNMA,Borrower 610,"7440 Main St, Unit 5",Residential Property (1-4 Units),LC1,VA,South,3,REO,Charles Wilson,2023-04-08,2053-03-31,2026-04-20,2525,90-Day Delinquent,150,590848,4966,1122346,1274732,2023-03-24,647,46.35,2025-11-05,3651,502,DDA-40555,43451,2026-02-23,2026-03-17
East West Bank,EWB-1000611,Foreign National,PRIV,Borrower 611,"9409 Main St, Unit 5",Commercial & Multi-Family (5+ Units),CS1,GA,West,4,LEG,Thomas Thompson,2023-06-28,2053-06-20,2026-04-20,1540,Current,0,998462,0,1148974,1459382,2023-06-13,719,68.42,2025-12-18,2174,336,DDA-39000,33098,2026-03-10,2026-03-17
East West Bank,EWB-1000612,Foreign National,FHLMC,Borrower 612,"6121 Main St, Unit 12",Residential Property (1-4 Units),SP1,GA,West,4,M,Donald Martinez,2022-04-21,2052-04-13,2026-04-20,1870,Current,0,246929,0,476898,471731,2022-04-06,773,52.35,2025-12-07,2375,317,DDA-89197,39000,2026-02-27,2026-03-16
East West Bank,EWB-1000613,ARM,PRIV,Borrower 613,"1838 Main St, Unit 9",Residential Property (1-4 Units),HE1,FL,North,2,FC,Lisa Williams,2022-08-10,2052-08-02,2026-04-20,2606,Current,0,871189,0,1013561,932733,2022-07-26,730,93.4,2025-11-17,4135,908,DDA-73816,2080,2026-03-13,2026-03-18
East West Bank,EWB-1000614,Lot Loan,PRIV,Borrower 614,"347 Main St, Unit 15",Residential Property (1-4 Units),CE1,TX,East,2,DIS,Nancy Jackson,2023-03-13,2053-03-05,2026-04-20,2450,Current,0,1152728,0,1445160,1371210,2023-02-26,702,84.07,2025-11-24,3089,543,DDA-10614,14376,2026-03-10,2026-03-17
East West Bank,EWB-1000615,Foreign National,EWB-INT,Borrower 615,"6267 Main St, Unit 20",Residential Property (1-4 Units),CR1,NJ,West,2,FC,Linda Garcia,2022-07-24,2052-07-16,2026-04-20,1602,Current,0,976784,0,1176553,1414230,2022-07-09,614,69.07,2025-11-26,1564,595,DDA-31457,18761,2026-03-11,2026-03-17
East West Bank,EWB-1000616,Equity,EWB-INT,Borrower 616,"8025 Main St, Unit 44",Commercial & Multi-Family (5+ Units),CE1,TX,West,4,LEG,Sandra Garcia,2022-10-29,2052-10-21,2026-04-20,1130,60-Day Delinquent,60,188425,0,268533,256368,2022-10-14,653,73.5,2025-11-08,4854,428,DDA-98041,11782,2026-03-01,2026-03-19
East West Bank,EWB-1000617,Specialty,GNMA,Borrower 617,"3180 Main St, Unit 12",Residential Property (1-4 Units),LC1,FL,South,2,PIF,Christopher Thomas,2022-07-27,2052-07-19,2026-04-20,3333,60-Day Delinquent,60,181011,0,216262,273155,2022-07-12,797,66.27,2025-11-29,2233,328,DDA-15046,5264,2026-02-24,2026-03-21
East West Bank,EWB-1000618,Foreign National,GNMA,Borrower 618,"4731 Main St, Unit 22",Commercial & Multi-Family (5+ Units),HE1,WA,West,1,FC,Susan Martinez,2022-03-28,2052-03-20,2026-04-20,4851,90-Day Delinquent,90,124577,2910,226898,278771,2022-03-13,808,44.69,2025-11-06,4890,975,DDA-33126,43346,2026-02-27,2026-03-18
East West Bank,EWB-1000619,Foreign National,FHLMC,Borrower 619,"1062 Main St, Unit 19",Residential Property (1-4 Units),CE1,CA,East,2,M,David Rodriguez,2022-06-08,2052-05-31,2026-04-20,3201,Current,0,539101,0,704736,819110,2022-05-24,690,65.82,2025-12-11,1230,224,DDA-99164,11277,2026-02-22,2026-03-19
East West Bank,EWB-1000620,Equity,GNMA,Borrower 620,"624 Main St, Unit 25",Residential Property (1-4 Units),LC1,VA,West,4,TRNS,James Miller,2023-07-22,2053-07-14,2026-04-20,4898,Current,0,1025308,0,1206233,1202713,2023-07-07,657,85.25,2025-11-08,2507,321,DDA-86971,5804,2026-03-04,2026-03-16
East West Bank,EWB-1000621,Specialty,PRIV,Borrower 621,"9476 Main St, Unit 7",Commercial & Multi-Family (5+ Units),CE1,NY,East,2,FC,Lisa Williams,2022-06-23,2052-06-15,2026-04-20,2897,Current,0,643194,0,1094189,986358,2022-06-08,743,65.21,2025-11-09,4749,487,DDA-11098,4683,2026-03-07,2026-03-16
East West Bank,EWB-1000622,Conventional,GNMA,Borrower 622,"8771 Main St, Unit 35",Residential Property (1-4 Units),SP1,GA,West,1,TRNS,Barbara Taylor,2023-07-21,2053-07-13,2026-04-20,2880,90-Day Delinquent,150,116853,773,157906,199443,2023-07-06,646,58.59,2025-12-16,1704,335,DDA-12732,8660,2026-03-07,2026-03-20
East West Bank,EWB-1000623,Construction,FHLMC,Borrower 623,"5303 Main St, Unit 19",Commercial & Multi-Family (5+ Units),CE1,NY,East,4,TRNS,Joseph White,2023-01-31,2053-01-23,2026-04-20,1917,Current,0,613895,0,943719,1124912,2023-01-16,686,54.57,2025-11-10,4857,389,DDA-65576,30652,2026-02-25,2026-03-20
East West Bank,EWB-1000624,Lot Loan,FHLMC,Borrower 624,"4853 Main St, Unit 44",Commercial & Multi-Family (5+ Units),CE1,CA,West,2,FC,Linda Garcia,2023-08-23,2053-08-15,2026-04-20,1521,30-Day Delinquent,30,550188,0,996936,998270,2023-08-08,647,55.11,2025-12-31,2633,149,DDA-69006,5827,2026-03-10,2026-03-20
East West Bank,EWB-1000625,Foreign National,PRIV,Borrower 625,"9917 Main St, Unit 9",Commercial & Multi-Family (5+ Units),CR1,VA,East,3,LOSS,Charles Wilson,2023-05-30,2053-05-22,2026-04-20,2943,Current,0,104623,0,184701,235850,2023-05-15,749,44.36,2025-12-23,2739,379,DDA-47133,3827,2026-03-05,2026-03-20
East West Bank,EWB-1000626,Foreign National,EWB-INT,Borrower 626,"3560 Main St, Unit 22",Residential Property (1-4 Units),LC1,CA,North,1,TRNS,James Miller,2022-04-02,2052-03-25,2026-04-20,1019,90-Day Delinquent,90,171867,4934,233560,300365,2022-03-18,743,57.22,2025-11-27,1091,137,DDA-79607,32133,2026-03-20,2026-03-20
East West Bank,EWB-1000627,Foreign National,EWB-INT,Borrower 627,"4728 Main St, Unit 35",Commercial & Multi-Family (5+ Units),HE1,NJ,South,1,BK,James Miller,2022-05-12,2052-05-04,2026-04-20,4865,Current,0,159517,0,193642,213240,2022-04-27,640,74.81,2025-12-11,3812,672,DDA-62314,18602,2026-02-28,2026-03-21
East West Bank,EWB-1000628,Equity,GNMA,Borrower 628,"407 Main St, Unit 27",Commercial & Multi-Family (5+ Units),CS1,WA,East,3,SII,Linda Garcia,2023-01-17,2053-01-09,2026-04-20,3749,Current,0,263321,0,477304,485786,2023-01-02,662,54.21,2025-12-19,1942,107,DDA-47538,26294,2026-02-19,2026-03-18
East West Bank,EWB-1000629,Construction,FNMA,Borrower 629,"4121 Main St, Unit 48",Residential Property (1-4 Units),CS1,TX,West,3,TRNS,Barbara Taylor,2023-09-15,2053-09-07,2026-04-20,1482,Current,0,659946,0,763089,704117,2023-08-31,647,93.73,2025-11-06,1912,479,DDA-61175,41310,2026-03-20,2026-03-18
East West Bank,EWB-1000630,Construction,FHLMC,Borrower 630,"2169 Main St, Unit 13",Commercial & Multi-Family (5+ Units),CS1,IL,South,2,M,Joseph White,2023-04-06,2053-03-29,2026-04-20,4214,90-Day Delinquent,90,274372,3454,476916,495242,2023-03-22,770,55.4,2025-11-25,4566,349,DDA-32173,41789,2026-02-28,2026-03-19
East West Bank,EWB-1000631,Foreign National,EWB-INT,Borrower 631,"6908 Main St, Unit 45",Residential Property (1-4 Units),CS1,VA,East,4,M,Sandra Garcia,2023-08-12,2053-08-04,2026-04-20,3044,30-Day Delinquent,30,491811,0,755409,748054,2023-07-28,581,65.75,2025-11-19,1131,14,DDA-74115,43947,2026-03-15,2026-03-19
East West Bank,EWB-1000632,Conventional,EWB-INT,Borrower 632,"9382 Main St, Unit 46",Residential Property (1-4 Units),CR1,VA,South,2,BK,Linda Garcia,2022-12-26,2052-12-18,2026-04-20,3894,Current,0,584645,0,708030,735774,2022-12-11,788,79.46,2025-11-12,1939,939,DDA-26036,12479,2026-02-25,2026-03-16
East West Bank,EWB-1000633,Construction,GNMA,Borrower 633,"1579 Main St, Unit 11",Commercial & Multi-Family (5+ Units),SP1,FL,West,2,LEG,Susan Martinez,2023-06-19,2053-06-11,2026-04-20,2485,Current,0,1050478,0,1333620,1704382,2023-06-04,758,61.63,2025-11-25,4440,367,DDA-93578,21407,2026-03-10,2026-03-20
East West Bank,EWB-1000634,Specialty,FNMA,Borrower 634,"1027 Main St, Unit 12",Commercial & Multi-Family (5+ Units),LC1,FL,West,3,LEG,Jessica Taylor,2023-08-17,2053-08-09,2026-04-20,1991,Current,0,560883,0,1042964,1316071,2023-08-02,739,42.62,2025-11-19,1559,960,DDA-55783,10914,2026-03-06,2026-03-17
East West Bank,EWB-1000635,ARM,EWB-INT,Borrower 635,"9710 Main St, Unit 10",Residential Property (1-4 Units),LC1,NJ,West,3,TRNS,Patricia Hernandez,2022-03-25,2052-03-17,2026-04-20,2182,Current,0,703674,0,808380,738653,2022-03-10,666,95.26,2025-12-17,3350,9,DDA-42988,14438,2026-02-26,2026-03-20
East West Bank,EWB-1000636,Foreign National,EWB-INT,Borrower 636,"5745 Main St, Unit 38",Commercial & Multi-Family (5+ Units),HE1,TX,East,4,SII,James Miller,2023-01-21,2053-01-13,2026-04-20,4590,90-Day Delinquent,90,886823,2803,1285564,1400933,2023-01-06,638,63.3,2025-12-13,3159,38,DDA-87732,42851,2026-02-27,2026-03-17
East West Bank,EWB-1000637,Specialty,PRIV,Borrower 637,"612 Main St, Unit 5",Commercial & Multi-Family (5+ Units),HE1,WA,West,2,PIF,Linda Garcia,2023-01-07,2052-12-30,2026-04-20,4550,90-Day Delinquent,90,212654,4095,275991,293963,2022-12-23,721,72.34,2025-11-06,1189,459,DDA-54441,20404,2026-03-05,2026-03-17
East West Bank,EWB-1000638,Lot Loan,PRIV,Borrower 638,"3749 Main St, Unit 31",Residential Property (1-4 Units),SP1,IL,North,1,LEG,Emily Watson,2022-03-08,2052-02-29,2026-04-20,2860,90-Day Delinquent,90,566328,1576,676684,797036,2022-02-21,747,71.05,2025-11-10,1979,671,DDA-40335,35861,2026-03-16,2026-03-20
East West Bank,EWB-1000639,Lot Loan,PRIV,Borrower 639,"3102 Main St, Unit 24",Commercial & Multi-Family (5+ Units),CS1,CA,North,3,BK,David Rodriguez,2022-10-18,2052-10-10,2026-04-20,3117,90-Day Delinquent,90,228320,1725,278322,294223,2022-10-03,779,77.6,2025-11-22,1850,238,DDA-63354,23897,2026-02-20,2026-03-18
East West Bank,EWB-1000640,Lot Loan,FNMA,Borrower 640,"5414 Main St, Unit 26",Residential Property (1-4 Units),CS1,CA,East,2,REO,Margaret Harris,2023-03-13,2053-03-05,2026-04-20,1369,Current,0,1044565,0,1360209,1398157,2023-02-26,735,74.71,2025-12-25,3631,615,DDA-42097,21655,2026-02-24,2026-03-19
East West Bank,EWB-1000641,Construction,FNMA,Borrower 641,"7907 Main St, Unit 10",Residential Property (1-4 Units),CE1,IL,North,4,REO,Patricia Hernandez,2023-06-01,2053-05-24,2026-04-20,1365,Current,0,683533,0,1159612,1173943,2023-05-17,692,58.23,2025-11-14,2485,922,DDA-74212,8099,2026-03-19,2026-03-19
East West Bank,EWB-1000642,Conventional,GNMA,Borrower 642,"4950 Main St, Unit 13",Residential Property (1-4 Units),HE1,IL,East,3,PIF,Sandra Garcia,2022-01-18,2052-01-11,2026-04-20,1010,Current,0,896737,0,1060597,1175305,2022-01-03,774,76.3,2025-11-22,2009,804,DDA-46398,24858,2026-03-05,2026-03-16
East West Bank,EWB-1000643,Construction,PRIV,Borrower 643,"6962 Main St, Unit 6",Residential Property (1-4 Units),CS1,CA,West,3,LOSS,John Smith,2023-11-28,2053-11-20,2026-04-20,4999,Current,0,874460,0,1218199,1296402,2023-11-13,802,67.45,2025-11-29,3404,226,DDA-65794,40145,2026-02-24,2026-03-18
East West Bank,EWB-1000644,Construction,EWB-INT,Borrower 644,"2526 Main St, Unit 48",Commercial & Multi-Family (5+ Units),CR1,FL,West,3,REO,Christopher Thomas,2022-02-18,2052-02-11,2026-04-20,3111,Current,0,375726,0,640042,746938,2022-02-03,640,50.3,2025-12-05,4205,593,DDA-12911,5406,2026-03-11,2026-03-21
East West Bank,EWB-1000645,Construction,FNMA,Borrower 645,"4960 Main St, Unit 11",Commercial & Multi-Family (5+ Units),CS1,FL,West,4,SII,Thomas Thompson,2022-07-07,2052-06-29,2026-04-20,2946,90-Day Delinquent,90,127761,1022,255228,270363,2022-06-22,804,47.26,2025-12-21,3354,724,DDA-33139,34070,2026-02-26,2026-03-18
East West Bank,EWB-1000646,Equity,PRIV,Borrower 646,"7916 Main St, Unit 28",Commercial & Multi-Family (5+ Units),CE1,FL,South,4,SII,Daniel Martin,2022-08-15,2052-08-07,2026-04-20,1540,60-Day Delinquent,60,848358,0,1034056,1123871,2022-07-31,594,75.49,2025-11-22,3487,129,DDA-17781,12897,2026-03-20,2026-03-20
East West Bank,EWB-1000647,Lot Loan,FHLMC,Borrower 647,"1705 Main St, Unit 10",Residential Property (1-4 Units),CE1,VA,South,2,LEG,Robert Brown,2023-12-27,2053-12-19,2026-04-20,2966,90-Day Delinquent,120,1106164,2766,1267850,1236179,2023-12-12,808,89.48,2025-12-14,1874,347,DDA-82099,48535,2026-03-11,2026-03-20
East West Bank,EWB-1000648,Construction,EWB-INT,Borrower 648,"9403 Main St, Unit 50",Residential Property (1-4 Units),SP1,NY,East,3,DIS,David Rodriguez,2022-10-10,2052-10-02,2026-04-20,2169,60-Day Delinquent,60,1185982,0,1393268,1418761,2022-09-25,712,83.59,2025-12-14,2125,985,DDA-34899,10451,2026-02-25,2026-03-18
East West Bank,EWB-1000649,Lot Loan,PRIV,Borrower 649,"7170 Main St, Unit 45",Residential Property (1-4 Units),LC1,VA,West,3,PIF,Christopher Thomas,2022-11-02,2052-10-25,2026-04-20,2012,90-Day Delinquent,90,1127901,4828,1273129,1626655,2022-10-18,663,69.34,2025-12-13,3175,70,DDA-71624,15950,2026-02-22,2026-03-20
East West Bank,EWB-1000650,Equity,FNMA,Borrower 650,"8389 Main St, Unit 8",Residential Property (1-4 Units),CE1,CA,East,1,SII,John Smith,2022-12-05,2052-11-27,2026-04-20,2473,Current,0,718184,0,859662,1071475,2022-11-20,616,67.03,2025-12-27,2918,223,DDA-79505,5600,2026-03-11,2026-03-20
East West Bank,EWB-1000651,Lot Loan,FHLMC,Borrower 651,"2450 Main St, Unit 4",Commercial & Multi-Family (5+ Units),CE1,NY,North,2,FC,Thomas Thompson,2023-06-16,2053-06-08,2026-04-20,1679,60-Day Delinquent,60,389104,0,677007,630349,2023-06-01,735,61.73,2025-11-19,2480,843,DDA-27147,49118,2026-03-04,2026-03-17
East West Bank,EWB-1000652,ARM,PRIV,Borrower 652,"9560 Main St, Unit 14",Commercial & Multi-Family (5+ Units),CS1,FL,South,4,PIF,John Smith,2022-03-01,2052-02-22,2026-04-20,1730,Current,0,148099,0,192534,236952,2022-02-14,656,62.5,2025-11-29,3551,879,DDA-60704,30141,2026-03-08,2026-03-16
East West Bank,EWB-1000653,ARM,PRIV,Borrower 653,"8107 Main St, Unit 27",Residential Property (1-4 Units),CS1,IL,North,4,M,Christopher Thomas,2022-07-11,2052-07-03,2026-04-20,1230,Current,0,448980,0,562003,637298,2022-06-26,796,70.45,2025-12-18,3406,694,DDA-85665,32510,2026-03-04,2026-03-17
East West Bank,EWB-1000654,Lot Loan,EWB-INT,Borrower 654,"6648 Main St, Unit 1",Residential Property (1-4 Units),CS1,IL,North,1,BK,Sarah Jenkins,2023-07-22,2053-07-14,2026-04-20,2728,Current,0,775224,0,1387580,1297031,2023-07-07,795,59.77,2025-11-25,2316,377,DDA-68124,38125,2026-03-01,2026-03-16
East West Bank,EWB-1000655,Construction,FNMA,Borrower 655,"7016 Main St, Unit 48",Residential Property (1-4 Units),CR1,NY,West,2,BK,Robert Brown,2023-07-16,2053-07-08,2026-04-20,1730,Current,0,192084,0,314134,374222,2023-07-01,726,51.33,2025-12-16,3269,639,DDA-29957,32786,2026-02-22,2026-03-18
East West Bank,EWB-1000656,Conventional,FHLMC,Borrower 656,"333 Main St, Unit 47",Commercial & Multi-Family (5+ Units),CE1,CA,South,2,BK,Nancy Jackson,2023-11-09,2053-11-01,2026-04-20,3979,Current,0,493811,0,638972,802890,2023-10-25,809,61.5,2025-11-21,3761,180,DDA-65844,47188,2026-03-07,2026-03-20
East West Bank,EWB-1000657,Conventional,EWB-INT,Borrower 657,"807 Main St, Unit 10",Commercial & Multi-Family (5+ Units),CR1,GA,North,4,BK,Nancy Jackson,2023-05-08,2053-04-30,2026-04-20,2132,30-Day Delinquent,30,844715,0,1134176,1170389,2023-04-23,774,72.17,2025-11-25,2660,368,DDA-97232,18924,2026-02-22,2026-03-20
East West Bank,EWB-1000658,Conventional,GNMA,Borrower 658,"1230 Main St, Unit 38",Residential Property (1-4 Units),CE1,WA,East,1,FC,John Smith,2023-03-10,2053-03-02,2026-04-20,3037,Current,0,398531,0,670551,690515,2023-02-23,624,57.72,2025-12-27,1739,5,DDA-13494,18729,2026-02-28,2026-03-17
East West Bank,EWB-1000659,Conventional,PRIV,Borrower 659,"1392 Main St, Unit 10",Commercial & Multi-Family (5+ Units),LC1,VA,South,1,DIS,Daniel Martin,2023-07-24,2053-07-16,2026-04-20,3467,Current,0,593778,0,1080491,1190442,2023-07-09,694,49.88,2025-12-25,4080,437,DDA-68918,11753,2026-03-19,2026-03-19
East West Bank,EWB-1000660,Lot Loan,PRIV,Borrower 660,"7337 Main St, Unit 37",Commercial & Multi-Family (5+ Units),CE1,IL,South,4,BK,David Rodriguez,2023-05-16,2053-05-08,2026-04-20,2457,Current,0,351314,0,408722,403342,2023-05-01,772,87.1,2025-11-04,2119,817,DDA-68602,10719,2026-03-06,2026-03-18
East West Bank,EWB-1000661,Lot Loan,PRIV,Borrower 661,"3362 Main St, Unit 4",Residential Property (1-4 Units),SP1,FL,South,3,M,Barbara Taylor,2022-09-26,2052-09-18,2026-04-20,3269,Current,0,410579,0,750530,806288,2022-09-11,655,50.92,2025-12-30,2614,701,DDA-31776,29210,2026-03-06,2026-03-19
East West Bank,EWB-1000662,Foreign National,FNMA,Borrower 662,"9894 Main St, Unit 48",Commercial & Multi-Family (5+ Units),LC1,WA,South,4,BK,Matthew Moore,2022-01-02,2051-12-26,2026-04-20,4380,60-Day Delinquent,60,1005394,0,1227833,1538477,2021-12-18,696,65.35,2025-12-23,1638,22,DDA-60613,38085,2026-03-12,2026-03-17
East West Bank,EWB-1000663,ARM,EWB-INT,Borrower 663,"753 Main St, Unit 26",Commercial & Multi-Family (5+ Units),CR1,IL,East,4,PIF,Michael Chen,2023-06-29,2053-06-21,2026-04-20,2308,Current,0,941078,0,1342929,1494345,2023-06-14,741,62.98,2025-12-22,1977,362,DDA-70459,39811,2026-03-13,2026-03-20
East West Bank,EWB-1000664,ARM,PRIV,Borrower 664,"5968 Main St, Unit 28",Residential Property (1-4 Units),LC1,TX,East,4,DIS,Christopher Thomas,2023-11-21,2053-11-13,2026-04-20,3475,Current,0,1053831,0,1428523,1381067,2023-11-06,658,76.31,2025-12-04,2227,613,DDA-38565,45806,2026-03-06,2026-03-21
East West Bank,EWB-1000665,ARM,EWB-INT,Borrower 665,"9923 Main St, Unit 39",Commercial & Multi-Family (5+ Units),CS1,MA,West,2,PIF,Charles Wilson,2023-07-23,2053-07-15,2026-04-20,3038,Current,0,1188108,0,1356308,1718899,2023-07-08,751,69.12,2026-01-01,3427,308,DDA-85674,33606,2026-03-10,2026-03-19
East West Bank,EWB-1000666,Construction,FHLMC,Borrower 666,"3818 Main St, Unit 33",Residential Property (1-4 Units),CR1,MA,North,1,PIF,Margaret Harris,2022-04-14,2052-04-06,2026-04-20,1916,Current,0,917754,0,1081011,1126441,2022-03-30,797,81.47,2025-11-24,1339,614,DDA-50536,28465,2026-02-28,2026-03-16
East West Bank,EWB-1000667,Equity,FHLMC,Borrower 667,"9161 Main St, Unit 22",Commercial & Multi-Family (5+ Units),CS1,VA,East,1,M,Joseph White,2022-10-14,2052-10-06,2026-04-20,2108,Current,0,266326,0,288563,367774,2022-09-29,643,72.42,2025-12-15,1221,312,DDA-25725,28375,2026-03-09,2026-03-16
East West Bank,EWB-1000668,Foreign National,FNMA,Borrower 668,"5082 Main St, Unit 9",Residential Property (1-4 Units),CE1,CA,South,4,DIS,Matthew Moore,2023-12-16,2053-12-08,2026-04-20,1276,Current,0,751633,0,855552,923905,2023-12-01,667,81.35,2025-12-29,4405,382,DDA-31521,1902,2026-03-11,2026-03-17
East West Bank,EWB-1000669,Construction,FHLMC,Borrower 669,"1806 Main St, Unit 31",Commercial & Multi-Family (5+ Units),CS1,VA,South,2,M,Joseph White,2022-01-16,2052-01-09,2026-04-20,2536,60-Day Delinquent,60,262842,0,476032,462371,2022-01-01,763,56.85,2025-11-26,4749,998,DDA-77534,41506,2026-03-04,2026-03-16
East West Bank,EWB-1000670,Lot Loan,EWB-INT,Borrower 670,"3484 Main St, Unit 18",Commercial & Multi-Family (5+ Units),CS1,FL,South,1,REO,Margaret Harris,2022-06-29,2052-06-21,2026-04-20,2133,Current,0,697442,0,922800,1028495,2022-06-14,721,67.81,2025-11-15,2225,919,DDA-83402,48136,2026-03-20,2026-03-17
East West Bank,EWB-1000671,ARM,GNMA,Borrower 671,"9162 Main St, Unit 23",Residential Property (1-4 Units),LC1,WA,South,3,LOSS,David Rodriguez,2022-10-19,2052-10-11,2026-04-20,4133,Current,0,1208791,0,1313950,1234665,2022-10-04,602,97.9,2025-11-07,4541,779,DDA-20104,5729,2026-03-18,2026-03-20
East West Bank,EWB-1000672,ARM,PRIV,Borrower 672,"6088 Main St, Unit 30",Residential Property (1-4 Units),CE1,CA,South,4,DIS,Daniel Martin,2023-06-13,2053-06-05,2026-04-20,3655,90-Day Delinquent,120,593419,2540,751763,908444,2023-05-29,773,65.32,2025-12-21,4640,409,DDA-36772,27377,2026-03-04,2026-03-18
East West Bank,EWB-1000673,ARM,GNMA,Borrower 673,"5368 Main St, Unit 37",Commercial & Multi-Family (5+ Units),SP1,CA,West,2,SII,Michael Chen,2022-03-31,2052-03-23,2026-04-20,4592,30-Day Delinquent,30,754084,0,826787,793615,2022-03-16,609,95.02,2025-11-17,1236,939,DDA-62802,45373,2026-03-15,2026-03-19
East West Bank,EWB-1000674,Foreign National,FHLMC,Borrower 674,"8491 Main St, Unit 36",Commercial & Multi-Family (5+ Units),SP1,WA,South,1,DIS,Emily Watson,2022-04-16,2052-04-08,2026-04-20,3100,60-Day Delinquent,60,660167,0,892406,858535,2022-04-01,780,76.89,2025-12-01,4352,44,DDA-37164,24223,2026-03-08,2026-03-21
East West Bank,EWB-1000675,Equity,EWB-INT,Borrower 675,"7072 Main St, Unit 16",Commercial & Multi-Family (5+ Units),SP1,NJ,East,3,PIF,Barbara Taylor,2023-11-24,2053-11-16,2026-04-20,3935,Current,0,683591,0,1111568,1042356,2023-11-09,711,65.58,2025-12-19,1414,569,DDA-43200,9715,2026-03-13,2026-03-19
East West Bank,EWB-1000676,Lot Loan,PRIV,Borrower 676,"7022 Main St, Unit 41",Commercial & Multi-Family (5+ Units),CS1,NY,South,2,TRNS,Joseph White,2023-01-19,2053-01-11,2026-04-20,2291,Current,0,267177,0,439226,530503,2023-01-04,626,50.36,2025-12-29,4280,203,DDA-67864,47372,2026-02-22,2026-03-19
East West Bank,EWB-1000677,Foreign National,EWB-INT,Borrower 677,"4939 Main St, Unit 4",Commercial & Multi-Family (5+ Units),SP1,FL,North,3,BK,John Smith,2022-01-12,2052-01-05,2026-04-20,2500,30-Day Delinquent,30,444818,0,587785,667492,2021-12-28,755,66.64,2025-12-21,4397,696,DDA-11784,22616,2026-03-12,2026-03-18
East West Bank,EWB-1000678,Foreign National,EWB-INT,Borrower 678,"7415 Main St, Unit 30",Residential Property (1-4 Units),HE1,WA,East,3,SII,Donald Martinez,2023-07-03,2053-06-25,2026-04-20,3723,Current,0,1202437,0,1342673,1290489,2023-06-18,809,93.18,2025-11-30,1165,697,DDA-61129,27338,2026-03-20,2026-03-17
East West Bank,EWB-1000679,Lot Loan,FNMA,Borrower 679,"548 Main St, Unit 40",Residential Property (1-4 Units),CE1,IL,East,2,DIS,Jessica Taylor,2023-06-04,2053-05-27,2026-04-20,3051,90-Day Delinquent,150,640683,3176,763474,916011,2023-05-20,797,69.94,2025-11-06,1371,994,DDA-82356,3659,2026-03-05,2026-03-16
East West Bank,EWB-1000680,Lot Loan,EWB-INT,Borrower 680,"6079 Main St, Unit 5",Commercial & Multi-Family (5+ Units),CS1,FL,East,1,FC,Charles Wilson,2023-04-23,2053-04-15,2026-04-20,3579,Current,0,294491,0,363030,374715,2023-04-08,641,78.59,2025-11-06,2453,494,DDA-71748,27243,2026-03-10,2026-03-19
East West Bank,EWB-1000681,ARM,GNMA,Borrower 681,"9899 Main St, Unit 7",Commercial & Multi-Family (5+ Units),CS1,NJ,East,2,LOSS,David Rodriguez,2023-12-16,2053-12-08,2026-04-20,2315,Current,0,1006371,0,1168652,1478334,2023-12-01,663,68.07,2025-11-07,4057,322,DDA-49559,19458,2026-02-19,2026-03-17
East West Bank,EWB-1000682,Specialty,PRIV,Borrower 682,"9440 Main St, Unit 33",Commercial & Multi-Family (5+ Units),CR1,TX,North,1,LOSS,Daniel Martin,2023-12-02,2053-11-24,2026-04-20,1023,30-Day Delinquent,30,331375,0,435555,466202,2023-11-17,644,71.08,2025-12-30,4631,547,DDA-80540,43997,2026-03-14,2026-03-19
East West Bank,EWB-1000683,Construction,PRIV,Borrower 683,"1888 Main St, Unit 35",Residential Property (1-4 Units),CR1,WA,North,4,FC,Linda Garcia,2023-05-02,2053-04-24,2026-04-20,4484,60-Day Delinquent,60,260774,0,464451,529374,2023-04-17,782,49.26,2025-11-10,4503,752,DDA-93002,37536,2026-02-27,2026-03-21
East West Bank,EWB-1000684,ARM,EWB-INT,Borrower 684,"7810 Main St, Unit 45",Residential Property (1-4 Units),HE1,VA,West,2,FC,Robert Brown,2023-10-16,2053-10-08,2026-04-20,1275,30-Day Delinquent,30,1167248,0,1482762,1384322,2023-10-01,740,84.32,2025-11-21,1030,794,DDA-47222,11824,2026-03-09,2026-03-19
East West Bank,EWB-1000685,Equity,GNMA,Borrower 685,"8056 Main St, Unit 21",Residential Property (1-4 Units),HE1,GA,South,2,DIS,Thomas Thompson,2022-12-17,2052-12-09,2026-04-20,2313,90-Day Delinquent,90,750277,2592,918747,1003804,2022-12-02,749,74.74,2025-12-09,2374,648,DDA-35902,20243,2026-03-18,2026-03-17
East West Bank,EWB-1000686,Foreign National,FNMA,Borrower 686,"1335 Main St, Unit 15",Residential Property (1-4 Units),SP1,TX,North,4,LOSS,Matthew Moore,2023-09-11,2053-09-03,2026-04-20,1447,Current,0,1286610,0,1494476,1484574,2023-08-27,716,86.67,2025-12-29,3563,503,DDA-94338,13606,2026-02-19,2026-03-20
East West Bank,EWB-1000687,Conventional,PRIV,Borrower 687,"9434 Main St, Unit 5",Commercial & Multi-Family (5+ Units),LC1,TX,South,2,TRNS,David Rodriguez,2023-05-04,2053-04-26,2026-04-20,1794,90-Day Delinquent,120,842093,2551,1411519,1475387,2023-04-19,605,57.08,2025-12-10,3608,427,DDA-64538,5863,2026-03-16,2026-03-19
East West Bank,EWB-1000688,ARM,PRIV,Borrower 688,"1580 Main St, Unit 15",Commercial & Multi-Family (5+ Units),SP1,TX,East,4,FC,Donald Martinez,2023-04-09,2053-04-01,2026-04-20,2613,90-Day Delinquent,90,490811,2000,858691,907533,2023-03-25,633,54.08,2025-12-06,3935,254,DDA-32789,49368,2026-02-26,2026-03-18
East West Bank,EWB-1000689,Specialty,GNMA,Borrower 689,"1781 Main St, Unit 8",Commercial & Multi-Family (5+ Units),HE1,MA,West,4,SII,Susan Martinez,2023-07-27,2053-07-19,2026-04-20,3481,Current,0,1201497,0,1393064,1570576,2023-07-12,818,76.5,2025-11-06,1221,416,DDA-24694,1086,2026-03-07,2026-03-17
East West Bank,EWB-1000690,Conventional,EWB-INT,Borrower 690,"3585 Main St, Unit 4",Residential Property (1-4 Units),SP1,FL,North,3,M,Sarah Jenkins,2022-06-19,2052-06-11,2026-04-20,2886,Current,0,616992,0,812784,861344,2022-06-04,649,71.63,2025-11-26,1412,510,DDA-99960,12786,2026-03-13,2026-03-20
East West Bank,EWB-1000691,Equity,PRIV,Borrower 691,"5001 Main St, Unit 18",Residential Property (1-4 Units),CR1,GA,East,1,TRNS,Margaret Harris,2023-09-01,2053-08-24,2026-04-20,3810,Current,0,1060054,0,1445269,1840054,2023-08-17,802,57.61,2025-12-21,1811,85,DDA-36280,39413,2026-02-25,2026-03-19
East West Bank,EWB-1000692,Construction,EWB-INT,Borrower 692,"9601 Main St, Unit 14",Commercial & Multi-Family (5+ Units),HE1,NJ,East,3,SII,Patricia Hernandez,2022-05-06,2052-04-28,2026-04-20,3774,Current,0,928707,0,1069484,1062154,2022-04-21,692,87.44,2025-12-28,1069,416,DDA-61886,38928,2026-03-13,2026-03-18
East West Bank,EWB-1000693,Foreign National,FNMA,Borrower 693,"8012 Main St, Unit 50",Residential Property (1-4 Units),CR1,VA,West,4,SII,Robert Brown,2022-03-16,2052-03-08,2026-04-20,3791,Current,0,1326717,0,1436936,1643504,2022-03-01,818,80.72,2025-11-06,1987,587,DDA-29547,4724,2026-03-20,2026-03-16
East West Bank,EWB-1000694,Foreign National,FNMA,Borrower 694,"3961 Main St, Unit 50",Commercial & Multi-Family (5+ Units),HE1,FL,West,4,FC,Joseph White,2022-06-25,2052-06-17,2026-04-20,1066,30-Day Delinquent,30,1055024,0,1224961,1557472,2022-06-10,731,67.74,2025-11-22,3755,108,DDA-94310,39753,2026-03-16,2026-03-16
East West Bank,EWB-1000695,Equity,GNMA,Borrower 695,"1429 Main St, Unit 23",Residential Property (1-4 Units),CE1,NY,South,2,REO,Lisa Williams,2022-07-06,2052-06-28,2026-04-20,4819,90-Day Delinquent,90,384033,1830,430783,449881,2022-06-21,754,85.36,2025-12-20,4094,426,DDA-84102,39498,2026-03-17,2026-03-19
East West Bank,EWB-1000696,Lot Loan,EWB-INT,Borrower 696,"428 Main St, Unit 9",Residential Property (1-4 Units),SP1,GA,West,4,BK,Richard Davis,2022-11-21,2052-11-13,2026-04-20,1843,Current,0,298087,0,433707,488494,2022-11-06,742,61.02,2025-12-29,3092,995,DDA-21154,40602,2026-03-06,2026-03-17
East West Bank,EWB-1000697,Foreign National,FHLMC,Borrower 697,"5473 Main St, Unit 11",Residential Property (1-4 Units),CE1,FL,South,4,FC,Daniel Martin,2023-04-01,2053-03-24,2026-04-20,1986,Current,0,770713,0,1136420,1421683,2023-03-17,679,54.21,2025-11-20,3319,131,DDA-26866,46224,2026-02-27,2026-03-16
East West Bank,EWB-1000698,Conventional,FHLMC,Borrower 698,"4755 Main St, Unit 41",Commercial & Multi-Family (5+ Units),SP1,MA,East,4,LOSS,Nancy Jackson,2023-03-16,2053-03-08,2026-04-20,1606,Current,0,413602,0,495114,523527,2023-03-01,810,79.0,2025-12-21,2129,395,DDA-74737,28169,2026-03-05,2026-03-16
East West Bank,EWB-1000699,Construction,PRIV,Borrower 699,"4786 Main St, Unit 40",Commercial & Multi-Family (5+ Units),CS1,NY,South,1,PIF,Lisa Williams,2023-08-05,2053-07-28,2026-04-20,1024,60-Day Delinquent,60,726931,0,1360355,1561004,2023-07-21,682,46.57,2025-11-07,3832,534,DDA-53932,34507,2026-03-18,2026-03-17
East West Bank,EWB-1000700,Foreign National,GNMA,Borrower 700,"6847 Main St, Unit 25",Residential Property (1-4 Units),CE1,NY,North,2,TRNS,Karen Anderson,2022-08-26,2052-08-18,2026-04-20,2631,Current,0,998937,0,1106331,1348396,2022-08-11,733,74.08,2025-12-13,2562,674,DDA-44522,9609,2026-03-15,2026-03-17
East West Bank,EWB-1000701,ARM,GNMA,Borrower 701,"4470 Main St, Unit 16",Residential Property (1-4 Units),SP1,WA,East,3,REO,Emily Watson,2023-06-19,2053-06-11,2026-04-20,4164,Current,0,1042030,0,1121129,1106251,2023-06-04,614,94.19,2025-11-12,3261,327,DDA-11058,33853,2026-03-15,2026-03-21
East West Bank,EWB-1000702,Conventional,FHLMC,Borrower 702,"5048 Main St, Unit 19",Residential Property (1-4 Units),SP1,TX,South,3,BK,Margaret Harris,2023-12-24,2053-12-16,2026-04-20,3506,30-Day Delinquent,30,508961,0,796701,911314,2023-12-09,715,55.85,2025-11-18,1751,440,DDA-97602,29715,2026-02-26,2026-03-17
East West Bank,EWB-1000703,Conventional,FHLMC,Borrower 703,"9068 Main St, Unit 7",Commercial & Multi-Family (5+ Units),SP1,TX,East,4,BK,Sandra Garcia,2023-03-01,2053-02-21,2026-04-20,4732,Current,0,1065544,0,1246413,1388963,2023-02-14,609,76.72,2025-12-02,2525,656,DDA-75614,49980,2026-03-16,2026-03-21
East West Bank,EWB-1000704,Conventional,PRIV,Borrower 704,"7396 Main St, Unit 27",Residential Property (1-4 Units),CE1,NY,West,4,M,Thomas Thompson,2022-06-24,2052-06-16,2026-04-20,2713,Current,0,579074,0,947968,1115631,2022-06-09,781,51.91,2025-11-27,4636,70,DDA-25940,28517,2026-03-16,2026-03-16
East West Bank,EWB-1000705,Construction,FHLMC,Borrower 705,"7173 Main St, Unit 8",Commercial & Multi-Family (5+ Units),LC1,MA,North,2,FC,Margaret Harris,2023-09-03,2053-08-26,2026-04-20,3456,30-Day Delinquent,30,625704,0,708819,660066,2023-08-19,679,94.79,2025-11-20,4642,949,DDA-79573,49517,2026-03-03,2026-03-17
East West Bank,EWB-1000706,Equity,EWB-INT,Borrower 706,"7443 Main St, Unit 9",Residential Property (1-4 Units),LC1,CA,East,4,PIF,Jessica Taylor,2023-12-13,2053-12-05,2026-04-20,3307,Current,0,468394,0,927147,1093452,2023-11-28,793,42.84,2025-11-21,2412,874,DDA-59040,8845,2026-03-03,2026-03-20
East West Bank,EWB-1000707,Foreign National,FNMA,Borrower 707,"2419 Main St, Unit 39",Commercial & Multi-Family (5+ Units),CS1,VA,South,3,BK,David Rodriguez,2022-07-12,2052-07-04,2026-04-20,4849,Current,0,630251,0,1188836,1381130,2022-06-27,690,45.63,2025-12-05,2986,609,DDA-41497,22597,2026-02-27,2026-03-21
East West Bank,EWB-1000708,Equity,EWB-INT,Borrower 708,"2988 Main St, Unit 4",Residential Property (1-4 Units),SP1,MA,West,1,SII,Jessica Taylor,2022-10-02,2052-09-24,2026-04-20,2987,Current,0,609267,0,991047,1043416,2022-09-17,700,58.39,2025-11-26,3838,239,DDA-96879,17275,2026-02-21,2026-03-17
East West Bank,EWB-1000709,Lot Loan,PRIV,Borrower 709,"9874 Main St, Unit 46",Residential Property (1-4 Units),HE1,IL,West,3,SII,David Rodriguez,2023-02-12,2053-02-04,2026-04-20,4686,Current,0,496971,0,759996,968479,2023-01-28,799,51.31,2025-12-23,1590,638,DDA-64253,7592,2026-03-03,2026-03-17
East West Bank,EWB-1000710,Conventional,FHLMC,Borrower 710,"4102 Main St, Unit 7",Residential Property (1-4 Units),CR1,WA,North,3,BK,Linda Garcia,2023-10-29,2053-10-21,2026-04-20,1457,Current,0,1015312,0,1194244,1227782,2023-10-14,783,82.69,2025-11-23,4380,602,DDA-37719,12482,2026-02-22,2026-03-21
East West Bank,EWB-1000711,Specialty,FNMA,Borrower 711,"379 Main St, Unit 37",Commercial & Multi-Family (5+ Units),CE1,WA,North,2,REO,Sandra Garcia,2022-07-09,2052-07-01,2026-04-20,3731,Current,0,191580,0,310081,298936,2022-06-24,771,64.09,2025-12-07,4442,500,DDA-71728,23768,2026-03-19,2026-03-16
East West Bank,EWB-1000712,Lot Loan,FHLMC,Borrower 712,"7287 Main St, Unit 26",Residential Property (1-4 Units),SP1,WA,East,2,TRNS,Jessica Taylor,2022-11-18,2052-11-10,2026-04-20,2060,Current,0,585827,0,1043093,1153080,2022-11-03,616,50.81,2025-11-26,2269,306,DDA-18641,11971,2026-03-03,2026-03-17
East West Bank,EWB-1000713,Conventional,GNMA,Borrower 713,"1586 Main St, Unit 41",Residential Property (1-4 Units),CS1,GA,West,4,FC,Daniel Martin,2022-10-12,2052-10-04,2026-04-20,3753,Current,0,553168,0,827164,932269,2022-09-27,737,59.34,2025-12-29,4858,683,DDA-74483,33816,2026-03-11,2026-03-18
East West Bank,EWB-1000714,Construction,EWB-INT,Borrower 714,"4271 Main St, Unit 1",Residential Property (1-4 Units),SP1,MA,South,4,REO,Nancy Jackson,2022-04-27,2052-04-19,2026-04-20,3347,60-Day Delinquent,60,146516,0,201195,189311,2022-04-12,634,77.39,2025-12-02,1616,603,DDA-60715,8290,2026-03-19,2026-03-20
East West Bank,EWB-1000715,Construction,EWB-INT,Borrower 715,"2520 Main St, Unit 11",Residential Property (1-4 Units),CS1,TX,West,4,BK,John Smith,2023-03-04,2053-02-24,2026-04-20,4602,60-Day Delinquent,60,377675,0,442231,560515,2023-02-17,664,67.38,2025-12-28,3838,242,DDA-81548,27384,2026-03-13,2026-03-21
East West Bank,EWB-1000716,ARM,FHLMC,Borrower 716,"1734 Main St, Unit 41",Commercial & Multi-Family (5+ Units),CE1,NY,South,2,LOSS,Barbara Taylor,2023-12-17,2053-12-09,2026-04-20,4169,30-Day Delinquent,30,605498,0,743586,738483,2023-12-02,772,81.99,2025-12-24,4614,42,DDA-38554,23010,2026-03-02,2026-03-21
East West Bank,EWB-1000717,Conventional,GNMA,Borrower 717,"8933 Main St, Unit 10",Commercial & Multi-Family (5+ Units),CE1,VA,East,3,TRNS,Lisa Williams,2023-04-08,2053-03-31,2026-04-20,3222,Current,0,732746,0,1238075,1178744,2023-03-24,711,62.16,2025-12-26,4637,504,DDA-97249,15133,2026-03-19,2026-03-20
East West Bank,EWB-1000718,Specialty,GNMA,Borrower 718,"9810 Main St, Unit 8",Commercial & Multi-Family (5+ Units),CR1,CA,South,3,REO,Nancy Jackson,2022-06-23,2052-06-15,2026-04-20,4437,90-Day Delinquent,150,998197,4296,1443774,1648215,2022-06-08,710,60.56,2025-12-10,4052,996,DDA-79674,29647,2026-02-27,2026-03-16
East West Bank,EWB-1000719,Construction,FHLMC,Borrower 719,"4100 Main St, Unit 5",Commercial & Multi-Family (5+ Units),LC1,GA,East,3,PIF,Linda Garcia,2023-09-18,2053-09-10,2026-04-20,1252,Current,0,992502,0,1496208,1888279,2023-09-03,670,52.56,2025-11-06,4686,161,DDA-19808,36738,2026-02-21,2026-03-19
East West Bank,EWB-1000720,Equity,GNMA,Borrower 720,"7037 Main St, Unit 37",Residential Property (1-4 Units),CS1,IL,East,2,TRNS,Emily Watson,2023-06-29,2053-06-21,2026-04-20,2786,Current,0,137555,0,172431,164956,2023-06-14,634,83.39,2025-12-17,1887,565,DDA-82209,37768,2026-02-25,2026-03-19
East West Bank,EWB-1000721,Equity,FHLMC,Borrower 721,"5648 Main St, Unit 44",Commercial & Multi-Family (5+ Units),HE1,GA,West,1,LOSS,Linda Garcia,2023-09-03,2053-08-26,2026-04-20,3996,90-Day Delinquent,120,709451,1178,797008,830501,2023-08-19,618,85.42,2025-11-17,2538,836,DDA-85017,46475,2026-03-14,2026-03-17
East West Bank,EWB-1000722,Construction,FHLMC,Borrower 722,"9582 Main St, Unit 41",Commercial & Multi-Family (5+ Units),CR1,NJ,South,3,REO,John Smith,2022-01-31,2052-01-24,2026-04-20,1694,Current,0,772290,0,1048792,1237012,2022-01-16,745,62.43,2025-11-05,3648,544,DDA-54725,24267,2026-02-21,2026-03-16
East West Bank,EWB-1000723,Conventional,GNMA,Borrower 723,"6345 Main St, Unit 28",Commercial & Multi-Family (5+ Units),CR1,GA,South,1,LEG,Sandra Garcia,2022-11-06,2052-10-29,2026-04-20,1914,Current,0,798378,0,1418300,1521339,2022-10-22,790,52.48,2025-11-04,3145,718,DDA-40288,37807,2026-02-27,2026-03-18
East West Bank,EWB-1000724,Equity,FHLMC,Borrower 724,"711 Main St, Unit 3",Residential Property (1-4 Units),CS1,CA,North,4,TRNS,Margaret Harris,2022-08-16,2052-08-08,2026-04-20,1113,Current,0,416608,0,828758,747681,2022-08-01,772,55.72,2025-12-16,4691,611,DDA-25778,38298,2026-03-08,2026-03-21
East West Bank,EWB-1000725,Conventional,GNMA,Borrower 725,"2596 Main St, Unit 37",Residential Property (1-4 Units),CS1,FL,South,3,TRNS,Karen Anderson,2023-07-30,2053-07-22,2026-04-20,1782,Current,0,1057553,0,1411553,1701296,2023-07-15,705,62.16,2025-11-07,3319,382,DDA-50765,15825,2026-02-26,2026-03-18
East West Bank,EWB-1000726,Equity,EWB-INT,Borrower 726,"5839 Main St, Unit 10",Commercial & Multi-Family (5+ Units),CE1,NY,South,1,M,Robert Brown,2022-11-16,2052-11-08,2026-04-20,1465,60-Day Delinquent,60,513589,0,871001,1045966,2022-11-01,783,49.1,2025-11-19,1215,728,DDA-42461,29739,2026-02-27,2026-03-17
East West Bank,EWB-1000727,Conventional,GNMA,Borrower 727,"9733 Main St, Unit 47",Commercial & Multi-Family (5+ Units),CE1,NJ,North,4,M,Nancy Jackson,2022-11-21,2052-11-13,2026-04-20,3958,Current,0,344009,0,474912,496079,2022-11-06,683,69.35,2025-11-28,3468,503,DDA-19775,18321,2026-03-18,2026-03-18
East West Bank,EWB-1000728,Equity,PRIV,Borrower 728,"6681 Main St, Unit 40",Commercial & Multi-Family (5+ Units),LC1,NY,South,4,LOSS,John Smith,2023-12-14,2053-12-06,2026-04-20,2557,90-Day Delinquent,120,684507,2837,994092,1036624,2023-11-29,702,66.03,2026-01-01,1238,618,DDA-11996,1144,2026-03-06,2026-03-19
East West Bank,EWB-1000729,Equity,GNMA,Borrower 729,"1456 Main St, Unit 22",Residential Property (1-4 Units),CR1,FL,West,2,LOSS,Daniel Martin,2023-01-13,2053-01-05,2026-04-20,3456,30-Day Delinquent,30,237877,0,365048,432365,2022-12-29,614,55.02,2025-12-11,4647,879,DDA-79822,16971,2026-03-06,2026-03-20
East West Bank,EWB-1000730,Construction,GNMA,Borrower 730,"7060 Main St, Unit 24",Residential Property (1-4 Units),SP1,NJ,South,3,SII,David Rodriguez,2022-02-09,2052-02-02,2026-04-20,3684,90-Day Delinquent,120,621168,2196,1066838,1182502,2022-01-25,720,52.53,2025-12-30,1596,700,DDA-13974,23030,2026-02-25,2026-03-17
East West Bank,EWB-1000731,Specialty,PRIV,Borrower 731,"9972 Main St, Unit 39",Residential Property (1-4 Units),CS1,GA,North,3,FC,Charles Wilson,2022-05-13,2052-05-05,2026-04-20,2985,30-Day Delinquent,30,116815,0,183320,200042,2022-04-28,766,58.4,2025-12-26,4281,1,DDA-79608,29065,2026-03-06,2026-03-21
East West Bank,EWB-1000732,Construction,GNMA,Borrower 732,"9793 Main St, Unit 8",Residential Property (1-4 Units),CS1,TX,North,3,BK,Charles Wilson,2022-10-22,2052-10-14,2026-04-20,2977,30-Day Delinquent,30,437626,0,514359,616444,2022-10-07,780,70.99,2025-12-01,4916,437,DDA-42120,18611,2026-02-25,2026-03-20
East West Bank,EWB-1000733,Construction,EWB-INT,Borrower 733,"8685 Main St, Unit 8",Commercial & Multi-Family (5+ Units),CS1,TX,East,4,REO,Donald Martinez,2022-05-14,2052-05-06,2026-04-20,4337,30-Day Delinquent,30,697489,0,1093187,1005708,2022-04-29,583,69.35,2025-11-29,3497,937,DDA-88993,16270,2026-03-16,2026-03-20
East West Bank,EWB-1000734,Conventional,EWB-INT,Borrower 734,"4640 Main St, Unit 40",Commercial & Multi-Family (5+ Units),LC1,TX,West,2,TRNS,Emily Watson,2022-06-07,2052-05-30,2026-04-20,3510,Current,0,230098,0,250734,312049,2022-05-23,768,73.74,2025-12-15,1206,380,DDA-71153,27518,2026-03-07,2026-03-17
East West Bank,EWB-1000735,ARM,FNMA,Borrower 735,"2437 Main St, Unit 15",Residential Property (1-4 Units),HE1,CA,South,3,REO,Donald Martinez,2022-11-24,2052-11-16,2026-04-20,4521,Current,0,1273511,0,1375811,1485587,2022-11-09,766,85.72,2025-12-11,3068,421,DDA-51195,49687,2026-02-23,2026-03-18
East West Bank,EWB-1000736,Lot Loan,GNMA,Borrower 736,"2040 Main St, Unit 21",Residential Property (1-4 Units),CS1,CA,South,1,M,Jessica Taylor,2022-01-24,2052-01-17,2026-04-20,2188,Current,0,1288139,0,1472373,1626973,2022-01-09,795,79.17,2025-12-27,3935,972,DDA-92396,9287,2026-03-08,2026-03-16
East West Bank,EWB-1000737,Equity,PRIV,Borrower 737,"3457 Main St, Unit 12",Residential Property (1-4 Units),SP1,VA,South,4,LEG,John Smith,2023-06-11,2053-06-03,2026-04-20,1631,60-Day Delinquent,60,743575,0,879497,1038093,2023-05-27,599,71.63,2025-12-28,1528,873,DDA-76898,25239,2026-03-05,2026-03-20
East West Bank,EWB-1000738,Equity,PRIV,Borrower 738,"7446 Main St, Unit 10",Residential Property (1-4 Units),CR1,NJ,East,2,LEG,Michael Chen,2022-11-03,2052-10-26,2026-04-20,1672,Current,0,634012,0,1123950,1444741,2022-10-19,674,43.88,2025-11-14,1997,271,DDA-38281,26574,2026-02-27,2026-03-19
East West Bank,EWB-1000739,Foreign National,PRIV,Borrower 739,"3179 Main St, Unit 42",Commercial & Multi-Family (5+ Units),CE1,IL,North,4,BK,Robert Brown,2023-06-30,2053-06-22,2026-04-20,4813,Current,0,444050,0,769369,726006,2023-06-15,755,61.16,2025-11-26,2334,650,DDA-87917,43010,2026-03-06,2026-03-16
East West Bank,EWB-1000740,Construction,EWB-INT,Borrower 740,"2009 Main St, Unit 8",Commercial & Multi-Family (5+ Units),HE1,VA,West,3,LEG,Nancy Jackson,2022-05-06,2052-04-28,2026-04-20,3809,Current,0,777548,0,1082817,1235323,2022-04-21,585,62.94,2025-11-13,2369,41,DDA-40216,33808,2026-02-28,2026-03-19
East West Bank,EWB-1000741,Conventional,GNMA,Borrower 741,"9571 Main St, Unit 41",Commercial & Multi-Family (5+ Units),CR1,WA,South,3,REO,Lisa Williams,2022-11-16,2052-11-08,2026-04-20,4439,Current,0,190597,0,291398,274207,2022-11-01,749,69.51,2025-11-28,2731,974,DDA-97487,19442,2026-03-17,2026-03-16
East West Bank,EWB-1000742,Specialty,PRIV,Borrower 742,"2532 Main St, Unit 41",Residential Property (1-4 Units),SP1,MA,North,1,DIS,Lisa Williams,2022-06-11,2052-06-03,2026-04-20,1614,30-Day Delinquent,30,830631,0,1331208,1641314,2022-05-27,820,50.61,2025-11-27,1517,337,DDA-40257,22424,2026-02-26,2026-03-18
East West Bank,EWB-1000743,Conventional,PRIV,Borrower 743,"7248 Main St, Unit 42",Residential Property (1-4 Units),HE1,GA,West,3,SII,Lisa Williams,2023-11-23,2053-11-15,2026-04-20,2812,90-Day Delinquent,90,794849,4782,1349670,1685354,2023-11-08,640,47.16,2025-11-04,2553,266,DDA-83750,24668,2026-03-10,2026-03-19
East West Bank,EWB-1000744,Lot Loan,FHLMC,Borrower 744,"6497 Main St, Unit 31",Commercial & Multi-Family (5+ Units),LC1,VA,South,4,LOSS,Karen Anderson,2023-11-14,2053-11-06,2026-04-20,1148,Current,0,392482,0,744604,958664,2023-10-30,674,40.94,2025-12-14,4933,867,DDA-14156,13090,2026-03-06,2026-03-16
East West Bank,EWB-1000745,Equity,FHLMC,Borrower 745,"7337 Main St, Unit 40",Commercial & Multi-Family (5+ Units),LC1,FL,South,2,LOSS,Barbara Taylor,2023-02-12,2053-02-04,2026-04-20,1724,Current,0,592407,0,784486,734182,2023-01-28,612,80.69,2025-12-22,1133,288,DDA-19945,21526,2026-02-22,2026-03-19
East West Bank,EWB-1000746,Specialty,GNMA,Borrower 746,"4480 Main St, Unit 7",Residential Property (1-4 Units),LC1,MA,West,1,PIF,Susan Martinez,2023-06-09,2053-06-01,2026-04-20,1557,Current,0,630818,0,1028879,930608,2023-05-25,682,67.79,2025-12-16,1666,408,DDA-80995,38860,2026-03-11,2026-03-18
East West Bank,EWB-1000747,Specialty,GNMA,Borrower 747,"4778 Main St, Unit 30",Residential Property (1-4 Units),HE1,NY,East,1,FC,Jessica Taylor,2022-11-12,2052-11-04,2026-04-20,4295,Current,0,828489,0,956481,1206919,2022-10-28,742,68.64,2025-12-07,2461,994,DDA-37549,8248,2026-03-07,2026-03-17
East West Bank,EWB-1000748,Conventional,EWB-INT,Borrower 748,"2104 Main St, Unit 43",Commercial & Multi-Family (5+ Units),HE1,GA,East,2,BK,David Rodriguez,2023-01-11,2053-01-03,2026-04-20,1002,Current,0,1265536,0,1367060,1359108,2022-12-27,595,93.12,2025-12-04,4016,399,DDA-79961,15340,2026-03-10,2026-03-20
East West Bank,EWB-1000749,Foreign National,PRIV,Borrower 749,"5287 Main St, Unit 33",Commercial & Multi-Family (5+ Units),CE1,CA,North,2,M,Joseph White,2023-12-03,2053-11-25,2026-04-20,1267,90-Day Delinquent,150,764689,1145,939352,886569,2023-11-18,815,86.25,2025-11-19,1614,860,DDA-79451,7890,2026-02-19,2026-03-20
East West Bank,EWB-1000750,Construction,EWB-INT,Borrower 750,"9904 Main St, Unit 21",Commercial & Multi-Family (5+ Units),HE1,NJ,West,1,REO,Robert Brown,2023-12-27,2053-12-19,2026-04-20,1534,Current,0,343628,0,375314,341710,2023-12-12,626,100.56,2025-11-12,3951,965,DDA-48110,44329,2026-03-13,2026-03-16
East West Bank,EWB-1000751,Conventional,PRIV,Borrower 751,"1310 Main St, Unit 38",Residential Property (1-4 Units),SP1,NJ,North,1,PIF,Emily Watson,2022-04-13,2052-04-05,2026-04-20,3344,Current,0,594105,0,666998,759631,2022-03-29,785,78.21,2025-11-21,4695,235,DDA-53748,6136,2026-03-19,2026-03-20
East West Bank,EWB-1000752,ARM,EWB-INT,Borrower 752,"3914 Main St, Unit 33",Residential Property (1-4 Units),CR1,IL,South,2,SII,Barbara Taylor,2023-10-17,2053-10-09,2026-04-20,1726,Current,0,360894,0,615757,749425,2023-10-02,787,48.16,2025-12-13,2624,111,DDA-26761,5681,2026-03-08,2026-03-17
East West Bank,EWB-1000753,Equity,FHLMC,Borrower 753,"863 Main St, Unit 20",Residential Property (1-4 Units),SP1,IL,South,4,PIF,John Smith,2023-01-09,2053-01-01,2026-04-20,3707,90-Day Delinquent,120,222263,4204,282028,315308,2022-12-25,600,70.49,2025-12-24,1424,688,DDA-39678,30538,2026-03-05,2026-03-21
East West Bank,EWB-1000754,Construction,GNMA,Borrower 754,"9503 Main St, Unit 31",Commercial & Multi-Family (5+ Units),CR1,TX,North,1,LOSS,Patricia Hernandez,2022-10-13,2052-10-05,2026-04-20,4335,60-Day Delinquent,60,719496,0,1145843,1089789,2022-09-28,610,66.02,2025-11-27,4500,865,DDA-96208,25289,2026-03-17,2026-03-16
East West Bank,EWB-1000755,Lot Loan,GNMA,Borrower 755,"1679 Main St, Unit 17",Residential Property (1-4 Units),CS1,NY,West,3,SII,David Rodriguez,2023-02-22,2053-02-14,2026-04-20,3218,30-Day Delinquent,30,513359,0,776045,1008614,2023-02-07,657,50.9,2025-12-16,4767,988,DDA-19542,32481,2026-03-19,2026-03-21
East West Bank,EWB-1000756,ARM,GNMA,Borrower 756,"4655 Main St, Unit 22",Commercial & Multi-Family (5+ Units),CE1,TX,South,3,PIF,Margaret Harris,2022-10-25,2052-10-17,2026-04-20,1272,90-Day Delinquent,150,306872,2921,451207,480662,2022-10-10,669,63.84,2025-11-28,3021,573,DDA-85131,5151,2026-03-18,2026-03-21
East West Bank,EWB-1000757,Lot Loan,FHLMC,Borrower 757,"801 Main St, Unit 13",Residential Property (1-4 Units),CS1,TX,North,1,TRNS,Sarah Jenkins,2022-07-27,2052-07-19,2026-04-20,1494,Current,0,280583,0,416847,381868,2022-07-12,674,73.48,2025-11-10,4216,114,DDA-10602,20792,2026-03-20,2026-03-21
East West Bank,EWB-1000758,Specialty,GNMA,Borrower 758,"6420 Main St, Unit 43",Commercial & Multi-Family (5+ Units),CE1,GA,West,1,LOSS,Linda Garcia,2022-02-26,2052-02-19,2026-04-20,1153,Current,0,537811,0,569065,539061,2022-02-11,779,99.77,2025-12-04,4045,554,DDA-42756,10924,2026-03-15,2026-03-19
East West Bank,EWB-1000759,Lot Loan,GNMA,Borrower 759,"1595 Main St, Unit 48",Commercial & Multi-Family (5+ Units),CE1,GA,West,1,LEG,John Smith,2022-08-06,2052-07-29,2026-04-20,1186,30-Day Delinquent,30,901730,0,1145043,1109035,2022-07-22,716,81.31,2025-11-04,2058,546,DDA-24509,35293,2026-03-03,2026-03-21
East West Bank,EWB-1000760,Equity,FNMA,Borrower 760,"9911 Main St, Unit 31",Commercial & Multi-Family (5+ Units),LC1,VA,South,3,LOSS,Robert Brown,2022-09-20,2052-09-12,2026-04-20,3644,90-Day Delinquent,90,1095261,3669,1486737,1704601,2022-09-05,775,64.25,2025-12-16,3722,263,DDA-64586,9277,2026-02-25,2026-03-16
East West Bank,EWB-1000761,Construction,FHLMC,Borrower 761,"513 Main St, Unit 19",Residential Property (1-4 Units),HE1,GA,West,2,LOSS,David Rodriguez,2023-10-18,2053-10-10,2026-04-20,3722,60-Day Delinquent,60,673516,0,1112854,1014908,2023-10-03,781,66.36,2025-12-29,3747,874,DDA-77695,40022,2026-02-19,2026-03-20
East West Bank,EWB-1000762,Specialty,FNMA,Borrower 762,"7096 Main St, Unit 43",Residential Property (1-4 Units),HE1,NY,West,3,BK,Joseph White,2022-12-21,2052-12-13,2026-04-20,3023,Current,0,300506,0,429922,477912,2022-12-06,761,62.88,2025-12-09,1042,469,DDA-71962,25439,2026-03-02,2026-03-21
East West Bank,EWB-1000763,Foreign National,GNMA,Borrower 763,"9156 Main St, Unit 50",Commercial & Multi-Family (5+ Units),HE1,NY,East,1,DIS,Margaret Harris,2022-08-20,2052-08-12,2026-04-20,1556,Current,0,1018813,0,1285228,1577185,2022-08-05,788,64.6,2025-11-02,4709,127,DDA-37632,18540,2026-03-16,2026-03-21
East West Bank,EWB-1000764,Conventional,FNMA,Borrower 764,"8926 Main St, Unit 7",Residential Property (1-4 Units),LC1,WA,West,2,PIF,Barbara Taylor,2022-04-09,2052-04-01,2026-04-20,4256,Current,0,921399,0,1062935,1262654,2022-03-25,671,72.97,2025-11-09,4340,956,DDA-78580,7998,2026-03-06,2026-03-20
East West Bank,EWB-1000765,ARM,PRIV,Borrower 765,"6118 Main St, Unit 6",Residential Property (1-4 Units),CR1,CA,North,1,LEG,David Rodriguez,2022-02-13,2052-02-06,2026-04-20,1075,60-Day Delinquent,60,924743,0,1094994,1288434,2022-01-29,674,71.77,2025-11-24,2063,550,DDA-19520,47183,2026-03-07,2026-03-17
East West Bank,EWB-1000766,Lot Loan,GNMA,Borrower 766,"5301 Main St, Unit 35",Commercial & Multi-Family (5+ Units),HE1,NJ,South,4,M,Joseph White,2022-08-18,2052-08-10,2026-04-20,4619,60-Day Delinquent,60,155231,0,307795,367750,2022-08-03,599,42.21,2025-12-28,1411,670,DDA-48744,9889,2026-03-01,2026-03-21
East West Bank,EWB-1000767,Foreign National,EWB-INT,Borrower 767,"4491 Main St, Unit 24",Commercial & Multi-Family (5+ Units),CR1,TX,North,2,FC,Emily Watson,2023-08-22,2053-08-14,2026-04-20,2783,90-Day Delinquent,90,674656,2497,1079065,1378450,2023-08-07,814,48.94,2025-11-07,3552,102,DDA-49913,43982,2026-03-06,2026-03-16
East West Bank,EWB-1000768,Lot Loan,FHLMC,Borrower 768,"7303 Main St, Unit 33",Commercial & Multi-Family (5+ Units),CS1,VA,East,4,BK,Patricia Hernandez,2023-04-12,2053-04-04,2026-04-20,1498,Current,0,653739,0,1024829,927863,2023-03-28,751,70.46,2025-12-18,4970,658,DDA-67384,17105,2026-02-26,2026-03-17
East West Bank,EWB-1000769,Lot Loan,PRIV,Borrower 769,"6245 Main St, Unit 26",Commercial & Multi-Family (5+ Units),CS1,CA,South,3,BK,Patricia Hernandez,2022-04-16,2052-04-08,2026-04-20,1073,Current,0,799018,0,1374613,1766872,2022-04-01,695,45.22,2025-12-19,4533,481,DDA-23702,10699,2026-03-10,2026-03-19
East West Bank,EWB-1000770,Foreign National,PRIV,Borrower 770,"391 Main St, Unit 5",Residential Property (1-4 Units),LC1,TX,South,3,M,Matthew Moore,2023-07-18,2053-07-10,2026-04-20,1046,Current,0,551386,0,840493,882217,2023-07-03,696,62.5,2025-11-07,4959,331,DDA-35371,48435,2026-03-14,2026-03-16
East West Bank,EWB-1000771,Specialty,FNMA,Borrower 771,"1090 Main St, Unit 39",Residential Property (1-4 Units),SP1,NJ,East,2,TRNS,Susan Martinez,2022-05-15,2052-05-07,2026-04-20,2457,Current,0,774274,0,1162092,1287437,2022-04-30,765,60.14,2025-12-15,1166,653,DDA-63764,45421,2026-03-16,2026-03-21
East West Bank,EWB-1000772,Equity,GNMA,Borrower 772,"9156 Main St, Unit 21",Commercial & Multi-Family (5+ Units),LC1,MA,South,3,SII,Susan Martinez,2023-10-21,2053-10-13,2026-04-20,3614,Current,0,505658,0,875495,1024149,2023-10-06,704,49.37,2025-11-07,2591,127,DDA-41041,8265,2026-03-18,2026-03-17
East West Bank,EWB-1000773,Foreign National,EWB-INT,Borrower 773,"5737 Main St, Unit 31",Commercial & Multi-Family (5+ Units),CR1,NJ,East,2,DIS,Sarah Jenkins,2023-11-14,2053-11-06,2026-04-20,4827,Current,0,183319,0,251459,305852,2023-10-30,649,59.94,2025-12-05,3980,976,DDA-12034,15465,2026-03-02,2026-03-16
East West Bank,EWB-1000774,Foreign National,FNMA,Borrower 774,"6924 Main St, Unit 14",Residential Property (1-4 Units),CS1,NJ,South,1,SII,Thomas Thompson,2022-10-04,2052-09-26,2026-04-20,3757,Current,0,1218189,0,1300096,1650582,2022-09-19,716,73.8,2025-11-26,1602,228,DDA-63824,33265,2026-03-12,2026-03-18
East West Bank,EWB-1000775,Conventional,PRIV,Borrower 775,"7712 Main St, Unit 7",Commercial & Multi-Family (5+ Units),LC1,WA,West,1,PIF,Sarah Jenkins,2022-11-07,2052-10-30,2026-04-20,1230,Current,0,811950,0,897512,973307,2022-10-23,705,83.42,2025-11-20,3403,534,DDA-17007,19991,2026-03-01,2026-03-19
East West Bank,EWB-1000776,Equity,FHLMC,Borrower 776,"1330 Main St, Unit 37",Residential Property (1-4 Units),CS1,NJ,West,3,PIF,John Smith,2022-01-25,2052-01-18,2026-04-20,3539,Current,0,356261,0,476818,581635,2022-01-10,801,61.25,2025-12-05,1786,659,DDA-24148,6410,2026-02-19,2026-03-21
East West Bank,EWB-1000777,ARM,GNMA,Borrower 777,"4459 Main St, Unit 1",Residential Property (1-4 Units),LC1,MA,North,2,LEG,Robert Brown,2022-04-06,2052-03-29,2026-04-20,2318,30-Day Delinquent,30,190900,0,294832,371650,2022-03-22,679,51.37,2025-12-12,1241,547,DDA-99474,29553,2026-03-13,2026-03-18
East West Bank,EWB-1000778,Specialty,GNMA,Borrower 778,"5699 Main St, Unit 17",Residential Property (1-4 Units),CS1,IL,South,4,TRNS,Richard Davis,2023-06-15,2053-06-07,2026-04-20,4311,60-Day Delinquent,60,190469,0,211367,207954,2023-05-31,657,91.59,2025-11-05,3668,848,DDA-59499,33954,2026-03-08,2026-03-19
East West Bank,EWB-1000779,Equity,FHLMC,Borrower 779,"7549 Main St, Unit 22",Residential Property (1-4 Units),SP1,CA,South,3,M,Patricia Hernandez,2022-07-07,2052-06-29,2026-04-20,4607,Current,0,627852,0,1058182,1239121,2022-06-22,784,50.67,2025-11-04,2490,504,DDA-26851,4391,2026-03-01,2026-03-20
East West Bank,EWB-1000780,Construction,FHLMC,Borrower 780,"4687 Main St, Unit 36",Residential Property (1-4 Units),LC1,VA,West,4,FC,Emily Watson,2023-12-11,2053-12-03,2026-04-20,2970,Current,0,948126,0,1054586,1237699,2023-11-26,648,76.6,2025-11-13,2438,92,DDA-35454,2102,2026-02-19,2026-03-20
East West Bank,EWB-1000781,ARM,PRIV,Borrower 781,"7467 Main St, Unit 50",Commercial & Multi-Family (5+ Units),CE1,IL,South,4,FC,Patricia Hernandez,2022-06-11,2052-06-03,2026-04-20,2383,90-Day Delinquent,90,451967,4679,707685,699087,2022-05-27,624,64.65,2025-12-01,3615,448,DDA-41410,15158,2026-03-12,2026-03-17
East West Bank,EWB-1000782,Conventional,FHLMC,Borrower 782,"2437 Main St, Unit 21",Residential Property (1-4 Units),CS1,GA,East,4,PIF,Richard Davis,2022-01-19,2052-01-12,2026-04-20,3189,Current,0,1009338,0,1192377,1156612,2022-01-04,594,87.27,2025-11-22,4269,160,DDA-93577,39038,2026-03-11,2026-03-18
East West Bank,EWB-1000783,Foreign National,GNMA,Borrower 783,"8626 Main St, Unit 12",Residential Property (1-4 Units),LC1,NJ,North,1,PIF,Margaret Harris,2022-09-08,2052-08-31,2026-04-20,2828,Current,0,918139,0,1310029,1390182,2022-08-24,592,66.04,2025-11-11,2619,303,DDA-14554,25503,2026-03-11,2026-03-17
East West Bank,EWB-1000784,Conventional,GNMA,Borrower 784,"2691 Main St, Unit 5",Commercial & Multi-Family (5+ Units),CE1,NJ,North,3,LOSS,Charles Wilson,2023-03-27,2053-03-19,2026-04-20,2188,Current,0,1010793,0,1073780,1207069,2023-03-12,677,83.74,2025-11-02,1658,942,DDA-17417,36777,2026-03-10,2026-03-17
East West Bank,EWB-1000785,Equity,EWB-INT,Borrower 785,"1887 Main St, Unit 24",Commercial & Multi-Family (5+ Units),HE1,GA,West,2,REO,Sarah Jenkins,2022-08-28,2052-08-20,2026-04-20,3245,Current,0,638327,0,1156080,1166189,2022-08-13,718,54.74,2025-11-27,2220,15,DDA-53142,3301,2026-03-10,2026-03-21
East West Bank,EWB-1000786,Conventional,FHLMC,Borrower 786,"6519 Main St, Unit 29",Commercial & Multi-Family (5+ Units),LC1,MA,North,4,LEG,Michael Chen,2022-12-27,2052-12-19,2026-04-20,4120,Current,0,428976,0,745923,806630,2022-12-12,595,53.18,2025-11-06,2692,468,DDA-13710,27458,2026-03-02,2026-03-16
East West Bank,EWB-1000787,Equity,EWB-INT,Borrower 787,"8995 Main St, Unit 1",Residential Property (1-4 Units),CS1,FL,South,2,PIF,Joseph White,2023-11-24,2053-11-16,2026-04-20,2021,Current,0,418822,0,448090,459987,2023-11-09,758,91.05,2025-11-27,2343,819,DDA-48134,35102,2026-02-23,2026-03-16
East West Bank,EWB-1000788,Specialty,FNMA,Borrower 788,"8080 Main St, Unit 43",Commercial & Multi-Family (5+ Units),SP1,NJ,North,1,LEG,Lisa Williams,2022-03-20,2052-03-12,2026-04-20,3402,30-Day Delinquent,30,956308,0,1139156,1434194,2022-03-05,658,66.68,2025-11-30,1553,211,DDA-80764,36393,2026-03-09,2026-03-17
East West Bank,EWB-1000789,Specialty,FHLMC,Borrower 789,"3555 Main St, Unit 35",Commercial & Multi-Family (5+ Units),CS1,GA,East,1,FC,Richard Davis,2022-08-26,2052-08-18,2026-04-20,2691,Current,0,219139,0,373536,392670,2022-08-11,764,55.81,2025-11-24,4249,951,DDA-25519,21409,2026-02-26,2026-03-19
East West Bank,EWB-1000790,Conventional,FHLMC,Borrower 790,"3035 Main St, Unit 32",Commercial & Multi-Family (5+ Units),LC1,IL,South,2,LOSS,Sandra Garcia,2023-06-12,2053-06-04,2026-04-20,1291,60-Day Delinquent,60,161562,0,176155,172755,2023-05-28,666,93.52,2025-12-11,3784,237,DDA-92763,28483,2026-03-11,2026-03-17
East West Bank,EWB-1000791,Foreign National,PRIV,Borrower 791,"1729 Main St, Unit 25",Commercial & Multi-Family (5+ Units),HE1,NY,North,2,LOSS,Karen Anderson,2023-07-15,2053-07-07,2026-04-20,3666,Current,0,557862,0,610494,737207,2023-06-30,611,75.67,2025-12-20,1892,667,DDA-39307,5542,2026-02-23,2026-03-16
East West Bank,EWB-1000792,Conventional,FNMA,Borrower 792,"133 Main St, Unit 47",Residential Property (1-4 Units),CS1,NY,East,4,DIS,Daniel Martin,2022-03-17,2052-03-09,2026-04-20,4962,Current,0,336569,0,593324,741762,2022-03-02,754,45.37,2025-12-21,3129,541,DDA-86297,26028,2026-03-03,2026-03-16
East West Bank,EWB-1000793,Equity,GNMA,Borrower 793,"6438 Main St, Unit 3",Commercial & Multi-Family (5+ Units),HE1,VA,East,1,BK,Matthew Moore,2024-01-02,2053-12-25,2026-04-20,1168,Current,0,518852,0,896788,1045209,2023-12-18,693,49.64,2025-12-27,3402,72,DDA-25217,46963,2026-03-06,2026-03-19
East West Bank,EWB-1000794,Specialty,GNMA,Borrower 794,"941 Main St, Unit 13",Residential Property (1-4 Units),CR1,GA,East,4,M,Patricia Hernandez,2023-06-22,2053-06-14,2026-04-20,2280,90-Day Delinquent,120,1030043,4667,1357068,1513060,2023-06-07,734,68.08,2025-11-23,4778,110,DDA-48936,17400,2026-03-20,2026-03-17
East West Bank,EWB-1000795,Equity,FNMA,Borrower 795,"3686 Main St, Unit 6",Commercial & Multi-Family (5+ Units),CE1,IL,West,3,LOSS,Michael Chen,2023-01-17,2053-01-09,2026-04-20,2928,30-Day Delinquent,30,311080,0,544274,679544,2023-01-02,700,45.78,2025-12-22,2157,949,DDA-94079,46627,2026-03-01,2026-03-19
East West Bank,EWB-1000796,Specialty,GNMA,Borrower 796,"7964 Main St, Unit 24",Commercial & Multi-Family (5+ Units),CR1,NY,East,4,SII,Thomas Thompson,2022-02-08,2052-02-01,2026-04-20,3530,Current,0,988386,0,1358052,1374812,2022-01-24,758,71.89,2025-11-22,2544,30,DDA-26223,36596,2026-03-01,2026-03-19
East West Bank,EWB-1000797,ARM,FNMA,Borrower 797,"3282 Main St, Unit 21",Residential Property (1-4 Units),SP1,IL,East,3,TRNS,Thomas Thompson,2022-01-29,2052-01-22,2026-04-20,4661,Current,0,1107442,0,1359504,1730834,2022-01-14,670,63.98,2025-12-20,3950,488,DDA-59111,48819,2026-02-28,2026-03-18
East West Bank,EWB-1000798,Construction,EWB-INT,Borrower 798,"1770 Main St, Unit 22",Residential Property (1-4 Units),LC1,GA,North,3,PIF,Karen Anderson,2022-05-10,2052-05-02,2026-04-20,1096,Current,0,383894,0,446141,406315,2022-04-25,696,94.48,2025-12-08,4033,810,DDA-76287,736,2026-03-08,2026-03-21
East West Bank,EWB-1000799,ARM,FHLMC,Borrower 799,"6851 Main St, Unit 21",Residential Property (1-4 Units),LC1,NY,East,2,BK,Jessica Taylor,2023-01-07,2052-12-30,2026-04-20,1499,30-Day Delinquent,30,960125,0,1447076,1560476,2022-12-23,767,61.53,2025-11-23,4003,848,DDA-56045,12416,2026-03-16,2026-03-19
East West Bank,EWB-1000800,Construction,FNMA,Borrower 800,"3232 Main St, Unit 34",Residential Property (1-4 Units),HE1,FL,East,1,TRNS,Sarah Jenkins,2022-04-29,2052-04-21,2026-04-20,3175,Current,0,266525,0,395546,394819,2022-04-14,709,67.51,2025-11-14,4532,730,DDA-24284,41737,2026-03-17,2026-03-21
East West Bank,EWB-1000801,Construction,PRIV,Borrower 801,"8896 Main St, Unit 22",Residential Property (1-4 Units),CR1,MA,North,2,SII,Sandra Garcia,2022-09-03,2052-08-26,2026-04-20,2710,Current,0,1110379,0,1191592,1283777,2022-08-19,618,86.49,2025-11-23,3627,857,DDA-55228,42562,2026-03-10,2026-03-21
East West Bank,EWB-1000802,Conventional,PRIV,Borrower 802,"3947 Main St, Unit 16",Commercial & Multi-Family (5+ Units),CR1,IL,North,3,FC,Robert Brown,2022-05-27,2052-05-19,2026-04-20,3978,Current,0,1035652,0,1205146,1449045,2022-05-12,656,71.47,2025-12-06,4359,608,DDA-63861,37906,2026-03-07,2026-03-17
East West Bank,EWB-1000803,Foreign National,PRIV,Borrower 803,"9383 Main St, Unit 23",Commercial & Multi-Family (5+ Units),CE1,CA,South,2,LOSS,Barbara Taylor,2023-01-26,2053-01-18,2026-04-20,2200,Current,0,185909,0,229141,282061,2023-01-11,668,65.91,2025-12-30,4507,73,DDA-96972,32463,2026-03-17,2026-03-17
East West Bank,EWB-1000804,Foreign National,FHLMC,Borrower 804,"3949 Main St, Unit 38",Residential Property (1-4 Units),CS1,CA,West,4,DIS,Donald Martinez,2022-01-15,2052-01-08,2026-04-20,1674,Current,0,508407,0,959343,970740,2021-12-31,648,52.37,2025-12-20,2423,261,DDA-47788,11545,2026-03-09,2026-03-21
East West Bank,EWB-1000805,Foreign National,FNMA,Borrower 805,"7300 Main St, Unit 1",Commercial & Multi-Family (5+ Units),LC1,TX,West,2,BK,Margaret Harris,2023-10-06,2053-09-28,2026-04-20,3590,Current,0,277067,0,540479,531544,2023-09-21,709,52.12,2025-11-04,2860,979,DDA-96346,28084,2026-02-19,2026-03-16
East West Bank,EWB-1000806,Construction,FNMA,Borrower 806,"9963 Main St, Unit 29",Commercial & Multi-Family (5+ Units),CR1,WA,North,4,TRNS,Michael Chen,2023-01-24,2053-01-16,2026-04-20,4883,90-Day Delinquent,120,407680,4131,547686,630142,2023-01-09,807,64.7,2025-12-19,2538,732,DDA-58359,49484,2026-03-13,2026-03-17
East West Bank,EWB-1000807,Lot Loan,GNMA,Borrower 807,"8591 Main St, Unit 20",Residential Property (1-4 Units),CR1,CA,South,4,LEG,Sarah Jenkins,2022-08-18,2052-08-10,2026-04-20,4336,Current,0,498075,0,797296,778523,2022-08-03,595,63.98,2025-12-12,3275,116,DDA-98367,7443,2026-03-04,2026-03-17
East West Bank,EWB-1000808,Conventional,FNMA,Borrower 808,"6815 Main St, Unit 32",Residential Property (1-4 Units),HE1,GA,East,3,FC,Joseph White,2022-12-14,2052-12-06,2026-04-20,4343,30-Day Delinquent,30,492601,0,950101,990626,2022-11-29,752,49.73,2025-12-10,3494,685,DDA-89314,16298,2026-03-01,2026-03-18
East West Bank,EWB-1000809,Conventional,FNMA,Borrower 809,"2689 Main St, Unit 2",Residential Property (1-4 Units),LC1,FL,South,1,PIF,Emily Watson,2023-08-20,2053-08-12,2026-04-20,1112,90-Day Delinquent,90,1131700,3805,1194257,1408833,2023-08-05,706,80.33,2025-11-17,1629,14,DDA-62068,45459,2026-03-16,2026-03-16
East West Bank,EWB-1000810,Specialty,GNMA,Borrower 810,"3721 Main St, Unit 20",Commercial & Multi-Family (5+ Units),CR1,IL,North,1,FC,Jessica Taylor,2023-01-19,2053-01-11,2026-04-20,1194,30-Day Delinquent,30,542926,0,646758,705464,2023-01-04,709,76.96,2025-12-11,2298,786,DDA-61649,39584,2026-03-17,2026-03-19
East West Bank,EWB-1000811,ARM,EWB-INT,Borrower 811,"7345 Main St, Unit 36",Commercial & Multi-Family (5+ Units),CE1,NJ,East,2,PIF,Jessica Taylor,2022-08-14,2052-08-06,2026-04-20,4863,90-Day Delinquent,120,484688,3855,762297,930936,2022-07-30,665,52.06,2025-12-03,2363,239,DDA-14688,41952,2026-03-15,2026-03-16
East West Bank,EWB-1000812,ARM,PRIV,Borrower 812,"1051 Main St, Unit 35",Commercial & Multi-Family (5+ Units),LC1,IL,East,3,DIS,Susan Martinez,2023-06-01,2053-05-24,2026-04-20,1281,Current,0,109983,0,178625,169240,2023-05-17,642,64.99,2025-11-08,3944,481,DDA-74802,36420,2026-03-10,2026-03-18
East West Bank,EWB-1000813,ARM,FHLMC,Borrower 813,"1312 Main St, Unit 50",Commercial & Multi-Family (5+ Units),HE1,MA,West,1,M,Donald Martinez,2022-03-23,2052-03-15,2026-04-20,4950,30-Day Delinquent,30,843842,0,1235063,1510064,2022-03-08,731,55.88,2025-12-03,2590,43,DDA-52607,32193,2026-03-05,2026-03-18
East West Bank,EWB-1000814,ARM,EWB-INT,Borrower 814,"8419 Main St, Unit 26",Residential Property (1-4 Units),CS1,NJ,South,3,FC,Margaret Harris,2023-09-24,2053-09-16,2026-04-20,3430,90-Day Delinquent,90,476301,2354,638011,671746,2023-09-09,749,70.9,2025-12-24,4062,530,DDA-82509,5054,2026-03-18,2026-03-18
East West Bank,EWB-1000815,Equity,FHLMC,Borrower 815,"9411 Main St, Unit 16",Commercial & Multi-Family (5+ Units),SP1,NY,North,2,PIF,Karen Anderson,2022-07-22,2052-07-14,2026-04-20,3908,Current,0,453285,0,580424,677386,2022-07-07,622,66.92,2025-11-05,2647,935,DDA-57621,19541,2026-02-25,2026-03-19
East West Bank,EWB-1000816,Conventional,GNMA,Borrower 816,"5426 Main St, Unit 48",Commercial & Multi-Family (5+ Units),HE1,NY,West,2,BK,Margaret Harris,2022-02-01,2052-01-25,2026-04-20,1065,30-Day Delinquent,30,646940,0,1197328,1089785,2022-01-17,651,59.36,2025-11-20,3586,700,DDA-60950,36324,2026-02-24,2026-03-19
East West Bank,EWB-1000817,Specialty,FNMA,Borrower 817,"5781 Main St, Unit 23",Residential Property (1-4 Units),CE1,NY,West,3,TRNS,Nancy Jackson,2023-12-26,2053-12-18,2026-04-20,3907,30-Day Delinquent,30,640278,0,983487,906378,2023-12-11,768,70.64,2025-12-20,4802,391,DDA-88389,15606,2026-03-05,2026-03-18
East West Bank,EWB-1000818,Equity,FNMA,Borrower 818,"8317 Main St, Unit 50",Residential Property (1-4 Units),HE1,TX,North,1,BK,Thomas Thompson,2023-06-09,2053-06-01,2026-04-20,3189,60-Day Delinquent,60,262615,0,308056,366175,2023-05-25,655,71.72,2025-11-15,1224,912,DDA-77126,10848,2026-02-26,2026-03-17
East West Bank,EWB-1000819,ARM,FHLMC,Borrower 819,"352 Main St, Unit 14",Residential Property (1-4 Units),HE1,IL,East,2,LEG,Jessica Taylor,2022-08-12,2052-08-04,2026-04-20,3325,Current,0,409711,0,710347,910618,2022-07-28,767,44.99,2025-12-11,3277,717,DDA-23211,29264,2026-02-20,2026-03-20
East West Bank,EWB-1000820,Specialty,FHLMC,Borrower 820,"308 Main St, Unit 2",Residential Property (1-4 Units),CS1,TX,North,4,BK,Christopher Thomas,2023-04-27,2053-04-19,2026-04-20,1846,Current,0,835533,0,1182766,1295429,2023-04-12,726,64.5,2025-12-02,3281,296,DDA-55282,28449,2026-03-20,2026-03-16
East West Bank,EWB-1000821,Conventional,PRIV,Borrower 821,"7003 Main St, Unit 46",Residential Property (1-4 Units),CS1,GA,East,3,REO,Lisa Williams,2022-06-26,2052-06-18,2026-04-20,3563,90-Day Delinquent,120,464970,2483,878744,955248,2022-06-11,728,48.68,2025-12-22,3844,997,DDA-80603,26066,2026-02-21,2026-03-18
East West Bank,EWB-1000822,Conventional,PRIV,Borrower 822,"2676 Main St, Unit 4",Commercial & Multi-Family (5+ Units),HE1,MA,South,3,LEG,James Miller,2022-01-31,2052-01-24,2026-04-20,2677,90-Day Delinquent,150,555147,1638,832568,967188,2022-01-16,707,57.4,2025-11-17,3471,462,DDA-39182,33955,2026-02-26,2026-03-16
East West Bank,EWB-1000823,ARM,PRIV,Borrower 823,"8873 Main St, Unit 24",Residential Property (1-4 Units),HE1,GA,East,4,LOSS,Linda Garcia,2023-02-24,2053-02-16,2026-04-20,1861,Current,0,507944,0,628366,729308,2023-02-09,643,69.65,2025-11-26,3013,851,DDA-75590,13471,2026-03-16,2026-03-16
East West Bank,EWB-1000824,Foreign National,GNMA,Borrower 824,"4174 Main St, Unit 30",Residential Property (1-4 Units),SP1,FL,South,3,DIS,Christopher Thomas,2023-01-08,2052-12-31,2026-04-20,3823,30-Day Delinquent,30,417529,0,569139,562632,2022-12-24,675,74.21,2025-11-25,1868,366,DDA-88734,37532,2026-03-18,2026-03-16
East West Bank,EWB-1000825,Construction,FHLMC,Borrower 825,"6486 Main St, Unit 3",Commercial & Multi-Family (5+ Units),CE1,NY,North,2,TRNS,Susan Martinez,2023-12-31,2053-12-23,2026-04-20,4454,30-Day Delinquent,30,292788,0,382549,385357,2023-12-16,600,75.98,2025-12-14,1463,858,DDA-75003,3574,2026-03-06,2026-03-17
East West Bank,EWB-1000826,Construction,EWB-INT,Borrower 826,"4086 Main St, Unit 18",Commercial & Multi-Family (5+ Units),LC1,FL,North,3,SII,Jessica Taylor,2022-12-10,2052-12-02,2026-04-20,1534,Current,0,485188,0,634965,650904,2022-11-25,609,74.54,2025-12-20,2250,321,DDA-52338,30487,2026-03-19,2026-03-21
East West Bank,EWB-1000827,Specialty,GNMA,Borrower 827,"4681 Main St, Unit 39",Residential Property (1-4 Units),HE1,MA,North,2,PIF,Charles Wilson,2022-05-11,2052-05-03,2026-04-20,4333,Current,0,176369,0,186321,225015,2022-04-26,676,78.38,2025-11-27,2048,324,DDA-23510,3662,2026-02-28,2026-03-19
East West Bank,EWB-1000828,Construction,FNMA,Borrower 828,"2398 Main St, Unit 34",Commercial & Multi-Family (5+ Units),LC1,GA,West,3,TRNS,Patricia Hernandez,2022-08-25,2052-08-17,2026-04-20,4024,60-Day Delinquent,60,1197937,0,1443590,1678781,2022-08-10,718,71.36,2025-12-01,3465,630,DDA-96305,38191,2026-03-07,2026-03-20
East West Bank,EWB-1000829,Construction,GNMA,Borrower 829,"7036 Main St, Unit 34",Commercial & Multi-Family (5+ Units),CS1,FL,North,2,LOSS,Emily Watson,2023-04-22,2053-04-14,2026-04-20,1794,Current,0,739282,0,940144,963465,2023-04-07,648,76.73,2025-11-06,2148,480,DDA-79013,29295,2026-03-10,2026-03-18
East West Bank,EWB-1000830,Equity,FHLMC,Borrower 830,"1745 Main St, Unit 23",Commercial & Multi-Family (5+ Units),CR1,IL,East,2,REO,Patricia Hernandez,2022-07-01,2052-06-23,2026-04-20,4260,Current,0,367774,0,388389,429188,2022-06-16,734,85.69,2025-11-26,1566,803,DDA-65772,5588,2026-03-20,2026-03-19
East West Bank,EWB-1000831,Lot Loan,EWB-INT,Borrower 831,"2624 Main St, Unit 44",Residential Property (1-4 Units),CR1,IL,South,2,PIF,Matthew Moore,2023-10-07,2053-09-29,2026-04-20,4876,30-Day Delinquent,30,772953,0,1250500,1136177,2023-09-22,602,68.03,2025-11-24,4485,344,DDA-59108,13594,2026-02-22,2026-03-20
East West Bank,EWB-1000832,Equity,FNMA,Borrower 832,"4427 Main St, Unit 50",Commercial & Multi-Family (5+ Units),HE1,NY,North,4,LEG,Karen Anderson,2022-11-17,2052-11-09,2026-04-20,3928,Current,0,1135250,0,1226299,1442761,2022-11-02,586,78.69,2025-11-29,3746,892,DDA-98624,25906,2026-03-09,2026-03-19
East West Bank,EWB-1000833,Construction,GNMA,Borrower 833,"5621 Main St, Unit 4",Commercial & Multi-Family (5+ Units),CE1,CA,North,2,DIS,Jessica Taylor,2022-04-15,2052-04-07,2026-04-20,2043,30-Day Delinquent,30,525749,0,814468,1004923,2022-03-31,719,52.32,2025-11-18,1738,9,DDA-53803,41040,2026-03-14,2026-03-19
East West Bank,EWB-1000834,Conventional,PRIV,Borrower 834,"3254 Main St, Unit 20",Commercial & Multi-Family (5+ Units),CE1,NY,North,4,BK,Karen Anderson,2022-03-29,2052-03-21,2026-04-20,1560,Current,0,761006,0,836684,966042,2022-03-14,694,78.78,2025-11-13,3789,54,DDA-25731,49505,2026-03-08,2026-03-18
East West Bank,EWB-1000835,Lot Loan,GNMA,Borrower 835,"8570 Main St, Unit 23",Residential Property (1-4 Units),LC1,MA,East,3,TRNS,Robert Brown,2023-06-26,2053-06-18,2026-04-20,3072,Current,0,663657,0,1178400,1075721,2023-06-11,610,61.69,2025-12-27,1224,997,DDA-15573,23818,2026-02-25,2026-03-19
East West Bank,EWB-1000836,Construction,PRIV,Borrower 836,"4995 Main St, Unit 1",Residential Property (1-4 Units),CS1,WA,North,1,SII,Emily Watson,2022-12-30,2052-12-22,2026-04-20,2583,Current,0,429504,0,508690,493523,2022-12-15,721,87.03,2025-11-12,2346,393,DDA-44418,34263,2026-03-20,2026-03-18
East West Bank,EWB-1000837,Construction,FNMA,Borrower 837,"9817 Main St, Unit 34",Commercial & Multi-Family (5+ Units),SP1,TX,West,4,FC,Lisa Williams,2023-06-25,2053-06-17,2026-04-20,2603,Current,0,485445,0,784122,832934,2023-06-10,726,58.28,2025-11-08,3585,588,DDA-38672,45340,2026-02-21,2026-03-18
East West Bank,EWB-1000838,Specialty,EWB-INT,Borrower 838,"894 Main St, Unit 9",Commercial & Multi-Family (5+ Units),CS1,FL,South,4,FC,Joseph White,2022-10-07,2052-09-29,2026-04-20,1116,30-Day Delinquent,30,901917,0,1198173,1547028,2022-09-22,767,58.3,2025-12-02,4384,760,DDA-33383,31126,2026-03-02,2026-03-18
East West Bank,EWB-1000839,Construction,GNMA,Borrower 839,"7980 Main St, Unit 38",Residential Property (1-4 Units),LC1,MA,East,2,DIS,James Miller,2022-02-03,2052-01-27,2026-04-20,1492,30-Day Delinquent,30,362310,0,437681,463761,2022-01-19,650,78.12,2025-11-08,1235,560,DDA-71612,17147,2026-03-01,2026-03-21
East West Bank,EWB-1000840,Lot Loan,EWB-INT,Borrower 840,"8848 Main St, Unit 2",Commercial & Multi-Family (5+ Units),SP1,IL,East,1,LOSS,Linda Garcia,2022-04-28,2052-04-20,2026-04-20,4372,Current,0,242143,0,375049,378359,2022-04-13,610,64.0,2025-12-10,1313,275,DDA-84570,14429,2026-03-05,2026-03-17
East West Bank,EWB-1000841,ARM,FNMA,Borrower 841,"5103 Main St, Unit 42",Residential Property (1-4 Units),CR1,NJ,West,4,SII,John Smith,2022-06-24,2052-06-16,2026-04-20,2398,90-Day Delinquent,120,599707,673,914357,1179483,2022-06-09,746,50.84,2025-11-14,1701,150,DDA-97934,19609,2026-03-13,2026-03-21
East West Bank,EWB-1000842,Foreign National,GNMA,Borrower 842,"1247 Main St, Unit 14",Commercial & Multi-Family (5+ Units),CS1,CA,North,2,SII,Donald Martinez,2022-02-27,2052-02-20,2026-04-20,1526,90-Day Delinquent,90,1073354,2806,1394380,1734901,2022-02-12,620,61.87,2025-12-27,1967,522,DDA-89639,28557,2026-03-11,2026-03-19
East West Bank,EWB-1000843,ARM,FNMA,Borrower 843,"9884 Main St, Unit 7",Residential Property (1-4 Units),SP1,TX,West,2,LEG,Karen Anderson,2022-05-12,2052-05-04,2026-04-20,2873,Current,0,780124,0,1493499,1468301,2022-04-27,809,53.13,2025-11-07,3087,92,DDA-50836,9502,2026-02-21,2026-03-16
East West Bank,EWB-1000844,Foreign National,EWB-INT,Borrower 844,"6967 Main St, Unit 35",Commercial & Multi-Family (5+ Units),CE1,TX,North,3,REO,Joseph White,2022-10-03,2052-09-25,2026-04-20,2712,Current,0,1156955,0,1252127,1500935,2022-09-18,582,77.08,2025-12-23,3585,144,DDA-24998,44066,2026-02-27,2026-03-18
East West Bank,EWB-1000845,Construction,GNMA,Borrower 845,"568 Main St, Unit 6",Residential Property (1-4 Units),CS1,NY,West,4,PIF,Lisa Williams,2023-06-21,2053-06-13,2026-04-20,2515,Current,0,394639,0,721107,881341,2023-06-06,712,44.78,2025-11-29,2496,917,DDA-67831,19839,2026-03-19,2026-03-19
East West Bank,EWB-1000846,ARM,FHLMC,Borrower 846,"4918 Main St, Unit 11",Commercial & Multi-Family (5+ Units),SP1,WA,South,4,LOSS,Lisa Williams,2022-03-25,2052-03-17,2026-04-20,4121,30-Day Delinquent,30,624983,0,1158559,1417851,2022-03-10,761,44.08,2025-12-30,3156,480,DDA-56936,18923,2026-03-02,2026-03-16
East West Bank,EWB-1000847,Specialty,EWB-INT,Borrower 847,"5580 Main St, Unit 34",Commercial & Multi-Family (5+ Units),SP1,MA,North,3,DIS,Joseph White,2022-03-17,2052-03-09,2026-04-20,3984,Current,0,1232091,0,1411357,1461451,2022-03-02,656,84.31,2025-12-09,3843,620,DDA-61609,31054,2026-02-27,2026-03-17
East West Bank,EWB-1000848,Equity,EWB-INT,Borrower 848,"5592 Main St, Unit 5",Residential Property (1-4 Units),CR1,MA,West,4,REO,Robert Brown,2022-04-29,2052-04-21,2026-04-20,2178,30-Day Delinquent,30,721805,0,1172378,1300954,2022-04-14,659,55.48,2025-11-20,1578,987,DDA-55758,20417,2026-02-19,2026-03-18
East West Bank,EWB-1000849,Construction,FNMA,Borrower 849,"7190 Main St, Unit 36",Commercial & Multi-Family (5+ Units),CS1,TX,West,2,PIF,Karen Anderson,2023-09-19,2053-09-11,2026-04-20,4442,Current,0,623981,0,1000538,974310,2023-09-04,610,64.04,2025-12-02,1663,587,DDA-30667,2896,2026-03-08,2026-03-18
East West Bank,EWB-1000850,Conventional,GNMA,Borrower 850,"1745 Main St, Unit 9",Residential Property (1-4 Units),HE1,VA,East,3,BK,Susan Martinez,2023-01-28,2053-01-20,2026-04-20,4653,Current,0,161286,0,209182,222009,2023-01-13,625,72.65,2025-11-20,2754,853,DDA-42857,34154,2026-03-09,2026-03-17
East West Bank,EWB-1000851,Specialty,FNMA,Borrower 851,"828 Main St, Unit 21",Residential Property (1-4 Units),CS1,NY,East,2,LEG,Susan Martinez,2022-04-26,2052-04-18,2026-04-20,3181,Current,0,396241,0,451454,471845,2022-04-11,688,83.98,2025-11-07,1023,404,DDA-69899,49634,2026-02-24,2026-03-21
East West Bank,EWB-1000852,Equity,FNMA,Borrower 852,"4411 Main St, Unit 27",Residential Property (1-4 Units),CR1,CA,East,4,LOSS,Joseph White,2023-06-25,2053-06-17,2026-04-20,4583,Current,0,1052935,0,1338554,1574114,2023-06-10,609,66.89,2025-12-12,4202,248,DDA-43124,46421,2026-03-19,2026-03-16
East West Bank,EWB-1000853,Construction,EWB-INT,Borrower 853,"1006 Main St, Unit 29",Residential Property (1-4 Units),SP1,IL,West,4,BK,Linda Garcia,2022-04-26,2052-04-18,2026-04-20,1492,Current,0,616141,0,920188,1101272,2022-04-11,648,55.95,2025-11-13,3402,71,DDA-14490,43907,2026-02-26,2026-03-18
East West Bank,EWB-1000854,Equity,FNMA,Borrower 854,"3997 Main St, Unit 8",Residential Property (1-4 Units),CR1,VA,South,3,REO,Linda Garcia,2023-12-12,2053-12-04,2026-04-20,3584,Current,0,241765,0,287084,358625,2023-11-27,641,67.41,2025-12-05,3016,424,DDA-16815,27789,2026-02-24,2026-03-18
East West Bank,EWB-1000855,Specialty,PRIV,Borrower 855,"3618 Main St, Unit 47",Commercial & Multi-Family (5+ Units),SP1,IL,East,4,LEG,Thomas Thompson,2022-12-15,2052-12-07,2026-04-20,4562,30-Day Delinquent,30,493825,0,732004,835665,2022-11-30,781,59.09,2025-11-28,4388,18,DDA-72326,19615,2026-03-15,2026-03-20
East West Bank,EWB-1000856,Equity,GNMA,Borrower 856,"9270 Main St, Unit 39",Commercial & Multi-Family (5+ Units),CR1,CA,North,4,TRNS,Margaret Harris,2023-03-22,2053-03-14,2026-04-20,4476,Current,0,479805,0,841738,1034205,2023-03-07,675,46.39,2025-12-07,4640,95,DDA-28005,17303,2026-03-02,2026-03-17
East West Bank,EWB-1000857,Foreign National,EWB-INT,Borrower 857,"2103 Main St, Unit 31",Residential Property (1-4 Units),CS1,WA,East,1,BK,Patricia Hernandez,2022-07-14,2052-07-06,2026-04-20,2889,90-Day Delinquent,90,238647,803,294539,378364,2022-06-29,775,63.07,2025-11-06,3086,348,DDA-56997,25815,2026-03-02,2026-03-18
East West Bank,EWB-1000858,Construction,PRIV,Borrower 858,"4252 Main St, Unit 15",Residential Property (1-4 Units),SP1,GA,North,2,LOSS,Richard Davis,2023-02-25,2053-02-17,2026-04-20,1470,Current,0,757545,0,1320575,1353763,2023-02-10,628,55.96,2025-11-29,3635,300,DDA-80722,2995,2026-02-21,2026-03-18
East West Bank,EWB-1000859,Lot Loan,FHLMC,Borrower 859,"3265 Main St, Unit 5",Commercial & Multi-Family (5+ Units),CR1,MA,North,2,LOSS,Michael Chen,2023-07-04,2053-06-26,2026-04-20,4573,Current,0,99013,0,162289,187441,2023-06-19,588,52.82,2025-11-04,2046,532,DDA-59635,14051,2026-02-25,2026-03-18
East West Bank,EWB-1000860,Conventional,PRIV,Borrower 860,"597 Main St, Unit 18",Commercial & Multi-Family (5+ Units),HE1,MA,North,4,LOSS,Joseph White,2023-08-04,2053-07-27,2026-04-20,2524,Current,0,1216396,0,1455944,1837796,2023-07-20,583,66.19,2025-12-16,3264,223,DDA-89605,10068,2026-02-22,2026-03-20
East West Bank,EWB-1000861,Specialty,PRIV,Borrower 861,"6682 Main St, Unit 42",Commercial & Multi-Family (5+ Units),SP1,NJ,North,3,LEG,Thomas Thompson,2023-07-23,2053-07-15,2026-04-20,4362,Current,0,639004,0,904950,965988,2023-07-08,609,66.15,2025-12-13,2962,628,DDA-74393,27277,2026-03-14,2026-03-16
East West Bank,EWB-1000862,Specialty,PRIV,Borrower 862,"3232 Main St, Unit 16",Residential Property (1-4 Units),CR1,NJ,North,2,SII,James Miller,2022-06-04,2052-05-27,2026-04-20,1477,30-Day Delinquent,30,759238,0,1378361,1498271,2022-05-20,585,50.67,2025-12-13,1407,950,DDA-64018,37880,2026-02-21,2026-03-19
East West Bank,EWB-1000863,ARM,FHLMC,Borrower 863,"9525 Main St, Unit 40",Commercial & Multi-Family (5+ Units),SP1,NY,South,2,DIS,Christopher Thomas,2023-12-03,2053-11-25,2026-04-20,3615,60-Day Delinquent,60,132796,0,213646,272287,2023-11-18,622,48.77,2025-12-10,1755,640,DDA-53870,40862,2026-03-07,2026-03-19
East West Bank,EWB-1000864,Construction,GNMA,Borrower 864,"2977 Main St, Unit 26",Commercial & Multi-Family (5+ Units),LC1,IL,North,2,SII,Richard Davis,2022-05-24,2052-05-16,2026-04-20,4631,30-Day Delinquent,30,776801,0,879532,885343,2022-05-09,615,87.74,2025-11-09,1330,595,DDA-83291,31547,2026-02-19,2026-03-19
East West Bank,EWB-1000865,Specialty,FNMA,Borrower 865,"7582 Main St, Unit 18",Residential Property (1-4 Units),CR1,VA,West,2,M,Barbara Taylor,2023-05-29,2053-05-21,2026-04-20,4932,Current,0,200409,0,305683,365204,2023-05-14,788,54.88,2025-11-02,1480,801,DDA-63072,12873,2026-03-17,2026-03-21
East West Bank,EWB-1000866,Lot Loan,EWB-INT,Borrower 866,"7088 Main St, Unit 39",Commercial & Multi-Family (5+ Units),HE1,WA,West,2,TRNS,Thomas Thompson,2023-12-22,2053-12-14,2026-04-20,4569,Current,0,644801,0,686437,720732,2023-12-07,681,89.46,2025-11-23,1485,78,DDA-97352,26262,2026-03-19,2026-03-16
East West Bank,EWB-1000867,Foreign National,FHLMC,Borrower 867,"6398 Main St, Unit 17",Commercial & Multi-Family (5+ Units),HE1,NY,East,1,TRNS,James Miller,2022-12-18,2052-12-10,2026-04-20,2102,60-Day Delinquent,60,646652,0,716956,878893,2022-12-03,696,73.58,2025-11-26,1636,451,DDA-79399,12702,2026-03-17,2026-03-17
East West Bank,EWB-1000868,ARM,FHLMC,Borrower 868,"2628 Main St, Unit 34",Commercial & Multi-Family (5+ Units),LC1,TX,South,4,DIS,Nancy Jackson,2023-06-20,2053-06-12,2026-04-20,1933,30-Day Delinquent,30,743257,0,1144170,1421656,2023-06-05,768,52.28,2025-11-22,2800,554,DDA-29149,22250,2026-03-01,2026-03-17
East West Bank,EWB-1000869,Specialty,FNMA,Borrower 869,"3630 Main St, Unit 12",Residential Property (1-4 Units),LC1,TX,East,3,BK,John Smith,2023-03-27,2053-03-19,2026-04-20,2965,Current,0,716709,0,1395077,1325540,2023-03-12,650,54.07,2025-11-21,2532,560,DDA-82423,26568,2026-03-09,2026-03-16
East West Bank,EWB-1000870,ARM,GNMA,Borrower 870,"6426 Main St, Unit 11",Residential Property (1-4 Units),HE1,TX,South,4,FC,Robert Brown,2023-08-02,2053-07-25,2026-04-20,1564,60-Day Delinquent,60,1082208,0,1339083,1707014,2023-07-18,740,63.4,2025-11-25,1882,273,DDA-83723,46018,2026-03-03,2026-03-21
East West Bank,EWB-1000871,Lot Loan,FHLMC,Borrower 871,"8849 Main St, Unit 2",Residential Property (1-4 Units),CR1,VA,South,1,SII,Matthew Moore,2023-02-06,2053-01-29,2026-04-20,4152,Current,0,643793,0,711672,809529,2023-01-22,755,79.53,2025-12-22,1815,90,DDA-77637,27250,2026-03-05,2026-03-21
East West Bank,EWB-1000872,Equity,PRIV,Borrower 872,"7906 Main St, Unit 45",Residential Property (1-4 Units),SP1,NJ,North,2,FC,Margaret Harris,2023-08-04,2053-07-27,2026-04-20,1214,30-Day Delinquent,30,193572,0,225388,229776,2023-07-20,763,84.24,2025-11-12,1781,690,DDA-61168,23221,2026-02-27,2026-03-20
East West Bank,EWB-1000873,Lot Loan,GNMA,Borrower 873,"9265 Main St, Unit 47",Commercial & Multi-Family (5+ Units),CS1,NJ,West,4,SII,James Miller,2022-07-27,2052-07-19,2026-04-20,3267,90-Day Delinquent,90,219199,2290,382601,409154,2022-07-12,601,53.57,2025-11-15,2229,283,DDA-83794,46565,2026-03-08,2026-03-18
East West Bank,EWB-1000874,Lot Loan,FNMA,Borrower 874,"7672 Main St, Unit 21",Commercial & Multi-Family (5+ Units),CR1,MA,North,3,TRNS,Donald Martinez,2023-01-18,2053-01-10,2026-04-20,3546,Current,0,1127596,0,1450035,1845358,2023-01-03,755,61.1,2025-12-31,4400,566,DDA-28710,16692,2026-03-03,2026-03-18
East West Bank,EWB-1000875,Foreign National,EWB-INT,Borrower 875,"8312 Main St, Unit 1",Commercial & Multi-Family (5+ Units),CS1,CA,South,3,REO,Karen Anderson,2023-05-02,2053-04-24,2026-04-20,3435,Current,0,352654,0,579667,660222,2023-04-17,700,53.41,2025-12-13,4359,445,DDA-92663,20080,2026-02-28,2026-03-20
East West Bank,EWB-1000876,Specialty,EWB-INT,Borrower 876,"8687 Main St, Unit 21",Residential Property (1-4 Units),CR1,CA,South,4,REO,Margaret Harris,2022-01-25,2052-01-18,2026-04-20,3338,Current,0,259944,0,448185,488907,2022-01-10,643,53.17,2026-01-01,4990,874,DDA-23457,48327,2026-03-07,2026-03-20
East West Bank,EWB-1000877,Construction,FNMA,Borrower 877,"3686 Main St, Unit 35",Commercial & Multi-Family (5+ Units),CS1,IL,East,3,REO,John Smith,2022-12-13,2052-12-05,2026-04-20,3617,60-Day Delinquent,60,311962,0,384386,380800,2022-11-28,736,81.92,2025-11-26,4042,525,DDA-73571,17674,2026-02-25,2026-03-18
East West Bank,EWB-1000878,Conventional,PRIV,Borrower 878,"3025 Main St, Unit 16",Residential Property (1-4 Units),CE1,IL,East,2,DIS,Lisa Williams,2022-09-18,2052-09-10,2026-04-20,1477,30-Day Delinquent,30,444016,0,611792,575437,2022-09-03,799,77.16,2025-11-16,4790,260,DDA-25397,33353,2026-02-20,2026-03-19
East West Bank,EWB-1000879,Equity,GNMA,Borrower 879,"9989 Main St, Unit 13",Commercial & Multi-Family (5+ Units),LC1,TX,South,4,PIF,Susan Martinez,2022-08-06,2052-07-29,2026-04-20,3853,Current,0,660078,0,801844,723326,2022-07-22,753,91.26,2025-12-16,2159,224,DDA-85127,16012,2026-03-15,2026-03-16
East West Bank,EWB-1000880,Specialty,PRIV,Borrower 880,"3706 Main St, Unit 46",Commercial & Multi-Family (5+ Units),LC1,VA,West,3,FC,Thomas Thompson,2022-04-10,2052-04-02,2026-04-20,2169,Current,0,254382,0,396242,470634,2022-03-26,732,54.05,2025-12-07,1772,33,DDA-68717,33735,2026-03-01,2026-03-16
East West Bank,EWB-1000881,Lot Loan,PRIV,Borrower 881,"1611 Main St, Unit 43",Commercial & Multi-Family (5+ Units),LC1,TX,North,1,SII,Barbara Taylor,2023-10-04,2053-09-26,2026-04-20,2589,90-Day Delinquent,90,912988,4728,1162384,1175540,2023-09-19,600,77.67,2025-11-10,2433,944,DDA-55277,15954,2026-03-20,2026-03-20
East West Bank,EWB-1000882,Construction,PRIV,Borrower 882,"607 Main St, Unit 41",Residential Property (1-4 Units),CR1,IL,West,3,TRNS,Emily Watson,2023-07-13,2053-07-05,2026-04-20,1291,Current,0,185975,0,199104,181743,2023-06-28,724,102.33,2025-11-28,4518,790,DDA-70473,14818,2026-03-19,2026-03-19
East West Bank,EWB-1000883,Equity,FHLMC,Borrower 883,"6049 Main St, Unit 16",Commercial & Multi-Family (5+ Units),HE1,WA,South,1,DIS,Lisa Williams,2022-01-29,2052-01-22,2026-04-20,2271,Current,0,982723,0,1266964,1545844,2022-01-14,612,63.57,2025-11-28,1188,500,DDA-73416,37110,2026-03-09,2026-03-16
East West Bank,EWB-1000884,Foreign National,EWB-INT,Borrower 884,"5700 Main St, Unit 17",Residential Property (1-4 Units),SP1,TX,North,3,LOSS,Nancy Jackson,2022-03-28,2052-03-20,2026-04-20,2969,30-Day Delinquent,30,530468,0,839115,902507,2022-03-13,613,58.78,2025-12-13,3178,862,DDA-31631,32219,2026-02-27,2026-03-18
East West Bank,EWB-1000885,ARM,GNMA,Borrower 885,"3480 Main St, Unit 45",Commercial & Multi-Family (5+ Units),CE1,IL,East,4,DIS,Michael Chen,2022-08-26,2052-08-18,2026-04-20,3028,Current,0,884571,0,1290234,1166139,2022-08-11,820,75.85,2025-11-23,1294,781,DDA-54861,48971,2026-03-18,2026-03-20
East West Bank,EWB-1000886,Construction,EWB-INT,Borrower 886,"433 Main St, Unit 41",Residential Property (1-4 Units),SP1,GA,North,1,LOSS,Christopher Thomas,2022-06-07,2052-05-30,2026-04-20,4386,Current,0,1221550,0,1356861,1461488,2022-05-23,632,83.58,2025-12-26,4777,999,DDA-27516,7086,2026-03-15,2026-03-18
East West Bank,EWB-1000887,ARM,EWB-INT,Borrower 887,"9929 Main St, Unit 45",Commercial & Multi-Family (5+ Units),CE1,IL,East,3,BK,Patricia Hernandez,2022-03-26,2052-03-18,2026-04-20,4185,30-Day Delinquent,30,693403,0,943853,1157253,2022-03-11,641,59.92,2025-12-09,4111,324,DDA-65237,17199,2026-03-15,2026-03-17
East West Bank,EWB-1000888,Foreign National,EWB-INT,Borrower 888,"8570 Main St, Unit 13",Commercial & Multi-Family (5+ Units),CR1,TX,North,2,FC,Christopher Thomas,2022-04-01,2052-03-24,2026-04-20,1515,Current,0,346610,0,692015,879763,2022-03-17,707,39.4,2025-11-07,1583,765,DDA-59330,33982,2026-02-24,2026-03-18
East West Bank,EWB-1000889,Lot Loan,FHLMC,Borrower 889,"4123 Main St, Unit 13",Commercial & Multi-Family (5+ Units),CS1,IL,North,3,LEG,Joseph White,2023-07-23,2053-07-15,2026-04-20,1747,Current,0,242986,0,407681,410764,2023-07-08,764,59.15,2025-12-07,3689,209,DDA-22957,12167,2026-03-04,2026-03-20
East West Bank,EWB-1000890,Specialty,GNMA,Borrower 890,"9933 Main St, Unit 37",Residential Property (1-4 Units),CE1,FL,North,4,BK,Sarah Jenkins,2022-02-14,2052-02-07,2026-04-20,1299,Current,0,755363,0,1492630,1566331,2022-01-30,800,48.22,2025-11-06,2895,385,DDA-92449,46320,2026-02-28,2026-03-19
East West Bank,EWB-1000891,Foreign National,GNMA,Borrower 891,"6483 Main St, Unit 42",Residential Property (1-4 Units),CS1,GA,South,1,REO,Jessica Taylor,2022-05-10,2052-05-02,2026-04-20,1551,30-Day Delinquent,30,623316,0,992186,982093,2022-04-25,602,63.47,2025-11-11,4629,403,DDA-20129,27813,2026-02-27,2026-03-21
East West Bank,EWB-1000892,Foreign National,FNMA,Borrower 892,"8509 Main St, Unit 11",Commercial & Multi-Family (5+ Units),CR1,CA,West,2,FC,Jessica Taylor,2022-02-01,2052-01-25,2026-04-20,3517,90-Day Delinquent,150,480336,559,604162,576371,2022-01-17,755,83.34,2025-11-23,4529,114,DDA-87410,34115,2026-03-02,2026-03-16
East West Bank,EWB-1000893,ARM,EWB-INT,Borrower 893,"9947 Main St, Unit 38",Commercial & Multi-Family (5+ Units),CE1,FL,North,1,BK,Karen Anderson,2022-02-08,2052-02-01,2026-04-20,2300,30-Day Delinquent,30,918985,0,1494613,1758423,2022-01-24,706,52.26,2025-11-02,3537,332,DDA-12944,33592,2026-02-20,2026-03-19
East West Bank,EWB-1000894,Conventional,PRIV,Borrower 894,"1386 Main St, Unit 18",Commercial & Multi-Family (5+ Units),HE1,NJ,North,2,TRNS,Sarah Jenkins,2022-01-09,2052-01-02,2026-04-20,4828,Current,0,930466,0,1158806,1077305,2021-12-25,632,86.37,2025-11-30,3227,781,DDA-87612,49560,2026-03-05,2026-03-17
East West Bank,EWB-1000895,Construction,FNMA,Borrower 895,"4179 Main St, Unit 11",Commercial & Multi-Family (5+ Units),SP1,MA,East,3,TRNS,Sandra Garcia,2023-04-09,2053-04-01,2026-04-20,1412,60-Day Delinquent,60,979286,0,1210899,1096131,2023-03-25,618,89.34,2025-11-15,2688,665,DDA-60844,32786,2026-03-07,2026-03-19
East West Bank,EWB-1000896,ARM,EWB-INT,Borrower 896,"3327 Main St, Unit 7",Residential Property (1-4 Units),CE1,WA,South,2,TRNS,Patricia Hernandez,2023-05-29,2053-05-21,2026-04-20,1676,Current,0,606143,0,785232,876733,2023-05-14,615,69.14,2025-11-11,1061,57,DDA-37438,37701,2026-03-16,2026-03-21
East West Bank,EWB-1000897,Foreign National,PRIV,Borrower 897,"7202 Main St, Unit 48",Commercial & Multi-Family (5+ Units),CE1,IL,North,2,SII,Lisa Williams,2023-03-07,2053-02-27,2026-04-20,2861,Current,0,919038,0,1477176,1706028,2023-02-20,699,53.87,2025-11-22,3253,679,DDA-64814,42793,2026-03-13,2026-03-21
East West Bank,EWB-1000898,Lot Loan,PRIV,Borrower 898,"4754 Main St, Unit 26",Residential Property (1-4 Units),SP1,TX,North,4,LOSS,Lisa Williams,2023-01-28,2053-01-20,2026-04-20,3342,Current,0,471330,0,553322,649615,2023-01-13,584,72.56,2025-12-07,3542,429,DDA-24518,5740,2026-03-20,2026-03-17
East West Bank,EWB-1000899,Conventional,GNMA,Borrower 899,"6891 Main St, Unit 7",Residential Property (1-4 Units),CS1,CA,East,2,REO,Nancy Jackson,2022-05-14,2052-05-06,2026-04-20,1529,Current,0,439707,0,527539,630010,2022-04-29,670,69.79,2025-11-07,4270,731,DDA-39951,24948,2026-02-26,2026-03-20
East West Bank,EWB-1000900,ARM,PRIV,Borrower 900,"4875 Main St, Unit 44",Residential Property (1-4 Units),CR1,VA,East,2,DIS,Jessica Taylor,2022-06-30,2052-06-22,2026-04-20,3717,Current,0,674515,0,1136753,1071265,2022-06-15,624,62.96,2025-12-18,1369,554,DDA-99077,20285,2026-03-10,2026-03-17
East West Bank,EWB-1000901,ARM,FNMA,Borrower 901,"4020 Main St, Unit 1",Commercial & Multi-Family (5+ Units),HE1,WA,North,4,M,Barbara Taylor,2022-10-06,2052-09-28,2026-04-20,3488,30-Day Delinquent,30,505253,0,611227,736229,2022-09-21,754,68.63,2025-12-29,4666,612,DDA-14815,4035,2026-03-13,2026-03-17
East West Bank,EWB-1000902,Conventional,FHLMC,Borrower 902,"5374 Main St, Unit 17",Residential Property (1-4 Units),LC1,FL,East,1,TRNS,Emily Watson,2022-05-06,2052-04-28,2026-04-20,1524,Current,0,708026,0,799991,736268,2022-04-21,745,96.16,2025-12-08,3790,742,DDA-46541,24156,2026-02-22,2026-03-19
East West Bank,EWB-1000903,Equity,PRIV,Borrower 903,"522 Main St, Unit 48",Commercial & Multi-Family (5+ Units),CS1,NY,North,1,REO,Matthew Moore,2023-03-07,2053-02-27,2026-04-20,1320,90-Day Delinquent,90,785212,4576,1193445,1337152,2023-02-20,694,58.72,2025-12-13,1871,8,DDA-64817,42014,2026-03-15,2026-03-17
East West Bank,EWB-1000904,ARM,FHLMC,Borrower 904,"5506 Main St, Unit 19",Commercial & Multi-Family (5+ Units),CS1,MA,South,1,FC,Thomas Thompson,2023-12-14,2053-12-06,2026-04-20,2190,Current,0,196335,0,379189,399193,2023-11-29,636,49.18,2025-12-16,2700,985,DDA-60457,33339,2026-03-02,2026-03-19
East West Bank,EWB-1000905,Conventional,GNMA,Borrower 905,"1022 Main St, Unit 45",Residential Property (1-4 Units),CE1,WA,East,3,DIS,Richard Davis,2022-08-20,2052-08-12,2026-04-20,2950,Current,0,226919,0,401051,513484,2022-08-05,656,44.19,2025-12-06,4452,520,DDA-84561,32474,2026-03-05,2026-03-17
East West Bank,EWB-1000906,Construction,FHLMC,Borrower 906,"6877 Main St, Unit 50",Commercial & Multi-Family (5+ Units),CE1,NJ,East,1,PIF,Susan Martinez,2023-05-18,2053-05-10,2026-04-20,1970,30-Day Delinquent,30,571794,0,863936,933317,2023-05-03,625,61.26,2025-12-30,3595,874,DDA-92342,14992,2026-02-28,2026-03-18
East West Bank,EWB-1000907,Specialty,PRIV,Borrower 907,"3315 Main St, Unit 6",Commercial & Multi-Family (5+ Units),LC1,NJ,West,2,FC,Jessica Taylor,2023-02-21,2053-02-13,2026-04-20,1026,90-Day Delinquent,150,347620,2234,421830,416881,2023-02-06,701,83.39,2025-12-19,4581,726,DDA-33347,41929,2026-03-20,2026-03-17
East West Bank,EWB-1000908,ARM,GNMA,Borrower 908,"9971 Main St, Unit 21",Commercial & Multi-Family (5+ Units),SP1,IL,East,2,M,Linda Garcia,2023-11-05,2053-10-28,2026-04-20,3948,Current,0,298150,0,509687,575534,2023-10-21,736,51.8,2025-12-20,1907,978,DDA-69562,10117,2026-03-15,2026-03-20
East West Bank,EWB-1000909,Equity,FNMA,Borrower 909,"5222 Main St, Unit 8",Residential Property (1-4 Units),SP1,VA,North,2,BK,Christopher Thomas,2023-10-24,2053-10-16,2026-04-20,2964,Current,0,570176,0,604179,693445,2023-10-09,594,82.22,2025-11-20,3325,145,DDA-42688,14519,2026-02-21,2026-03-17
East West Bank,EWB-1000910,Foreign National,GNMA,Borrower 910,"7964 Main St, Unit 10",Residential Property (1-4 Units),LC1,CA,South,3,SII,David Rodriguez,2022-08-06,2052-07-29,2026-04-20,1064,90-Day Delinquent,120,658421,883,985036,981136,2022-07-22,661,67.11,2025-12-19,4086,351,DDA-23296,47954,2026-02-22,2026-03-16
East West Bank,EWB-1000911,Construction,FHLMC,Borrower 911,"3624 Main St, Unit 40",Commercial & Multi-Family (5+ Units),LC1,MA,North,3,BK,David Rodriguez,2022-12-13,2052-12-05,2026-04-20,2935,30-Day Delinquent,30,957431,0,1224168,1153111,2022-11-28,769,83.03,2025-11-29,1666,979,DDA-19912,13623,2026-03-19,2026-03-20
East West Bank,EWB-1000912,Conventional,GNMA,Borrower 912,"6063 Main St, Unit 12",Residential Property (1-4 Units),CS1,IL,East,3,M,Barbara Taylor,2022-04-01,2052-03-24,2026-04-20,3446,Current,0,915055,0,1430617,1331874,2022-03-17,710,68.7,2025-12-08,1641,294,DDA-47658,40355,2026-03-16,2026-03-16
East West Bank,EWB-1000913,Equity,PRIV,Borrower 913,"1929 Main St, Unit 28",Commercial & Multi-Family (5+ Units),CS1,MA,East,2,LOSS,John Smith,2022-08-08,2052-07-31,2026-04-20,2805,Current,0,798696,0,904296,1110896,2022-07-24,588,71.9,2025-12-13,4313,932,DDA-19759,34330,2026-03-08,2026-03-18
East West Bank,EWB-1000914,ARM,GNMA,Borrower 914,"5821 Main St, Unit 7",Residential Property (1-4 Units),LC1,GA,South,2,M,John Smith,2022-09-30,2052-09-22,2026-04-20,2829,60-Day Delinquent,60,840105,0,1267195,1481963,2022-09-15,721,56.69,2025-12-06,4191,690,DDA-22128,2615,2026-02-27,2026-03-17
East West Bank,EWB-1000915,ARM,EWB-INT,Borrower 915,"3852 Main St, Unit 47",Commercial & Multi-Family (5+ Units),HE1,MA,South,2,REO,Linda Garcia,2023-07-04,2053-06-26,2026-04-20,3009,Current,0,812705,0,1349751,1662905,2023-06-19,803,48.87,2025-12-20,2263,944,DDA-87357,39278,2026-03-02,2026-03-18
East West Bank,EWB-1000916,Lot Loan,FNMA,Borrower 916,"7911 Main St, Unit 12",Residential Property (1-4 Units),SP1,VA,East,4,SII,Patricia Hernandez,2023-06-19,2053-06-11,2026-04-20,4848,60-Day Delinquent,60,613695,0,1017869,1150076,2023-06-04,685,53.36,2025-11-18,1975,455,DDA-21948,37473,2026-03-17,2026-03-19
East West Bank,EWB-1000917,Lot Loan,PRIV,Borrower 917,"9777 Main St, Unit 3",Residential Property (1-4 Units),CR1,NY,South,3,LOSS,Patricia Hernandez,2022-11-05,2052-10-28,2026-04-20,3553,Current,0,204886,0,336994,331497,2022-10-21,812,61.81,2025-11-08,1841,699,DDA-46187,46279,2026-02-26,2026-03-16
East West Bank,EWB-1000918,Foreign National,FHLMC,Borrower 918,"2652 Main St, Unit 50",Commercial & Multi-Family (5+ Units),CS1,VA,South,1,REO,Donald Martinez,2022-04-03,2052-03-26,2026-04-20,1744,Current,0,809027,0,1421300,1445739,2022-03-19,623,55.96,2025-11-11,2534,781,DDA-37874,34294,2026-02-20,2026-03-20
East West Bank,EWB-1000919,Conventional,FHLMC,Borrower 919,"5447 Main St, Unit 20",Commercial & Multi-Family (5+ Units),CR1,TX,South,2,PIF,Donald Martinez,2023-05-02,2053-04-24,2026-04-20,4265,30-Day Delinquent,30,317384,0,343783,316077,2023-04-17,668,100.41,2025-12-05,2454,438,DDA-99472,9886,2026-03-11,2026-03-19
East West Bank,EWB-1000920,Specialty,PRIV,Borrower 920,"9682 Main St, Unit 28",Residential Property (1-4 Units),CS1,NY,South,2,TRNS,Daniel Martin,2023-07-21,2053-07-13,2026-04-20,4445,Current,0,946651,0,1165416,1163233,2023-07-06,722,81.38,2025-12-08,1145,786,DDA-93999,23641,2026-03-05,2026-03-20
East West Bank,EWB-1000921,Lot Loan,PRIV,Borrower 921,"8241 Main St, Unit 39",Commercial & Multi-Family (5+ Units),CS1,NJ,North,1,PIF,Susan Martinez,2022-05-07,2052-04-29,2026-04-20,3418,30-Day Delinquent,30,550380,0,818755,882936,2022-04-22,639,62.34,2025-12-09,2141,957,DDA-32116,9993,2026-02-20,2026-03-17
East West Bank,EWB-1000922,Specialty,GNMA,Borrower 922,"4932 Main St, Unit 2",Residential Property (1-4 Units),HE1,VA,South,3,M,Linda Garcia,2022-02-20,2052-02-13,2026-04-20,4439,30-Day Delinquent,30,1162777,0,1254849,1549721,2022-02-05,654,75.03,2025-11-04,2971,797,DDA-60632,47139,2026-03-15,2026-03-18
East West Bank,EWB-1000923,Foreign National,FHLMC,Borrower 923,"6317 Main St, Unit 10",Commercial & Multi-Family (5+ Units),CR1,NY,North,3,LEG,Richard Davis,2023-08-15,2053-08-07,2026-04-20,2408,60-Day Delinquent,60,811958,0,1318544,1258407,2023-07-31,580,64.52,2025-11-23,1381,507,DDA-42213,38924,2026-03-17,2026-03-21
East West Bank,EWB-1000924,Construction,EWB-INT,Borrower 924,"419 Main St, Unit 9",Commercial & Multi-Family (5+ Units),CE1,NJ,East,2,PIF,Linda Garcia,2022-10-25,2052-10-17,2026-04-20,2188,30-Day Delinquent,30,148734,0,160699,156261,2022-10-10,598,95.18,2025-11-14,2838,173,DDA-19533,34221,2026-03-07,2026-03-20
East West Bank,EWB-1000925,Foreign National,EWB-INT,Borrower 925,"1979 Main St, Unit 29",Commercial & Multi-Family (5+ Units),CS1,NY,South,1,LOSS,Daniel Martin,2023-04-15,2053-04-07,2026-04-20,4222,60-Day Delinquent,60,807964,0,1217745,1262792,2023-03-31,646,63.98,2025-11-18,1874,314,DDA-31077,7963,2026-02-26,2026-03-16
East West Bank,EWB-1000926,Specialty,EWB-INT,Borrower 926,"2101 Main St, Unit 39",Commercial & Multi-Family (5+ Units),CS1,GA,North,1,LEG,Patricia Hernandez,2022-06-10,2052-06-02,2026-04-20,1367,Current,0,788157,0,1466502,1756069,2022-05-26,813,44.88,2025-11-11,4367,219,DDA-29128,24558,2026-03-20,2026-03-20
East West Bank,EWB-1000927,ARM,FHLMC,Borrower 927,"3448 Main St, Unit 38",Commercial & Multi-Family (5+ Units),CR1,TX,South,2,M,David Rodriguez,2023-09-24,2053-09-16,2026-04-20,3332,Current,0,1025980,0,1323057,1287944,2023-09-09,645,79.66,2025-12-20,3798,898,DDA-32741,42701,2026-03-04,2026-03-21
East West Bank,EWB-1000928,ARM,GNMA,Borrower 928,"9129 Main St, Unit 34",Commercial & Multi-Family (5+ Units),SP1,CA,South,4,PIF,Susan Martinez,2023-01-31,2053-01-23,2026-04-20,1957,Current,0,649224,0,709873,693716,2023-01-16,630,93.59,2025-12-27,4042,133,DDA-78558,30435,2026-03-08,2026-03-17
East West Bank,EWB-1000929,Foreign National,FNMA,Borrower 929,"9252 Main St, Unit 22",Commercial & Multi-Family (5+ Units),CS1,NJ,West,3,FC,Lisa Williams,2024-01-01,2053-12-24,2026-04-20,2152,90-Day Delinquent,120,440633,728,542136,703305,2023-12-17,807,62.65,2025-11-03,2924,453,DDA-21755,27535,2026-02-28,2026-03-20
East West Bank,EWB-1000930,Conventional,FNMA,Borrower 930,"9571 Main St, Unit 40",Residential Property (1-4 Units),HE1,NY,North,1,SII,Matthew Moore,2023-03-18,2053-03-10,2026-04-20,4114,Current,0,354771,0,539954,592462,2023-03-03,693,59.88,2025-11-15,1627,47,DDA-80347,42269,2026-02-25,2026-03-18
East West Bank,EWB-1000931,Conventional,EWB-INT,Borrower 931,"2509 Main St, Unit 47",Residential Property (1-4 Units),HE1,NY,East,3,REO,Robert Brown,2022-09-07,2052-08-30,2026-04-20,4064,Current,0,88849,0,168073,201081,2022-08-23,790,44.19,2025-12-08,2456,548,DDA-16941,46809,2026-03-15,2026-03-20
East West Bank,EWB-1000932,Lot Loan,FHLMC,Borrower 932,"5641 Main St, Unit 29",Residential Property (1-4 Units),CE1,MA,South,2,BK,Nancy Jackson,2022-07-12,2052-07-04,2026-04-20,2363,30-Day Delinquent,30,345885,0,383782,366801,2022-06-27,734,94.3,2025-11-26,1098,817,DDA-68478,48251,2026-03-07,2026-03-16
East West Bank,EWB-1000933,Specialty,FHLMC,Borrower 933,"6673 Main St, Unit 15",Commercial & Multi-Family (5+ Units),LC1,IL,West,1,M,Robert Brown,2023-11-10,2053-11-02,2026-04-20,1194,Current,0,453823,0,764805,793768,2023-10-26,807,57.17,2025-12-04,3571,141,DDA-95390,40274,2026-03-20,2026-03-21
East West Bank,EWB-1000934,ARM,FHLMC,Borrower 934,"510 Main St, Unit 40",Commercial & Multi-Family (5+ Units),LC1,TX,North,4,FC,Donald Martinez,2022-08-31,2052-08-23,2026-04-20,4791,Current,0,746324,0,876331,949062,2022-08-16,646,78.64,2025-11-09,2356,469,DDA-78339,49877,2026-03-14,2026-03-16
East West Bank,EWB-1000935,Lot Loan,EWB-INT,Borrower 935,"8124 Main St, Unit 29",Residential Property (1-4 Units),CR1,WA,West,3,PIF,Lisa Williams,2023-09-12,2053-09-04,2026-04-20,1307,90-Day Delinquent,90,119344,58,211929,257389,2023-08-28,724,46.37,2025-11-11,4455,660,DDA-81168,42594,2026-02-28,2026-03-17
East West Bank,EWB-1000936,ARM,EWB-INT,Borrower 936,"2852 Main St, Unit 31",Residential Property (1-4 Units),CS1,MA,West,1,PIF,Jessica Taylor,2023-07-16,2053-07-08,2026-04-20,2968,Current,0,944934,0,1035296,974148,2023-07-01,813,97.0,2025-11-18,3688,367,DDA-16259,23418,2026-02-20,2026-03-17
East West Bank,EWB-1000937,Conventional,PRIV,Borrower 937,"7828 Main St, Unit 8",Residential Property (1-4 Units),CE1,FL,West,1,SII,James Miller,2022-05-09,2052-05-01,2026-04-20,3577,Current,0,407587,0,437313,552975,2022-04-24,766,73.71,2025-11-18,3032,931,DDA-85606,17466,2026-03-01,2026-03-19
East West Bank,EWB-1000938,ARM,FHLMC,Borrower 938,"837 Main St, Unit 20",Residential Property (1-4 Units),CR1,MA,North,2,SII,Richard Davis,2023-11-09,2053-11-01,2026-04-20,4887,30-Day Delinquent,30,218958,0,341703,366597,2023-10-25,585,59.73,2025-11-06,3694,304,DDA-28034,48948,2026-02-21,2026-03-16
East West Bank,EWB-1000939,ARM,EWB-INT,Borrower 939,"5230 Main St, Unit 28",Residential Property (1-4 Units),SP1,TX,South,1,LOSS,Susan Martinez,2022-03-30,2052-03-22,2026-04-20,4488,Current,0,667083,0,1140669,1306601,2022-03-15,793,51.05,2025-11-16,2401,273,DDA-21227,42841,2026-03-14,2026-03-20
East West Bank,EWB-1000940,Specialty,EWB-INT,Borrower 940,"5072 Main St, Unit 12",Residential Property (1-4 Units),HE1,WA,North,4,SII,Jessica Taylor,2023-12-04,2053-11-26,2026-04-20,4636,60-Day Delinquent,60,308323,0,443894,533070,2023-11-19,628,57.84,2025-11-15,4156,359,DDA-85433,46699,2026-03-17,2026-03-20
East West Bank,EWB-1000941,ARM,PRIV,Borrower 941,"457 Main St, Unit 26",Commercial & Multi-Family (5+ Units),LC1,IL,West,4,SII,Donald Martinez,2023-06-14,2053-06-06,2026-04-20,1684,Current,0,695906,0,1276798,1152901,2023-05-30,797,60.36,2025-11-06,3059,40,DDA-19901,27808,2026-03-12,2026-03-19
East West Bank,EWB-1000942,Foreign National,FHLMC,Borrower 942,"3487 Main St, Unit 24",Commercial & Multi-Family (5+ Units),HE1,TX,North,1,TRNS,Susan Martinez,2022-10-25,2052-10-17,2026-04-20,1162,Current,0,523138,0,943153,1112260,2022-10-10,665,47.03,2025-12-16,3497,619,DDA-88259,7308,2026-03-19,2026-03-19
East West Bank,EWB-1000943,Equity,GNMA,Borrower 943,"9803 Main St, Unit 40",Residential Property (1-4 Units),LC1,GA,North,4,LOSS,Robert Brown,2023-01-19,2053-01-11,2026-04-20,3713,Current,0,1036729,0,1402557,1618408,2023-01-04,634,64.06,2025-12-27,2478,335,DDA-20480,42004,2026-02-19,2026-03-20
East West Bank,EWB-1000944,Construction,FNMA,Borrower 944,"9073 Main St, Unit 37",Commercial & Multi-Family (5+ Units),HE1,WA,North,2,M,Lisa Williams,2022-12-02,2052-11-24,2026-04-20,4915,90-Day Delinquent,120,483244,2061,637689,620590,2022-11-17,806,77.87,2025-11-05,3656,940,DDA-89208,26110,2026-03-06,2026-03-18
East West Bank,EWB-1000945,Foreign National,PRIV,Borrower 945,"5692 Main St, Unit 15",Residential Property (1-4 Units),CS1,MA,North,1,DIS,Donald Martinez,2022-02-22,2052-02-15,2026-04-20,1112,60-Day Delinquent,60,760425,0,1010952,1035757,2022-02-07,681,73.42,2025-11-09,1971,723,DDA-70424,41427,2026-03-15,2026-03-18
East West Bank,EWB-1000946,Specialty,PRIV,Borrower 946,"1507 Main St, Unit 14",Residential Property (1-4 Units),SP1,CA,East,2,DIS,Donald Martinez,2023-02-15,2053-02-07,2026-04-20,3459,Current,0,886137,0,1228560,1306382,2023-01-31,805,67.83,2025-12-09,3700,565,DDA-15010,27443,2026-03-07,2026-03-16
East West Bank,EWB-1000947,Construction,EWB-INT,Borrower 947,"1842 Main St, Unit 38",Residential Property (1-4 Units),CS1,IL,West,4,PIF,Emily Watson,2023-02-14,2053-02-06,2026-04-20,3604,90-Day Delinquent,90,823287,4072,1204477,1307682,2023-01-30,813,62.96,2025-11-15,1039,679,DDA-44641,46825,2026-02-25,2026-03-16
East West Bank,EWB-1000948,Conventional,GNMA,Borrower 948,"5854 Main St, Unit 43",Commercial & Multi-Family (5+ Units),CE1,IL,North,1,PIF,Matthew Moore,2022-11-28,2052-11-20,2026-04-20,1456,Current,0,952085,0,1491775,1718833,2022-11-13,613,55.39,2025-11-22,1782,583,DDA-36642,7271,2026-02-19,2026-03-19
East West Bank,EWB-1000949,Conventional,FHLMC,Borrower 949,"6382 Main St, Unit 41",Commercial & Multi-Family (5+ Units),LC1,GA,East,3,LEG,Lisa Williams,2022-10-10,2052-10-02,2026-04-20,1365,60-Day Delinquent,60,238858,0,295788,284569,2022-09-25,708,83.94,2025-12-11,1059,445,DDA-27031,28322,2026-03-12,2026-03-20
East West Bank,EWB-1000950,Equity,GNMA,Borrower 950,"2679 Main St, Unit 36",Residential Property (1-4 Units),SP1,GA,South,1,FC,Nancy Jackson,2023-11-13,2053-11-05,2026-04-20,2439,Current,0,560757,0,840658,910213,2023-10-29,700,61.61,2025-12-25,3695,988,DDA-64526,44304,2026-03-08,2026-03-19
East West Bank,EWB-1000951,Lot Loan,GNMA,Borrower 951,"9293 Main St, Unit 13",Commercial & Multi-Family (5+ Units),LC1,IL,East,4,M,Emily Watson,2022-07-12,2052-07-04,2026-04-20,3865,Current,0,1263580,0,1400956,1268794,2022-06-27,806,99.59,2025-11-06,3917,669,DDA-57150,43332,2026-03-01,2026-03-20
East West Bank,EWB-1000952,ARM,FNMA,Borrower 952,"984 Main St, Unit 43",Residential Property (1-4 Units),SP1,CA,North,4,LOSS,Richard Davis,2022-11-19,2052-11-11,2026-04-20,2698,Current,0,727851,0,1443703,1726495,2022-11-04,720,42.16,2025-11-07,2027,647,DDA-69745,49776,2026-03-18,2026-03-16
East West Bank,EWB-1000953,Foreign National,GNMA,Borrower 953,"5434 Main St, Unit 6",Residential Property (1-4 Units),SP1,CA,West,2,DIS,Karen Anderson,2023-12-22,2053-12-14,2026-04-20,1944,Current,0,901663,0,1215923,1138424,2023-12-07,613,79.2,2025-11-26,3708,311,DDA-24941,11879,2026-03-12,2026-03-19
East West Bank,EWB-1000954,Foreign National,EWB-INT,Borrower 954,"5977 Main St, Unit 26",Commercial & Multi-Family (5+ Units),HE1,GA,East,2,LEG,Robert Brown,2023-05-03,2053-04-25,2026-04-20,1841,Current,0,684172,0,1114163,1142638,2023-04-18,725,59.88,2025-12-15,3364,737,DDA-74494,41433,2026-03-05,2026-03-18
East West Bank,EWB-1000955,Equity,EWB-INT,Borrower 955,"264 Main St, Unit 13",Residential Property (1-4 Units),CR1,WA,North,1,SII,Sarah Jenkins,2022-03-09,2052-03-01,2026-04-20,1030,Current,0,93177,0,157967,143310,2022-02-22,764,65.02,2025-12-15,1589,985,DDA-57300,3762,2026-03-12,2026-03-20
East West Bank,EWB-1000956,Foreign National,PRIV,Borrower 956,"2292 Main St, Unit 4",Commercial & Multi-Family (5+ Units),CE1,IL,North,1,M,Emily Watson,2022-06-30,2052-06-22,2026-04-20,3252,Current,0,219980,0,375371,418047,2022-06-15,648,52.62,2025-11-06,4359,303,DDA-81124,9165,2026-02-27,2026-03-17
East West Bank,EWB-1000957,Foreign National,PRIV,Borrower 957,"523 Main St, Unit 7",Residential Property (1-4 Units),CR1,TX,East,2,REO,Barbara Taylor,2023-05-29,2053-05-21,2026-04-20,3463,Current,0,1139399,0,1363261,1337329,2023-05-14,758,85.2,2025-12-10,4423,322,DDA-67920,11574,2026-03-13,2026-03-18
East West Bank,EWB-1000958,Foreign National,PRIV,Borrower 958,"2281 Main St, Unit 49",Commercial & Multi-Family (5+ Units),LC1,MA,West,4,DIS,Lisa Williams,2023-06-26,2053-06-18,2026-04-20,4021,90-Day Delinquent,90,936480,1211,991531,1239995,2023-06-11,582,75.52,2025-11-29,3984,439,DDA-32611,46645,2026-02-19,2026-03-21
East West Bank,EWB-1000959,Lot Loan,FHLMC,Borrower 959,"4631 Main St, Unit 13",Residential Property (1-4 Units),CR1,NJ,West,3,PIF,James Miller,2022-04-23,2052-04-15,2026-04-20,4814,90-Day Delinquent,90,668364,4890,1085772,1269079,2022-04-08,786,52.67,2025-11-19,2026,773,DDA-26211,28915,2026-03-07,2026-03-19
East West Bank,EWB-1000960,Foreign National,PRIV,Borrower 960,"1150 Main St, Unit 14",Commercial & Multi-Family (5+ Units),CE1,FL,North,3,TRNS,Michael Chen,2022-12-30,2052-12-22,2026-04-20,3384,Current,0,117507,0,210545,235599,2022-12-15,679,49.88,2025-11-15,4352,429,DDA-31085,16011,2026-02-25,2026-03-16
East West Bank,EWB-1000961,Equity,GNMA,Borrower 961,"2933 Main St, Unit 28",Commercial & Multi-Family (5+ Units),SP1,VA,East,2,BK,John Smith,2023-12-15,2053-12-07,2026-04-20,4322,30-Day Delinquent,30,532121,0,877506,933863,2023-11-30,675,56.98,2025-12-31,3928,181,DDA-20722,11311,2026-02-21,2026-03-18
East West Bank,EWB-1000962,Conventional,PRIV,Borrower 962,"5328 Main St, Unit 2",Residential Property (1-4 Units),CS1,TX,North,4,SII,Lisa Williams,2022-02-11,2052-02-04,2026-04-20,3464,Current,0,247298,0,400497,420564,2022-01-27,739,58.8,2025-12-27,2683,850,DDA-48673,16851,2026-02-21,2026-03-18
East West Bank,EWB-1000963,Lot Loan,EWB-INT,Borrower 963,"8749 Main St, Unit 42",Commercial & Multi-Family (5+ Units),LC1,IL,East,2,SII,Margaret Harris,2022-07-09,2052-07-01,2026-04-20,3695,Current,0,638623,0,851692,782079,2022-06-24,612,81.66,2025-12-29,4937,564,DDA-40036,29913,2026-03-13,2026-03-21
East West Bank,EWB-1000964,Foreign National,FHLMC,Borrower 964,"9539 Main St, Unit 13",Residential Property (1-4 Units),CS1,VA,North,1,LOSS,Susan Martinez,2022-03-17,2052-03-09,2026-04-20,3459,30-Day Delinquent,30,1165560,0,1354680,1365546,2022-03-02,771,85.35,2025-12-05,3021,555,DDA-91750,38580,2026-03-08,2026-03-18
East West Bank,EWB-1000965,Equity,FHLMC,Borrower 965,"5009 Main St, Unit 21",Residential Property (1-4 Units),HE1,FL,North,2,TRNS,Nancy Jackson,2023-10-23,2053-10-15,2026-04-20,1405,Current,0,898578,0,1243512,1121387,2023-10-08,751,80.13,2025-12-23,4310,517,DDA-16339,16151,2026-02-22,2026-03-16
East West Bank,EWB-1000966,Conventional,EWB-INT,Borrower 966,"2550 Main St, Unit 30",Commercial & Multi-Family (5+ Units),CE1,IL,North,1,BK,Sandra Garcia,2022-05-19,2052-05-11,2026-04-20,3109,Current,0,1210148,0,1400632,1684316,2022-05-04,596,71.85,2025-11-07,2715,955,DDA-54021,16113,2026-03-15,2026-03-18
East West Bank,EWB-1000967,Construction,FHLMC,Borrower 967,"525 Main St, Unit 2",Commercial & Multi-Family (5+ Units),SP1,FL,North,3,M,Sandra Garcia,2023-11-05,2053-10-28,2026-04-20,4192,60-Day Delinquent,60,736362,0,1226717,1250144,2023-10-21,812,58.9,2025-11-19,3169,559,DDA-18767,21506,2026-03-05,2026-03-18
East West Bank,EWB-1000968,Lot Loan,GNMA,Borrower 968,"9104 Main St, Unit 11",Commercial & Multi-Family (5+ Units),CR1,IL,West,1,FC,Linda Garcia,2022-02-17,2052-02-10,2026-04-20,4522,Current,0,883642,0,1295935,1371076,2022-02-02,590,64.45,2025-11-18,3738,509,DDA-50577,17564,2026-03-10,2026-03-16
East West Bank,EWB-1000969,Lot Loan,FNMA,Borrower 969,"8666 Main St, Unit 9",Commercial & Multi-Family (5+ Units),SP1,TX,South,2,FC,Matthew Moore,2023-06-20,2053-06-12,2026-04-20,2038,30-Day Delinquent,30,451662,0,771827,968812,2023-06-05,721,46.62,2025-12-22,2792,915,DDA-21977,49127,2026-02-28,2026-03-16
East West Bank,EWB-1000970,Equity,PRIV,Borrower 970,"2949 Main St, Unit 4",Residential Property (1-4 Units),CS1,NY,West,2,LOSS,Linda Garcia,2022-02-06,2052-01-30,2026-04-20,1557,30-Day Delinquent,30,126571,0,173312,193219,2022-01-22,772,65.51,2025-12-10,3194,448,DDA-56170,44194,2026-02-23,2026-03-18
East West Bank,EWB-1000971,Specialty,EWB-INT,Borrower 971,"6451 Main St, Unit 21",Commercial & Multi-Family (5+ Units),CR1,FL,North,2,LOSS,James Miller,2022-01-20,2052-01-13,2026-04-20,2943,Current,0,533298,0,577387,534864,2022-01-05,647,99.71,2025-11-19,4777,105,DDA-76771,20507,2026-03-04,2026-03-21
East West Bank,EWB-1000972,Foreign National,FNMA,Borrower 972,"4337 Main St, Unit 35",Commercial & Multi-Family (5+ Units),SP1,GA,East,2,BK,Christopher Thomas,2023-04-21,2053-04-13,2026-04-20,4114,Current,0,566171,0,948843,1134657,2023-04-06,733,49.9,2025-12-17,3250,246,DDA-87060,20253,2026-03-08,2026-03-20
East West Bank,EWB-1000973,Lot Loan,PRIV,Borrower 973,"1055 Main St, Unit 50",Residential Property (1-4 Units),CS1,IL,South,2,M,Donald Martinez,2022-12-12,2052-12-04,2026-04-20,4204,60-Day Delinquent,60,657960,0,993441,1029590,2022-11-27,611,63.91,2025-12-24,1594,164,DDA-72774,34343,2026-03-19,2026-03-17
East West Bank,EWB-1000974,ARM,EWB-INT,Borrower 974,"366 Main St, Unit 33",Commercial & Multi-Family (5+ Units),CS1,CA,North,3,TRNS,Sandra Garcia,2023-02-28,2053-02-20,2026-04-20,2651,Current,0,137180,0,207022,254788,2023-02-13,820,53.84,2025-11-04,1667,797,DDA-45116,38334,2026-03-12,2026-03-17
East West Bank,EWB-1000975,Foreign National,EWB-INT,Borrower 975,"4783 Main St, Unit 38",Commercial & Multi-Family (5+ Units),CR1,IL,South,1,PIF,Richard Davis,2023-02-09,2053-02-01,2026-04-20,2682,Current,0,1247589,0,1380844,1568092,2023-01-25,744,79.56,2025-12-09,4516,559,DDA-65756,39165,2026-02-20,2026-03-16
East West Bank,EWB-1000976,ARM,GNMA,Borrower 976,"3331 Main St, Unit 23",Commercial & Multi-Family (5+ Units),CE1,FL,North,4,FC,Susan Martinez,2023-02-07,2053-01-30,2026-04-20,4742,Current,0,428850,0,639626,716602,2023-01-23,583,59.84,2025-12-05,2924,414,DDA-79216,33681,2026-02-23,2026-03-19
East West Bank,EWB-1000977,Specialty,GNMA,Borrower 977,"9973 Main St, Unit 10",Commercial & Multi-Family (5+ Units),SP1,TX,South,2,LEG,Nancy Jackson,2022-07-03,2052-06-25,2026-04-20,3854,Current,0,432163,0,705462,776854,2022-06-18,710,55.63,2025-12-09,3432,926,DDA-85792,4834,2026-02-28,2026-03-21
East West Bank,EWB-1000978,ARM,FNMA,Borrower 978,"3703 Main St, Unit 16",Commercial & Multi-Family (5+ Units),CR1,IL,East,4,M,Joseph White,2022-08-09,2052-08-01,2026-04-20,1568,30-Day Delinquent,30,1055827,0,1274949,1181466,2022-07-25,765,89.37,2025-12-28,2707,717,DDA-57865,42651,2026-03-11,2026-03-20
East West Bank,EWB-1000979,Conventional,FHLMC,Borrower 979,"4118 Main St, Unit 16",Residential Property (1-4 Units),LC1,WA,South,4,PIF,Emily Watson,2022-06-25,2052-06-17,2026-04-20,1060,90-Day Delinquent,120,181012,4752,343718,354240,2022-06-10,650,51.1,2025-11-04,1376,43,DDA-81246,47749,2026-03-05,2026-03-16
East West Bank,EWB-1000980,ARM,EWB-INT,Borrower 980,"7855 Main St, Unit 26",Residential Property (1-4 Units),SP1,GA,North,4,BK,James Miller,2022-03-30,2052-03-22,2026-04-20,1713,Current,0,632783,0,680836,817132,2022-03-15,617,77.44,2025-11-23,2837,201,DDA-65186,35856,2026-03-11,2026-03-20
East West Bank,EWB-1000981,Equity,GNMA,Borrower 981,"5719 Main St, Unit 20",Commercial & Multi-Family (5+ Units),CE1,WA,South,4,FC,Linda Garcia,2022-11-02,2052-10-25,2026-04-20,2495,Current,0,295451,0,354366,429057,2022-10-18,603,68.86,2025-12-19,1186,990,DDA-59972,10533,2026-02-19,2026-03-21
East West Bank,EWB-1000982,Foreign National,GNMA,Borrower 982,"9059 Main St, Unit 34",Residential Property (1-4 Units),CR1,NJ,West,2,BK,Charles Wilson,2022-05-08,2052-04-30,2026-04-20,3970,Current,0,913248,0,1484742,1657183,2022-04-23,769,55.11,2025-11-07,2011,601,DDA-98854,16864,2026-03-05,2026-03-21
East West Bank,EWB-1000983,Lot Loan,FHLMC,Borrower 983,"2562 Main St, Unit 27",Residential Property (1-4 Units),HE1,WA,West,1,REO,Margaret Harris,2022-07-03,2052-06-25,2026-04-20,1538,Current,0,429365,0,810902,810355,2022-06-18,767,52.98,2025-11-28,3088,271,DDA-40539,17012,2026-02-28,2026-03-17
East West Bank,EWB-1000984,Equity,PRIV,Borrower 984,"3813 Main St, Unit 9",Commercial & Multi-Family (5+ Units),HE1,NJ,North,1,M,Margaret Harris,2022-06-12,2052-06-04,2026-04-20,3144,30-Day Delinquent,30,931317,0,1259004,1551543,2022-05-28,660,60.03,2025-11-06,4635,283,DDA-86542,35232,2026-03-20,2026-03-18
East West Bank,EWB-1000985,Foreign National,EWB-INT,Borrower 985,"6823 Main St, Unit 48",Commercial & Multi-Family (5+ Units),LC1,MA,South,1,FC,David Rodriguez,2022-03-01,2052-02-22,2026-04-20,2441,Current,0,1001493,0,1386180,1733699,2022-02-14,771,57.77,2025-12-14,1445,381,DDA-73902,28093,2026-03-14,2026-03-20
East West Bank,EWB-1000986,Construction,GNMA,Borrower 986,"5100 Main St, Unit 30",Commercial & Multi-Family (5+ Units),CE1,VA,East,1,TRNS,Donald Martinez,2022-10-10,2052-10-02,2026-04-20,3728,Current,0,476272,0,852436,942966,2022-09-25,678,50.51,2025-11-17,3888,595,DDA-78484,39309,2026-03-17,2026-03-20
East West Bank,EWB-1000987,Conventional,FNMA,Borrower 987,"2554 Main St, Unit 6",Residential Property (1-4 Units),CE1,IL,East,3,REO,Richard Davis,2023-12-21,2053-12-13,2026-04-20,4581,90-Day Delinquent,120,341351,4817,412307,407559,2023-12-06,632,83.75,2025-11-02,4812,664,DDA-64715,13164,2026-02-21,2026-03-18
East West Bank,EWB-1000988,ARM,FNMA,Borrower 988,"1246 Main St, Unit 28",Residential Property (1-4 Units),LC1,WA,East,1,LEG,Sarah Jenkins,2023-03-04,2053-02-24,2026-04-20,2278,Current,0,762842,0,1121248,1066693,2023-02-17,741,71.51,2025-12-23,4768,416,DDA-73262,9038,2026-03-03,2026-03-18
East West Bank,EWB-1000989,Lot Loan,FHLMC,Borrower 989,"4115 Main St, Unit 17",Commercial & Multi-Family (5+ Units),CS1,NY,North,1,DIS,Nancy Jackson,2022-08-29,2052-08-21,2026-04-20,2064,Current,0,825225,0,1334446,1679609,2022-08-14,668,49.13,2025-11-25,3073,70,DDA-53731,9232,2026-03-10,2026-03-16
East West Bank,EWB-1000990,Construction,PRIV,Borrower 990,"6873 Main St, Unit 34",Residential Property (1-4 Units),CE1,NY,West,3,BK,Nancy Jackson,2022-05-21,2052-05-13,2026-04-20,1187,Current,0,1276715,0,1490020,1933898,2022-05-06,603,66.02,2025-12-10,2467,343,DDA-18763,24094,2026-03-13,2026-03-21
East West Bank,EWB-1000991,ARM,EWB-INT,Borrower 991,"1322 Main St, Unit 3",Residential Property (1-4 Units),CS1,NJ,South,4,FC,Michael Chen,2022-09-01,2052-08-24,2026-04-20,3370,Current,0,475198,0,778419,721300,2022-08-17,597,65.88,2025-11-10,4279,977,DDA-84507,44534,2026-03-20,2026-03-17
East West Bank,EWB-1000992,Specialty,PRIV,Borrower 992,"6997 Main St, Unit 23",Commercial & Multi-Family (5+ Units),LC1,GA,North,2,DIS,Margaret Harris,2023-10-18,2053-10-10,2026-04-20,4168,90-Day Delinquent,90,792749,687,1498207,1572936,2023-10-03,687,50.4,2025-11-28,1606,610,DDA-22964,17608,2026-02-23,2026-03-21
East West Bank,EWB-1000993,ARM,GNMA,Borrower 993,"1915 Main St, Unit 12",Residential Property (1-4 Units),CE1,CA,East,4,REO,Sarah Jenkins,2022-09-19,2052-09-11,2026-04-20,3176,30-Day Delinquent,30,444871,0,747218,850146,2022-09-04,607,52.33,2025-11-25,2540,64,DDA-84713,46087,2026-03-20,2026-03-21
East West Bank,EWB-1000994,Equity,FNMA,Borrower 994,"8529 Main St, Unit 13",Commercial & Multi-Family (5+ Units),CE1,IL,East,3,REO,Christopher Thomas,2022-01-23,2052-01-16,2026-04-20,2767,Current,0,716624,0,967052,1146282,2022-01-08,680,62.52,2025-11-03,2244,921,DDA-92647,40458,2026-03-06,2026-03-18
East West Bank,EWB-1000995,Construction,FHLMC,Borrower 995,"7356 Main St, Unit 43",Commercial & Multi-Family (5+ Units),CS1,NJ,South,2,REO,Daniel Martin,2023-08-13,2053-08-05,2026-04-20,3504,Current,0,760481,0,869401,1030615,2023-07-29,610,73.79,2025-12-29,1257,762,DDA-34456,28403,2026-03-08,2026-03-20
East West Bank,EWB-1000996,Equity,FHLMC,Borrower 996,"5398 Main St, Unit 16",Commercial & Multi-Family (5+ Units),HE1,MA,North,1,DIS,Matthew Moore,2023-06-28,2053-06-20,2026-04-20,4720,90-Day Delinquent,90,761989,2958,1251928,1213393,2023-06-13,730,62.8,2025-12-17,3846,422,DDA-72859,22642,2026-03-10,2026-03-18
East West Bank,EWB-1000997,Foreign National,EWB-INT,Borrower 997,"9525 Main St, Unit 46",Residential Property (1-4 Units),CR1,WA,East,4,FC,Daniel Martin,2023-03-24,2053-03-16,2026-04-20,1201,Current,0,131590,0,153191,146143,2023-03-09,793,90.04,2025-12-21,3637,508,DDA-62346,32393,2026-02-21,2026-03-19
East West Bank,EWB-1000998,Lot Loan,FHLMC,Borrower 998,"2333 Main St, Unit 23",Residential Property (1-4 Units),CE1,NJ,South,1,DIS,Donald Martinez,2022-05-07,2052-04-29,2026-04-20,3881,Current,0,719941,0,778864,745838,2022-04-22,713,96.53,2025-12-14,4159,724,DDA-87792,30273,2026-02-28,2026-03-17
East West Bank,EWB-1000999,Foreign National,FHLMC,Borrower 999,"8342 Main St, Unit 32",Commercial & Multi-Family (5+ Units),LC1,FL,South,4,LEG,Richard Davis,2022-03-13,2052-03-05,2026-04-20,1441,60-Day Delinquent,60,969960,0,1202207,1254267,2022-02-26,741,77.33,2025-11-02,4769,439,DDA-74968,34886,2026-02-28,2026-03-18
East West Bank,EWB-1001000,Construction,FHLMC,Borrower 1000,"471 Main St, Unit 17",Commercial & Multi-Family (5+ Units),CR1,MA,North,3,LEG,Joseph White,2023-02-15,2053-02-07,2026-04-20,1859,Current,0,253200,0,370169,397390,2023-01-31,797,63.72,2025-12-12,2180,885,DDA-54036,38769,2026-03-12,2026-03-20
